{
  "branches": {
    "bare": "BHSM_BARE_V1",
    "dressed_candidate": "BHSM_DRESSED_V1_CANDIDATE"
  },
  "constants": {
    "S": 0.07957747154594767,
    "a": 1.157054135733433
  },
  "dressing_rule": {
    "affects_only": "c/t",
    "factor": 0.5,
    "status": "CANDIDATE"
  },
  "outputs": {
    "c/t": {
      "bare": 0.008310500554068288,
      "changed": true,
      "dressed_candidate": 0.004155250277034144
    },
    "d/b": {
      "bare": 0.0011165200546001757,
      "changed": false,
      "dressed_candidate": 0.0011165200546001757
    },
    "s/b": {
      "bare": 0.021933971495439474,
      "changed": false,
      "dressed_candidate": 0.021933971495439474
    },
    "sin_theta_13": {
      "bare": 0.0035623676140463315,
      "changed": false,
      "dressed_candidate": 0.0035623676140463315
    },
    "u/t": {
      "bare": 1.2690463017606151e-05,
      "changed": false,
      "dressed_candidate": 1.2690463017606151e-05
    }
  },
  "version": "v1.2.0"
}
