block,index,E_GeV,R,stat_abs,sys_component
CHPT,1, 2.79140359999999976E-001, 0.00000000000000000E+000, 0.00000000000000000E+000, 0.00000000000000000E+000
CHPT,2, 2.84729999999999983E-001, 2.01000000000000007E-003, 1.00000000000000008E-005, 0.00000000000000000E+000
CHPT,3, 2.90310000000000012E-001, 5.68999999999999975E-003, 6.99999999999999939E-005, 2.00000000000000016E-005
CHPT,4, 2.95899999999999996E-001, 1.04600000000000005E-002, 1.60000000000000013E-004, 4.00000000000000033E-005
CHPT,5, 3.01480000000000026E-001, 1.61099999999999993E-002, 3.10000000000000000E-004, 6.99999999999999939E-005
CHPT,6, 3.07070000000000010E-001, 2.25099999999999988E-002, 5.00000000000000010E-004, 1.10000000000000004E-004
CHPT,7, 3.12659999999999993E-001, 2.95799999999999987E-002, 7.39999999999999989E-004, 1.60000000000000013E-004
CHPT,8, 3.18240000000000023E-001, 3.72400000000000023E-002, 1.01000000000000005E-003, 2.20000000000000008E-004
CHPT,9, 3.23830000000000007E-001, 4.54499999999999973E-002, 1.30999999999999997E-003, 2.70000000000000003E-004
CHPT,10, 3.29409999999999981E-001, 5.41499999999999967E-002, 1.63999999999999996E-003, 3.40000000000000024E-004
CHPT,11, 3.35000000000000020E-001, 6.33200000000000013E-002, 2.00000000000000004E-003, 4.00000000000000019E-004
CHPT,12, 3.44999999999999973E-001, 8.41999999999999971E-002, 3.09999999999999989E-003, 1.78999999999999992E-002
CHPT,13, 3.54999999999999982E-001, 1.01599999999999996E-001, 3.59999999999999990E-003, 1.77000000000000005E-002
CHPT,14, 3.55999999999999983E-001, 1.02999999999999994E-001, 3.70000000000000016E-003, 1.72000000000000000E-002
CHPT,15, 3.59999999999999987E-001, 1.13400000000000001E-001, 4.30000000000000000E-003, 1.17000000000000003E-002
CHPT,16, 3.64999999999999991E-001, 1.20099999999999998E-001, 4.49999999999999966E-003, 1.14999999999999998E-002
CHPT,17, 3.69999999999999996E-001, 1.31800000000000000E-001, 4.10000000000000035E-003, 8.89999999999999993E-003
CHPT,18, 3.75000000000000000E-001, 1.39699999999999991E-001, 4.30000000000000000E-003, 9.10000000000000045E-003
CHPT,19, 3.80000000000000004E-001, 1.51700000000000002E-001, 4.59999999999999992E-003, 9.29999999999999924E-003
CHPT,20, 3.85000000000000009E-001, 1.64099999999999996E-001, 4.79999999999999958E-003, 9.40000000000000037E-003
CHPT,21, 3.90000000000000013E-001, 1.72300000000000009E-001, 4.89999999999999984E-003, 8.60000000000000001E-003
CHPT,22, 3.95000000000000018E-001, 1.82299999999999990E-001, 4.89999999999999984E-003, 8.50000000000000061E-003
CHPT,23, 4.00000000000000022E-001, 1.97899999999999993E-001, 5.00000000000000010E-003, 8.30000000000000009E-003
CHPT,24, 4.05000000000000027E-001, 2.12900000000000006E-001, 5.30000000000000002E-003, 8.60000000000000001E-003
CHPT,25, 4.09999999999999976E-001, 2.21799999999999997E-001, 5.40000000000000029E-003, 7.40000000000000033E-003
CHPT,26, 4.14999999999999980E-001, 2.30399999999999994E-001, 5.49999999999999968E-003, 6.70000000000000023E-003
CHPT,27, 4.19999999999999984E-001, 2.44700000000000001E-001, 5.70000000000000021E-003, 6.49999999999999970E-003
CHPT,28, 4.21999999999999986E-001, 2.47400000000000009E-001, 5.70000000000000021E-003, 5.59999999999999994E-003
CHPT,29, 4.24999999999999989E-001, 2.57599999999999996E-001, 5.89999999999999986E-003, 5.70000000000000021E-003
CHPT,30, 4.29999999999999993E-001, 2.70500000000000018E-001, 5.89999999999999986E-003, 5.70000000000000021E-003
CHPT,31, 4.34999999999999998E-001, 2.82700000000000007E-001, 6.00000000000000012E-003, 5.70000000000000021E-003
CHPT,32, 4.38000000000000000E-001, 2.92200000000000015E-001, 6.30000000000000004E-003, 5.79999999999999960E-003
CHPT,33, 4.40000000000000002E-001, 2.97999999999999987E-001, 6.40000000000000031E-003, 5.70000000000000021E-003
CHPT,34, 4.45000000000000007E-001, 3.12199999999999978E-001, 6.70000000000000023E-003, 5.79999999999999960E-003
CHPT,35, 4.50000000000000011E-001, 3.22599999999999998E-001, 6.79999999999999962E-003, 5.79999999999999960E-003
CHPT,36, 4.55000000000000016E-001, 3.32399999999999973E-001, 6.79999999999999962E-003, 5.70000000000000021E-003
CHPT,37, 4.60000000000000020E-001, 3.49700000000000011E-001, 7.10000000000000041E-003, 5.70000000000000021E-003
LOW_BG,1, 3.04999999999999993E-001, 2.87600000000000008E-002, 2.61999999999999993E-003, 1.41700000000000003E-002
LOW_BG,2, 3.15000000000000002E-001, 4.18999999999999997E-002, 3.05000000000000019E-003, 1.24899999999999994E-002
LOW_BG,3, 3.18000000000000005E-001, 4.18800000000000006E-002, 2.06999999999999979E-003, 3.02800000000000014E-002
LOW_BG,4, 3.30000000000000016E-001, 5.85699999999999971E-002, 2.55000000000000018E-003, 1.81800000000000017E-002
LOW_BG,5, 3.44999999999999973E-001, 8.33900000000000058E-002, 3.25999999999999988E-003, 1.88700000000000014E-002
LOW_BG,6, 3.54999999999999982E-001, 1.01000000000000006E-001, 3.78999999999999997E-003, 1.91099999999999985E-002
LOW_BG,7, 3.59999999999999987E-001, 1.13260000000000000E-001, 4.53000000000000017E-003, 1.03099999999999997E-002
LOW_BG,8, 3.64999999999999991E-001, 1.20270000000000002E-001, 4.70000000000000018E-003, 1.01700000000000002E-002
LOW_BG,9, 3.69999999999999996E-001, 1.32310000000000011E-001, 4.30000000000000000E-003, 8.21000000000000028E-003
LOW_BG,10, 3.75000000000000000E-001, 1.40259999999999996E-001, 4.53000000000000017E-003, 7.55000000000000029E-003
LOW_BG,11, 3.80000000000000004E-001, 1.52480000000000004E-001, 4.78999999999999999E-003, 7.51999999999999977E-003
LOW_BG,12, 3.85000000000000009E-001, 1.64869999999999989E-001, 5.04000000000000021E-003, 8.50000000000000061E-003
LOW_BG,13, 3.90000000000000013E-001, 1.72660000000000008E-001, 5.06999999999999985E-003, 7.96999999999999965E-003
LOW_BG,14, 3.95000000000000018E-001, 1.82350000000000012E-001, 5.04000000000000021E-003, 7.53000000000000023E-003
LOW_BG,15, 4.00000000000000022E-001, 1.98039999999999994E-001, 5.15000000000000006E-003, 8.78999999999999920E-003
LOW_BG,16, 4.05000000000000027E-001, 2.13129999999999986E-001, 5.40999999999999988E-003, 9.36999999999999986E-003
LOW_BG,17, 4.09999999999999976E-001, 2.21890000000000004E-001, 5.51999999999999973E-003, 8.08000000000000038E-003
LOW_BG,18, 4.14999999999999980E-001, 2.30369999999999991E-001, 5.62000000000000000E-003, 6.51000000000000016E-003
LOW_BG,19, 4.19999999999999984E-001, 2.44810000000000000E-001, 5.89000000000000027E-003, 6.36000000000000020E-003
LOW_BG,20, 4.24999999999999989E-001, 2.57940000000000003E-001, 6.08999999999999993E-003, 5.25000000000000033E-003
LOW_BG,21, 4.29999999999999993E-001, 2.71040000000000003E-001, 6.08000000000000033E-003, 5.36000000000000018E-003
LOW_BG,22, 4.34999999999999998E-001, 2.82559999999999978E-001, 6.21999999999999983E-003, 5.53000000000000019E-003
LOW_BG,23, 4.38000000000000000E-001, 2.91820000000000024E-001, 6.45000000000000000E-003, 5.66999999999999969E-003
LOW_BG,24, 4.40000000000000002E-001, 2.97370000000000023E-001, 6.59000000000000037E-003, 5.59999999999999994E-003
LOW_BG,25, 4.45000000000000007E-001, 3.11589999999999978E-001, 6.94999999999999958E-003, 5.68000000000000015E-003
LOW_BG,26, 4.50000000000000011E-001, 3.22330000000000005E-001, 7.02999999999999979E-003, 5.68000000000000015E-003
LOW_BG,27, 4.55000000000000016E-001, 3.32179999999999975E-001, 7.04999999999999984E-003, 5.62000000000000000E-003
LOW_BG,28, 4.60000000000000020E-001, 3.49829999999999974E-001, 7.38000000000000028E-003, 5.62000000000000000E-003
LOW_BG,29, 4.65000000000000024E-001, 3.67680000000000007E-001, 7.70000000000000025E-003, 5.36000000000000018E-003
LOW_BG,30, 4.69999999999999973E-001, 3.86019999999999974E-001, 7.99000000000000057E-003, 5.10000000000000037E-003
LOW_BG,31, 4.74999999999999978E-001, 4.09970000000000001E-001, 8.51000000000000020E-003, 5.04000000000000021E-003
LOW_BG,32, 4.79999999999999982E-001, 4.31230000000000002E-001, 8.77000000000000002E-003, 4.98000000000000005E-003
LOW_BG,33, 4.82999999999999985E-001, 4.41940000000000000E-001, 8.94999999999999962E-003, 4.91000000000000030E-003
LOW_BG,34, 4.84999999999999987E-001, 4.49149999999999994E-001, 9.06999999999999994E-003, 4.91000000000000030E-003
LOW_BG,35, 4.94999999999999996E-001, 4.79779999999999984E-001, 9.25999999999999913E-003, 4.83000000000000009E-003
LOW_BG,36, 5.01000000000000001E-001, 4.94180000000000008E-001, 1.09999999999999994E-002, 5.57999999999999989E-003
LOW_BG,37, 5.03000000000000003E-001, 5.05510000000000015E-001, 1.05500000000000003E-002, 5.44000000000000039E-003
LOW_BG,38, 5.05000000000000004E-001, 5.19179999999999975E-001, 1.06499999999999997E-002, 5.38999999999999983E-003
LOW_BG,39, 5.07000000000000006E-001, 5.22789999999999977E-001, 1.13600000000000003E-002, 5.47000000000000004E-003
LOW_BG,40, 5.09000000000000008E-001, 5.30540000000000012E-001, 1.23599999999999995E-002, 5.59000000000000035E-003
LOW_BG,41, 5.11000000000000010E-001, 5.41030000000000011E-001, 1.21399999999999997E-002, 5.51999999999999973E-003
LOW_BG,42, 5.13000000000000012E-001, 5.64019999999999966E-001, 1.30799999999999996E-002, 5.59999999999999994E-003
LOW_BG,43, 5.15000000000000013E-001, 5.61969999999999970E-001, 1.24399999999999997E-002, 5.53999999999999979E-003
LOW_BG,44, 5.17000000000000015E-001, 5.72690000000000032E-001, 1.10299999999999999E-002, 5.32999999999999967E-003
LOW_BG,45, 5.19000000000000017E-001, 5.82289999999999974E-001, 1.14699999999999993E-002, 5.81999999999999965E-003
LOW_BG,46, 5.21000000000000019E-001, 5.80080000000000040E-001, 1.18799999999999999E-002, 5.44999999999999998E-003
LOW_BG,47, 5.23000000000000020E-001, 6.02310000000000012E-001, 1.31800000000000007E-002, 5.53000000000000019E-003
LOW_BG,48, 5.25000000000000022E-001, 6.24569999999999959E-001, 1.40000000000000003E-002, 5.55000000000000025E-003
LOW_BG,49, 5.27000000000000024E-001, 6.35120000000000018E-001, 1.17400000000000004E-002, 5.32000000000000008E-003
LOW_BG,50, 5.29000000000000026E-001, 6.54440000000000022E-001, 1.17999999999999997E-002, 5.29000000000000043E-003
LOW_BG,51, 5.31000000000000028E-001, 6.63259999999999961E-001, 1.37400000000000005E-002, 5.64999999999999964E-003
LOW_BG,52, 5.33000000000000029E-001, 6.79629999999999956E-001, 1.37199999999999996E-002, 5.64000000000000005E-003
LOW_BG,53, 5.35000000000000031E-001, 7.01720000000000010E-001, 1.24600000000000006E-002, 5.38999999999999983E-003
LOW_BG,54, 5.37000000000000033E-001, 7.21570000000000045E-001, 1.21499999999999993E-002, 5.32999999999999967E-003
LOW_BG,55, 5.39000000000000035E-001, 7.27589999999999959E-001, 1.25900000000000005E-002, 5.44999999999999998E-003
LOW_BG,56, 5.40000000000000036E-001, 7.38099999999999978E-001, 1.31199999999999997E-002, 5.55000000000000025E-003
LOW_BG,57, 5.41000000000000036E-001, 7.48219999999999996E-001, 1.36799999999999995E-002, 5.64000000000000005E-003
LOW_BG,58, 5.43000000000000038E-001, 7.67750000000000044E-001, 1.33500000000000008E-002, 5.57000000000000030E-003
LOW_BG,59, 5.45000000000000040E-001, 7.72159999999999958E-001, 1.35200000000000008E-002, 5.57999999999999989E-003
LOW_BG,60, 5.47000000000000042E-001, 7.97869999999999968E-001, 1.43800000000000004E-002, 5.57999999999999989E-003
LOW_BG,61, 5.49000000000000044E-001, 8.11139999999999972E-001, 1.31599999999999998E-002, 5.29000000000000043E-003
LOW_BG,62, 5.51000000000000045E-001, 8.20379999999999998E-001, 1.40199999999999995E-002, 5.36000000000000018E-003
LOW_BG,63, 5.53000000000000047E-001, 8.27110000000000012E-001, 1.47700000000000001E-002, 5.42000000000000034E-003
LOW_BG,64, 5.55000000000000049E-001, 8.53829999999999978E-001, 1.47799999999999997E-002, 5.32999999999999967E-003
LOW_BG,65, 5.57000000000000051E-001, 8.57410000000000005E-001, 1.51699999999999995E-002, 5.34999999999999972E-003
LOW_BG,66, 5.59000000000000052E-001, 8.61859999999999959E-001, 1.31000000000000005E-002, 5.04999999999999980E-003
LOW_BG,67, 5.61000000000000054E-001, 8.88920000000000043E-001, 1.49300000000000006E-002, 5.21999999999999981E-003
LOW_BG,68, 5.62999999999999945E-001, 9.09250000000000003E-001, 1.54699999999999994E-002, 5.21999999999999981E-003
LOW_BG,69, 5.64999999999999947E-001, 9.22780000000000045E-001, 1.57599999999999997E-002, 5.19999999999999976E-003
LOW_BG,70, 5.66999999999999948E-001, 9.29620000000000002E-001, 1.53399999999999995E-002, 5.13000000000000001E-003
LOW_BG,71, 5.68999999999999950E-001, 9.63879999999999959E-001, 1.59800000000000011E-002, 5.62000000000000000E-003
LOW_BG,72, 5.70999999999999952E-001, 9.66520000000000046E-001, 1.57300000000000009E-002, 5.10999999999999996E-003
LOW_BG,73, 5.72999999999999954E-001, 9.78530000000000011E-001, 1.64699999999999985E-002, 5.17000000000000012E-003
LOW_BG,74, 5.74999999999999956E-001, 1.01028999999999991E+000, 1.45900000000000005E-002, 4.91999999999999989E-003
LOW_BG,75, 5.76999999999999957E-001, 1.04333999999999993E+000, 1.70699999999999984E-002, 5.15000000000000006E-003
LOW_BG,76, 5.78999999999999959E-001, 1.04102999999999990E+000, 1.66999999999999996E-002, 5.08000000000000031E-003
LOW_BG,77, 5.80999999999999961E-001, 1.07590000000000008E+000, 1.75100000000000013E-002, 5.10999999999999996E-003
LOW_BG,78, 5.82999999999999963E-001, 1.09231999999999996E+000, 1.62600000000000001E-002, 4.96999999999999959E-003
LOW_BG,79, 5.84999999999999964E-001, 1.12233000000000005E+000, 1.68099999999999986E-002, 5.06000000000000026E-003
LOW_BG,80, 5.86999999999999966E-001, 1.14510000000000001E+000, 1.62199999999999983E-002, 4.91999999999999989E-003
LOW_BG,81, 5.88999999999999968E-001, 1.16019999999999990E+000, 1.72999999999999994E-002, 5.00999999999999970E-003
LOW_BG,82, 5.90999999999999970E-001, 1.17334000000000005E+000, 1.65800000000000010E-002, 4.95000000000000041E-003
LOW_BG,83, 5.91999999999999971E-001, 1.19585999999999992E+000, 1.61500000000000012E-002, 4.89000000000000025E-003
LOW_BG,84, 5.92999999999999972E-001, 1.21900999999999993E+000, 1.57099999999999983E-002, 4.83000000000000009E-003
LOW_BG,85, 5.94999999999999973E-001, 1.25317999999999996E+000, 1.78299999999999986E-002, 4.98999999999999964E-003
LOW_BG,86, 5.96999999999999975E-001, 1.29547999999999996E+000, 1.75100000000000013E-002, 5.13000000000000001E-003
LOW_BG,87, 5.98999999999999977E-001, 1.32837999999999989E+000, 1.83099999999999999E-002, 5.93999999999999997E-003
LOW_BG,88, 5.99999999999999978E-001, 1.33948000000000000E+000, 1.67700000000000002E-002, 4.30000000000000000E-003
LOW_BG,89, 6.00999999999999979E-001, 1.34643000000000002E+000, 1.62899999999999989E-002, 3.75999999999999989E-003
LOW_BG,90, 6.01999999999999980E-001, 1.36526999999999998E+000, 1.58100000000000011E-002, 3.66000000000000006E-003
LOW_BG,91, 6.02999999999999980E-001, 1.37021999999999999E+000, 1.46000000000000001E-002, 4.89000000000000025E-003
LOW_BG,92, 6.04999999999999982E-001, 1.39921999999999991E+000, 1.55099999999999995E-002, 4.85999999999999974E-003
LOW_BG,93, 6.06999999999999984E-001, 1.42818000000000001E+000, 1.65700000000000014E-002, 4.70000000000000018E-003
LOW_BG,94, 6.07999999999999985E-001, 1.44307000000000007E+000, 1.66900000000000000E-002, 4.42000000000000032E-003
LOW_BG,95, 6.08999999999999986E-001, 1.45865000000000000E+000, 1.67999999999999990E-002, 4.06000000000000024E-003
LOW_BG,96, 6.09999999999999987E-001, 1.47669000000000006E+000, 1.63799999999999987E-002, 3.67000000000000009E-003
LOW_BG,97, 6.10999999999999988E-001, 1.49526000000000003E+000, 1.58699999999999987E-002, 3.35000000000000011E-003
LOW_BG,98, 6.12999999999999989E-001, 1.52787999999999990E+000, 1.54299999999999993E-002, 3.24999999999999985E-003
LOW_BG,99, 6.14999999999999991E-001, 1.56198999999999999E+000, 1.74300000000000010E-002, 3.50000000000000007E-003
LOW_BG,100, 6.15999999999999992E-001, 1.58268000000000009E+000, 1.76399999999999994E-002, 3.51000000000000010E-003
LOW_BG,101, 6.16999999999999993E-001, 1.60338000000000003E+000, 1.78400000000000017E-002, 3.51000000000000010E-003
LOW_BG,102, 6.18999999999999995E-001, 1.64287000000000005E+000, 1.57699999999999993E-002, 3.19000000000000013E-003
LOW_BG,103, 6.20999999999999996E-001, 1.67735999999999996E+000, 1.76700000000000017E-002, 3.41999999999999986E-003
LOW_BG,104, 6.22999999999999998E-001, 1.73083999999999993E+000, 1.77000000000000005E-002, 3.37000000000000017E-003
LOW_BG,105, 6.23999999999999999E-001, 1.74258000000000002E+000, 1.77900000000000003E-002, 3.38000000000000019E-003
LOW_BG,106, 6.25000000000000000E-001, 1.75459000000000009E+000, 1.78600000000000009E-002, 3.38999999999999978E-003
LOW_BG,107, 6.27000000000000002E-001, 1.80773000000000006E+000, 1.83299999999999991E-002, 3.42999999999999989E-003
LOW_BG,108, 6.29000000000000004E-001, 1.85011999999999999E+000, 1.77299999999999992E-002, 3.34000000000000009E-003
LOW_BG,109, 6.31000000000000005E-001, 1.92189000000000010E+000, 1.81900000000000013E-002, 3.71000000000000019E-003
LOW_BG,110, 6.32000000000000006E-001, 1.94089000000000000E+000, 1.79899999999999990E-002, 3.34000000000000009E-003
LOW_BG,111, 6.33000000000000007E-001, 1.95947000000000005E+000, 1.77800000000000007E-002, 3.32000000000000003E-003
LOW_BG,112, 6.35000000000000009E-001, 2.00974999999999993E+000, 1.82599999999999985E-002, 3.37000000000000017E-003
LOW_BG,113, 6.37000000000000011E-001, 2.05568999999999980E+000, 1.84099999999999993E-002, 3.38999999999999978E-003
LOW_BG,114, 6.39000000000000012E-001, 2.08631000000000011E+000, 1.82800000000000011E-002, 3.37000000000000017E-003
LOW_BG,115, 6.40000000000000013E-001, 2.12410999999999994E+000, 1.82100000000000005E-002, 3.34000000000000009E-003
LOW_BG,116, 6.41000000000000014E-001, 2.16280999999999990E+000, 1.81200000000000007E-002, 3.29999999999999998E-003
LOW_BG,117, 6.43000000000000016E-001, 2.21383999999999981E+000, 1.88199999999999999E-002, 3.37000000000000017E-003
LOW_BG,118, 6.45000000000000018E-001, 2.26334999999999997E+000, 1.72899999999999998E-002, 3.17000000000000007E-003
LOW_BG,119, 6.47000000000000020E-001, 2.31978000000000018E+000, 1.85300000000000013E-002, 3.31000000000000001E-003
LOW_BG,120, 6.48000000000000020E-001, 2.36093000000000020E+000, 1.83299999999999991E-002, 3.26999999999999990E-003
LOW_BG,121, 6.49000000000000021E-001, 2.40260000000000007E+000, 1.81200000000000007E-002, 3.22999999999999980E-003
LOW_BG,122, 6.51000000000000023E-001, 2.46146999999999982E+000, 1.78700000000000005E-002, 3.20000000000000015E-003
LOW_BG,123, 6.53000000000000025E-001, 2.51534000000000013E+000, 1.81100000000000011E-002, 3.22999999999999980E-003
LOW_BG,124, 6.55000000000000027E-001, 2.56964000000000015E+000, 1.79300000000000015E-002, 3.21000000000000018E-003
LOW_BG,125, 6.56000000000000028E-001, 2.60076999999999980E+000, 1.78099999999999994E-002, 3.19000000000000013E-003
LOW_BG,126, 6.57000000000000028E-001, 2.63195999999999986E+000, 1.76800000000000013E-002, 3.18000000000000010E-003
LOW_BG,127, 6.59000000000000030E-001, 2.69598000000000004E+000, 1.74400000000000006E-002, 3.15000000000000002E-003
LOW_BG,128, 6.61000000000000032E-001, 2.76359000000000021E+000, 1.68600000000000000E-002, 3.07999999999999984E-003
LOW_BG,129, 6.63000000000000034E-001, 2.84236999999999984E+000, 1.68200000000000016E-002, 3.05000000000000019E-003
LOW_BG,130, 6.65000000000000036E-001, 2.92919999999999980E+000, 1.65800000000000010E-002, 3.18000000000000010E-003
LOW_BG,131, 6.67000000000000037E-001, 3.00631000000000004E+000, 1.78600000000000009E-002, 3.10999999999999992E-003
LOW_BG,132, 6.69000000000000039E-001, 3.09863000000000000E+000, 1.94100000000000002E-002, 3.22000000000000021E-003
LOW_BG,133, 6.71000000000000041E-001, 3.19789000000000012E+000, 2.04800000000000017E-002, 3.27999999999999993E-003
LOW_BG,134, 6.73000000000000043E-001, 3.31525999999999987E+000, 2.11399999999999991E-002, 3.28999999999999996E-003
LOW_BG,135, 6.75000000000000044E-001, 3.39416999999999991E+000, 2.25600000000000002E-002, 3.38000000000000019E-003
LOW_BG,136, 6.77000000000000046E-001, 3.49164999999999992E+000, 2.32400000000000002E-002, 3.40999999999999984E-003
LOW_BG,137, 6.78000000000000047E-001, 3.54240999999999984E+000, 2.34499999999999986E-002, 3.62999999999999998E-003
LOW_BG,138, 6.79000000000000048E-001, 3.59492000000000012E+000, 2.37200000000000015E-002, 3.83000000000000007E-003
LOW_BG,139, 6.81000000000000050E-001, 3.69710999999999990E+000, 2.43699999999999993E-002, 4.15000000000000004E-003
LOW_BG,140, 6.83000000000000052E-001, 3.78562999999999983E+000, 2.54600000000000000E-002, 3.95000000000000039E-003
LOW_BG,141, 6.85000000000000053E-001, 3.90471000000000013E+000, 2.61799999999999984E-002, 4.17000000000000010E-003
LOW_BG,142, 6.86000000000000054E-001, 3.96318999999999999E+000, 2.59300000000000017E-002, 4.06999999999999983E-003
LOW_BG,143, 6.87000000000000055E-001, 4.02210999999999963E+000, 2.56300000000000000E-002, 4.00999999999999968E-003
LOW_BG,144, 6.87999999999999945E-001, 4.06655000000000033E+000, 2.58099999999999996E-002, 3.52000000000000013E-003
LOW_BG,145, 6.88999999999999946E-001, 4.11111000000000004E+000, 2.59600000000000004E-002, 3.28999999999999996E-003
LOW_BG,146, 6.90999999999999948E-001, 4.25570000000000004E+000, 2.71300000000000013E-002, 4.38000000000000021E-003
LOW_BG,147, 6.92999999999999949E-001, 4.37267999999999990E+000, 2.58000000000000000E-002, 3.28999999999999996E-003
LOW_BG,148, 6.94999999999999951E-001, 4.52207999999999988E+000, 2.65899999999999991E-002, 3.96999999999999957E-003
LOW_BG,149, 6.96999999999999953E-001, 4.65779000000000032E+000, 2.75600000000000012E-002, 4.32999999999999965E-003
LOW_BG,150, 6.97999999999999954E-001, 4.71382000000000012E+000, 2.76099999999999991E-002, 4.00999999999999968E-003
LOW_BG,151, 6.98999999999999955E-001, 4.76881000000000022E+000, 2.76299999999999983E-002, 3.72000000000000022E-003
LOW_BG,152, 6.99999999999999956E-001, 4.83255999999999997E+000, 2.77699999999999995E-002, 3.70000000000000016E-003
LOW_BG,153, 7.00999999999999956E-001, 4.89714999999999989E+000, 2.79699999999999983E-002, 3.68000000000000011E-003
LOW_BG,154, 7.02999999999999958E-001, 5.01179000000000041E+000, 2.84599999999999992E-002, 3.45999999999999997E-003
LOW_BG,155, 7.04999999999999960E-001, 5.15235000000000021E+000, 2.81700000000000006E-002, 3.27999999999999993E-003
LOW_BG,156, 7.06999999999999962E-001, 5.32566000000000006E+000, 2.91800000000000011E-002, 3.91999999999999987E-003
LOW_BG,157, 7.08999999999999964E-001, 5.44819000000000031E+000, 2.92500000000000017E-002, 3.33000000000000006E-003
LOW_BG,158, 7.10999999999999965E-001, 5.62509999999999977E+000, 3.01900000000000016E-002, 3.36000000000000014E-003
LOW_BG,159, 7.12999999999999967E-001, 5.79689000000000032E+000, 3.04299999999999987E-002, 3.35000000000000011E-003
LOW_BG,160, 7.13999999999999968E-001, 5.86986999999999970E+000, 3.06899999999999985E-002, 3.36000000000000014E-003
LOW_BG,161, 7.14999999999999969E-001, 5.94341000000000008E+000, 3.09299999999999992E-002, 3.37000000000000017E-003
LOW_BG,162, 7.16999999999999971E-001, 6.12591999999999981E+000, 3.08100000000000006E-002, 3.33000000000000006E-003
LOW_BG,163, 7.18999999999999972E-001, 6.28258999999999990E+000, 3.08299999999999998E-002, 3.29999999999999998E-003
LOW_BG,164, 7.20999999999999974E-001, 6.42546999999999979E+000, 3.25099999999999972E-002, 3.35000000000000011E-003
LOW_BG,165, 7.22999999999999976E-001, 6.58962999999999965E+000, 3.37599999999999983E-002, 3.33000000000000006E-003
LOW_BG,166, 7.24999999999999978E-001, 6.70302000000000042E+000, 3.43100000000000002E-002, 3.29999999999999998E-003
LOW_BG,167, 7.26999999999999980E-001, 6.85862999999999978E+000, 3.37999999999999967E-002, 3.19000000000000013E-003
LOW_BG,168, 7.27999999999999980E-001, 6.92612000000000005E+000, 3.47500000000000031E-002, 3.22000000000000021E-003
LOW_BG,169, 7.28999999999999981E-001, 6.99629000000000012E+000, 3.55299999999999991E-002, 3.24999999999999985E-003
LOW_BG,170, 7.30999999999999983E-001, 7.12666999999999984E+000, 3.50600000000000009E-002, 3.19000000000000013E-003
LOW_BG,171, 7.32999999999999985E-001, 7.30696000000000012E+000, 3.52099999999999982E-002, 3.16000000000000005E-003
LOW_BG,172, 7.34999999999999987E-001, 7.43871000000000038E+000, 3.64700000000000024E-002, 3.19000000000000013E-003
LOW_BG,173, 7.36999999999999988E-001, 7.60651999999999973E+000, 3.54900000000000007E-002, 3.08999999999999986E-003
LOW_BG,174, 7.38999999999999990E-001, 7.75675999999999988E+000, 3.72100000000000000E-002, 3.50000000000000007E-003
LOW_BG,175, 7.40999999999999992E-001, 7.89576999999999973E+000, 3.68199999999999986E-002, 3.02000000000000011E-003
LOW_BG,176, 7.41999999999999993E-001, 7.96471000000000018E+000, 3.83300000000000030E-002, 3.04000000000000017E-003
LOW_BG,177, 7.42999999999999994E-001, 8.03536000000000072E+000, 3.98499999999999965E-002, 3.05999999999999979E-003
LOW_BG,178, 7.44999999999999996E-001, 8.14226999999999990E+000, 4.05399999999999996E-002, 2.99000000000000004E-003
LOW_BG,179, 7.46999999999999997E-001, 8.25122000000000000E+000, 4.54299999999999982E-002, 3.12999999999999997E-003
LOW_BG,180, 7.47999999999999998E-001, 8.31788000000000061E+000, 4.63300000000000031E-002, 3.14000000000000000E-003
LOW_BG,181, 7.48999999999999999E-001, 8.37748999999999988E+000, 4.65599999999999972E-002, 3.11999999999999994E-003
LOW_BG,182, 7.50000000000000000E-001, 8.41633999999999993E+000, 4.60199999999999984E-002, 3.08999999999999986E-003
LOW_BG,183, 7.51000000000000001E-001, 8.44279000000000046E+000, 4.52600000000000016E-002, 3.05999999999999979E-003
LOW_BG,184, 7.53000000000000003E-001, 8.52017000000000024E+000, 4.56799999999999984E-002, 3.16000000000000005E-003
LOW_BG,185, 7.55000000000000004E-001, 8.64333000000000062E+000, 4.48700000000000002E-002, 3.24999999999999985E-003
LOW_BG,186, 7.57000000000000006E-001, 8.66574999999999918E+000, 4.61999999999999980E-002, 3.36000000000000014E-003
LOW_BG,187, 7.59000000000000008E-001, 8.74447999999999936E+000, 4.56400000000000000E-002, 3.32000000000000003E-003
LOW_BG,188, 7.61000000000000010E-001, 8.82047999999999988E+000, 4.46399999999999991E-002, 3.36000000000000014E-003
LOW_BG,189, 7.62000000000000011E-001, 8.85040000000000049E+000, 4.25000000000000031E-002, 3.32000000000000003E-003
LOW_BG,190, 7.63000000000000012E-001, 8.87443999999999988E+000, 4.01800000000000004E-002, 3.28999999999999996E-003
LOW_BG,191, 7.65000000000000013E-001, 8.88254000000000055E+000, 3.93900000000000014E-002, 3.31000000000000001E-003
LOW_BG,192, 7.67000000000000015E-001, 8.89728000000000030E+000, 3.88300000000000034E-002, 3.26999999999999990E-003
LOW_BG,193, 7.68000000000000016E-001, 8.92539000000000016E+000, 4.03600000000000000E-002, 3.31000000000000001E-003
LOW_BG,194, 7.69000000000000017E-001, 8.97624000000000066E+000, 4.44099999999999981E-002, 3.35000000000000011E-003
LOW_BG,195, 7.71000000000000019E-001, 9.02252999999999972E+000, 4.83499999999999971E-002, 3.35000000000000011E-003
LOW_BG,196, 7.73000000000000020E-001, 9.10383999999999993E+000, 4.78099999999999983E-002, 3.31000000000000001E-003
LOW_BG,197, 7.75000000000000022E-001, 9.13838999999999935E+000, 4.59699999999999970E-002, 4.23999999999999985E-003
LOW_BG,198, 7.77000000000000024E-001, 9.12348000000000070E+000, 4.26100000000000020E-002, 6.08999999999999993E-003
LOW_BG,199, 7.78000000000000025E-001, 9.08929000000000009E+000, 3.85399999999999979E-002, 6.91999999999999994E-003
LOW_BG,200, 7.79000000000000026E-001, 8.91616999999999926E+000, 3.89800000000000008E-002, 7.44000000000000043E-003
LOW_BG,201, 7.81000000000000028E-001, 8.17586000000000013E+000, 4.41300000000000026E-002, 5.55999999999999984E-003
LOW_BG,202, 7.81789999999999985E-001, 7.76560000000000006E+000, 3.82400000000000032E-002, 4.04000000000000019E-003
LOW_BG,203, 7.82660000000000022E-001, 7.22417999999999960E+000, 3.41399999999999967E-002, 3.41999999999999986E-003
LOW_BG,204, 7.83529999999999949E-001, 6.76210999999999984E+000, 3.65600000000000022E-002, 4.78000000000000039E-003
LOW_BG,205, 7.84000000000000030E-001, 6.55879000000000012E+000, 3.73700000000000004E-002, 5.51000000000000014E-003
LOW_BG,206, 7.85000000000000031E-001, 6.18970000000000020E+000, 3.31899999999999973E-002, 7.21000000000000026E-003
LOW_BG,207, 7.87000000000000033E-001, 5.93667000000000034E+000, 3.05199999999999985E-002, 5.59999999999999994E-003
LOW_BG,208, 7.89000000000000035E-001, 5.99071999999999960E+000, 3.74700000000000033E-002, 4.23999999999999985E-003
LOW_BG,209, 7.91000000000000036E-001, 5.97471999999999959E+000, 3.62699999999999967E-002, 3.38999999999999978E-003
LOW_BG,210, 7.93000000000000038E-001, 5.97062000000000026E+000, 3.30999999999999975E-002, 3.15000000000000002E-003
LOW_BG,211, 7.94000000000000039E-001, 5.97003000000000039E+000, 3.17300000000000013E-002, 3.18000000000000010E-003
LOW_BG,212, 7.95000000000000040E-001, 5.95896000000000026E+000, 3.26899999999999968E-002, 3.22999999999999980E-003
LOW_BG,213, 7.97000000000000042E-001, 5.89771999999999963E+000, 3.29100000000000018E-002, 3.25999999999999988E-003
LOW_BG,214, 7.99000000000000044E-001, 5.80499999999999972E+000, 3.17100000000000021E-002, 3.22000000000000021E-003
LOW_BG,215, 8.00000000000000044E-001, 5.77646999999999977E+000, 3.14199999999999965E-002, 3.20000000000000015E-003
LOW_BG,216, 8.01000000000000045E-001, 5.73176000000000041E+000, 3.12400000000000004E-002, 3.20000000000000015E-003
LOW_BG,217, 8.03000000000000047E-001, 5.63490000000000002E+000, 3.18999999999999978E-002, 3.25999999999999988E-003
LOW_BG,218, 8.05000000000000049E-001, 5.53280999999999956E+000, 3.03600000000000016E-002, 3.21000000000000018E-003
LOW_BG,219, 8.06000000000000050E-001, 5.46642999999999990E+000, 2.97199999999999999E-002, 3.19000000000000013E-003
LOW_BG,220, 8.07000000000000051E-001, 5.39949999999999974E+000, 2.90800000000000017E-002, 3.18000000000000010E-003
LOW_BG,221, 8.09000000000000052E-001, 5.27834000000000003E+000, 2.92800000000000005E-002, 3.25999999999999988E-003
LOW_BG,222, 8.09989999999999988E-001, 5.21623000000000037E+000, 2.90699999999999986E-002, 3.26999999999999990E-003
LOW_BG,223, 8.10000000000000053E-001, 5.62647000000000030E+000, 2.94400000000000009E-002, 4.38999999999999981E-003
LOW_BG,224, 8.11000000000000054E-001, 5.54886999999999997E+000, 2.91900000000000007E-002, 4.38000000000000021E-003
LOW_BG,225, 8.12000000000000055E-001, 5.47471999999999959E+000, 2.87299999999999986E-002, 4.38000000000000021E-003
LOW_BG,226, 8.12999999999999945E-001, 5.39876000000000023E+000, 2.82500000000000008E-002, 4.61000000000000038E-003
LOW_BG,227, 8.14999999999999947E-001, 5.28021999999999991E+000, 2.75700000000000008E-002, 4.55000000000000022E-003
LOW_BG,228, 8.16999999999999948E-001, 5.12232999999999983E+000, 2.67100000000000011E-002, 4.32000000000000006E-003
LOW_BG,229, 8.17999999999999949E-001, 5.04361000000000015E+000, 2.58199999999999992E-002, 4.23999999999999985E-003
LOW_BG,230, 8.18999999999999950E-001, 4.96422999999999970E+000, 2.49200000000000012E-002, 4.25000000000000031E-003
LOW_BG,231, 8.20999999999999952E-001, 4.85663000000000000E+000, 2.39100000000000007E-002, 4.15000000000000004E-003
LOW_BG,232, 8.22999999999999954E-001, 4.73759999999999959E+000, 2.41500000000000013E-002, 4.21999999999999979E-003
LOW_BG,233, 8.24999999999999956E-001, 4.59239999999999959E+000, 2.37699999999999995E-002, 4.32000000000000006E-003
LOW_BG,234, 8.26999999999999957E-001, 4.49744999999999973E+000, 2.32799999999999986E-002, 4.42999999999999991E-003
LOW_BG,235, 8.28999999999999959E-001, 4.38163999999999998E+000, 2.26400000000000004E-002, 4.42000000000000032E-003
LOW_BG,236, 8.30999999999999961E-001, 4.25145000000000017E+000, 2.25400000000000010E-002, 4.44000000000000037E-003
LOW_BG,237, 8.32999999999999963E-001, 4.13776000000000010E+000, 2.21100000000000012E-002, 4.38000000000000021E-003
LOW_BG,238, 8.34999999999999964E-001, 4.02090999999999976E+000, 2.15900000000000016E-002, 4.15999999999999964E-003
LOW_BG,239, 8.36999999999999966E-001, 3.91071999999999997E+000, 2.12899999999999999E-002, 4.10999999999999994E-003
LOW_BG,240, 8.38999999999999968E-001, 3.79732000000000003E+000, 2.02999999999999986E-002, 4.02999999999999973E-003
LOW_BG,241, 8.40999999999999970E-001, 3.69100999999999990E+000, 2.05800000000000011E-002, 4.06000000000000024E-003
LOW_BG,242, 8.42999999999999972E-001, 3.59680000000000000E+000, 2.05399999999999992E-002, 4.04999999999999978E-003
LOW_BG,243, 8.44999999999999973E-001, 3.52001000000000008E+000, 1.97400000000000006E-002, 3.98999999999999962E-003
LOW_BG,244, 8.46999999999999975E-001, 3.44620000000000015E+000, 2.03100000000000017E-002, 4.06999999999999983E-003
LOW_BG,245, 8.48999999999999977E-001, 3.34343000000000012E+000, 1.92900000000000016E-002, 4.10999999999999994E-003
LOW_BG,246, 8.50999999999999979E-001, 3.27821000000000007E+000, 1.96500000000000008E-002, 4.17000000000000010E-003
LOW_BG,247, 8.52999999999999980E-001, 3.21148999999999996E+000, 1.96500000000000008E-002, 4.25000000000000031E-003
LOW_BG,248, 8.53999999999999981E-001, 3.15861999999999998E+000, 1.94800000000000008E-002, 4.27999999999999995E-003
LOW_BG,249, 8.54999999999999982E-001, 3.10484999999999989E+000, 1.93000000000000012E-002, 5.13999999999999960E-003
LOW_BG,250, 8.56999999999999984E-001, 3.03155999999999981E+000, 1.85199999999999983E-002, 5.02999999999999975E-003
LOW_BG,251, 8.58999999999999986E-001, 2.97251000000000021E+000, 1.83500000000000017E-002, 4.61000000000000038E-003
LOW_BG,252, 8.59999999999999987E-001, 2.93007000000000017E+000, 1.83299999999999991E-002, 4.93999999999999995E-003
LOW_BG,253, 8.60999999999999988E-001, 2.88695000000000013E+000, 1.82800000000000011E-002, 5.27000000000000038E-003
LOW_BG,254, 8.62999999999999989E-001, 2.83051999999999992E+000, 1.84400000000000015E-002, 4.81000000000000004E-003
LOW_BG,255, 8.64999999999999991E-001, 2.75043000000000015E+000, 1.80899999999999984E-002, 4.81000000000000004E-003
LOW_BG,256, 8.65999999999999992E-001, 2.71796000000000015E+000, 1.76100000000000007E-002, 4.76999999999999993E-003
LOW_BG,257, 8.66999999999999993E-001, 2.68612999999999991E+000, 1.70800000000000014E-002, 4.72999999999999983E-003
LOW_BG,258, 8.68999999999999995E-001, 2.61376000000000008E+000, 1.72399999999999984E-002, 4.70999999999999978E-003
LOW_BG,259, 8.70999999999999996E-001, 2.53847999999999985E+000, 1.72199999999999992E-002, 4.83000000000000009E-003
LOW_BG,260, 8.71999999999999997E-001, 2.50328999999999979E+000, 1.70900000000000010E-002, 4.87000000000000020E-003
LOW_BG,261, 8.72999999999999998E-001, 2.46792999999999996E+000, 1.69499999999999998E-002, 4.89999999999999984E-003
LOW_BG,262, 8.75000000000000000E-001, 2.41738000000000008E+000, 1.62999999999999985E-002, 4.85000000000000014E-003
LOW_BG,263, 8.77000000000000002E-001, 2.34552000000000005E+000, 1.59000000000000009E-002, 4.87999999999999979E-003
LOW_BG,264, 8.79000000000000004E-001, 2.27653000000000016E+000, 1.64599999999999989E-002, 5.04999999999999980E-003
LOW_BG,265, 8.81000000000000005E-001, 2.22447999999999979E+000, 1.55800000000000001E-002, 4.93999999999999995E-003
LOW_BG,266, 8.83000000000000007E-001, 2.19062000000000001E+000, 1.63799999999999987E-002, 5.06000000000000026E-003
LOW_BG,267, 8.85000000000000009E-001, 2.15058999999999978E+000, 1.66299999999999989E-002, 5.15000000000000006E-003
LOW_BG,268, 8.87000000000000011E-001, 2.11548999999999987E+000, 1.68999999999999984E-002, 5.19000000000000017E-003
LOW_BG,269, 8.89000000000000012E-001, 2.04434000000000005E+000, 1.62500000000000006E-002, 5.17000000000000012E-003
LOW_BG,270, 8.91000000000000014E-001, 2.01962999999999981E+000, 1.70100000000000008E-002, 5.32000000000000008E-003
LOW_BG,271, 8.93000000000000016E-001, 1.97384000000000004E+000, 1.69499999999999998E-002, 5.40999999999999988E-003
LOW_BG,272, 8.94000000000000017E-001, 1.95326000000000000E+000, 1.66000000000000002E-002, 5.51000000000000014E-003
LOW_BG,273, 8.95000000000000018E-001, 1.93228000000000000E+000, 1.62300000000000014E-002, 5.70000000000000021E-003
LOW_BG,274, 8.97000000000000020E-001, 1.90792000000000006E+000, 1.62400000000000010E-002, 6.85000000000000019E-003
LOW_BG,275, 8.99000000000000021E-001, 1.88029000000000002E+000, 1.58000000000000015E-002, 5.91999999999999992E-003
LOW_BG,276, 9.00000000000000022E-001, 1.86098999999999992E+000, 1.57099999999999983E-002, 6.08999999999999993E-003
LOW_BG,277, 9.01000000000000023E-001, 1.84146000000000010E+000, 1.56400000000000011E-002, 6.34000000000000015E-003
LOW_BG,278, 9.03000000000000025E-001, 1.80962000000000001E+000, 1.62400000000000010E-002, 6.47999999999999965E-003
LOW_BG,279, 9.05000000000000027E-001, 1.76855000000000007E+000, 1.55999999999999993E-002, 6.57999999999999991E-003
LOW_BG,280, 9.07000000000000028E-001, 1.72770000000000001E+000, 1.48900000000000005E-002, 6.66999999999999971E-003
LOW_BG,281, 9.09000000000000030E-001, 1.68538999999999994E+000, 1.55099999999999995E-002, 7.99000000000000057E-003
LOW_BG,282, 9.11000000000000032E-001, 1.66032000000000002E+000, 1.51400000000000007E-002, 7.10000000000000041E-003
LOW_BG,283, 9.13000000000000034E-001, 1.62606000000000006E+000, 1.51500000000000003E-002, 7.42999999999999997E-003
LOW_BG,284, 9.15000000000000036E-001, 1.58166999999999991E+000, 1.46099999999999997E-002, 8.47000000000000010E-003
LOW_BG,285, 9.16000000000000036E-001, 1.56885000000000008E+000, 1.43199999999999994E-002, 7.91000000000000036E-003
LOW_BG,286, 9.17000000000000037E-001, 1.55667000000000000E+000, 1.40000000000000003E-002, 7.82000000000000056E-003
LOW_BG,287, 9.19000000000000039E-001, 1.53047000000000000E+000, 1.48299999999999994E-002, 8.30999999999999968E-003
LOW_BG,288, 9.21000000000000041E-001, 1.48123999999999989E+000, 1.37100000000000000E-002, 9.29999999999999924E-003
LOW_BG,289, 9.22000000000000042E-001, 1.48134999999999994E+000, 1.43000000000000002E-002, 9.03999999999999942E-003
LOW_BG,290, 9.23000000000000043E-001, 1.47778999999999994E+000, 1.47799999999999997E-002, 9.32000000000000016E-003
LOW_BG,291, 9.25000000000000044E-001, 1.44195999999999991E+000, 1.48199999999999998E-002, 9.71999999999999947E-003
LOW_BG,292, 9.27000000000000046E-001, 1.41196000000000010E+000, 1.48299999999999994E-002, 1.01399999999999997E-002
LOW_BG,293, 9.29000000000000048E-001, 1.39049000000000000E+000, 1.38300000000000003E-002, 1.01499999999999993E-002
LOW_BG,294, 9.31000000000000050E-001, 1.35932000000000008E+000, 1.44700000000000002E-002, 1.06599999999999993E-002
LOW_BG,295, 9.33000000000000052E-001, 1.33898000000000006E+000, 1.42699999999999997E-002, 1.11800000000000007E-002
LOW_BG,296, 9.35000000000000053E-001, 1.30431999999999992E+000, 1.37299999999999991E-002, 1.20999999999999996E-002
LOW_BG,297, 9.37000000000000055E-001, 1.28092999999999990E+000, 1.31699999999999994E-002, 1.30399999999999995E-002
LOW_BG,298, 9.37999999999999945E-001, 1.26838000000000006E+000, 1.27700000000000001E-002, 1.34900000000000003E-002
LOW_BG,299, 9.38999999999999946E-001, 1.25588999999999995E+000, 1.23700000000000008E-002, 1.39100000000000005E-002
LOW_BG,300, 9.40999999999999948E-001, 1.24741999999999997E+000, 1.20199999999999994E-002, 1.46499999999999998E-002
LOW_BG,301, 9.42999999999999949E-001, 1.22455000000000003E+000, 1.24799999999999998E-002, 1.58200000000000007E-002
LOW_BG,302, 9.44999999999999951E-001, 1.20134000000000007E+000, 1.19900000000000007E-002, 1.62500000000000006E-002
LOW_BG,303, 9.46999999999999953E-001, 1.19621000000000000E+000, 1.25199999999999999E-002, 1.67999999999999990E-002
LOW_BG,304, 9.48999999999999955E-001, 1.16918999999999995E+000, 1.26499999999999998E-002, 1.73899999999999992E-002
LOW_BG,305, 9.50999999999999956E-001, 1.16057999999999995E+000, 1.26999999999999995E-002, 1.77900000000000003E-002
LOW_BG,306, 9.51999999999999957E-001, 1.15415000000000001E+000, 1.26499999999999998E-002, 1.79999999999999986E-002
LOW_BG,307, 9.52999999999999958E-001, 1.14752999999999994E+000, 1.26000000000000001E-002, 1.81499999999999995E-002
LOW_BG,308, 9.53999999999999959E-001, 1.13658999999999999E+000, 1.25299999999999995E-002, 1.82900000000000007E-002
LOW_BG,309, 9.54999999999999960E-001, 1.12558000000000002E+000, 1.24600000000000006E-002, 1.84199999999999989E-002
LOW_BG,310, 9.56999999999999962E-001, 1.11305999999999994E+000, 1.24700000000000002E-002, 1.91999999999999983E-002
LOW_BG,311, 9.57999999999999963E-001, 1.10159000000000007E+000, 1.22299999999999996E-002, 1.90600000000000006E-002
LOW_BG,312, 9.58999999999999964E-001, 1.09230999999999989E+000, 1.20000000000000002E-002, 1.93399999999999996E-002
LOW_BG,313, 9.60999999999999965E-001, 1.08197000000000010E+000, 1.25500000000000004E-002, 1.99800000000000012E-002
LOW_BG,314, 9.61999999999999966E-001, 1.07769000000000004E+000, 1.22600000000000001E-002, 2.01899999999999996E-002
LOW_BG,315, 9.62999999999999967E-001, 1.07380000000000009E+000, 1.18799999999999999E-002, 2.04000000000000015E-002
LOW_BG,316, 9.63999999999999968E-001, 1.06492000000000009E+000, 1.19799999999999993E-002, 2.07299999999999984E-002
LOW_BG,317, 9.64999999999999969E-001, 1.06414999999999993E+000, 1.37900000000000002E-002, 1.62600000000000001E-002
LOW_BG,318, 9.66999999999999971E-001, 1.05432999999999999E+000, 1.39200000000000001E-002, 1.67600000000000006E-002
LOW_BG,319, 9.67999999999999972E-001, 1.04977999999999994E+000, 1.40400000000000004E-002, 1.70200000000000004E-002
LOW_BG,320, 9.68999999999999972E-001, 1.04620000000000002E+000, 1.41600000000000007E-002, 1.72899999999999998E-002
LOW_BG,321, 9.69999999999999973E-001, 1.04376000000000002E+000, 1.42200000000000000E-002, 1.75400000000000000E-002
LOW_BG,322, 9.70999999999999974E-001, 1.05794000000000010E+000, 2.09200000000000011E-002, 1.88900000000000005E-002
LOW_BG,323, 9.72999999999999976E-001, 1.07963999999999993E+000, 2.09799999999999986E-002, 1.98100000000000012E-002
LOW_BG,324, 9.74999999999999978E-001, 1.04645999999999995E+000, 1.79099999999999988E-002, 1.94800000000000008E-002
LOW_BG,325, 9.76999999999999980E-001, 1.02510999999999997E+000, 1.95700000000000006E-002, 2.09400000000000003E-002
LOW_BG,326, 9.77999999999999980E-001, 1.02923999999999993E+000, 1.96799999999999996E-002, 2.12500000000000015E-002
LOW_BG,327, 9.78999999999999981E-001, 1.03323000000000009E+000, 1.97300000000000010E-002, 2.15100000000000013E-002
LOW_BG,328, 9.79999999999999982E-001, 1.01236999999999999E+000, 1.82800000000000011E-002, 1.64200000000000006E-002
LOW_BG,329, 9.80999999999999983E-001, 1.00638000000000005E+000, 1.78299999999999986E-002, 1.63799999999999987E-002
LOW_BG,330, 9.82999999999999985E-001, 1.02384000000000008E+000, 1.69799999999999986E-002, 1.65000000000000008E-002
LOW_BG,331, 9.84999999999999987E-001, 1.00171000000000010E+000, 1.85199999999999983E-002, 1.86300000000000007E-002
LOW_BG,332, 9.86999999999999988E-001, 1.02540000000000009E+000, 1.74200000000000015E-002, 2.06199999999999994E-002
LOW_BG,333, 9.87999999999999989E-001, 1.08179000000000003E+000, 1.71800000000000008E-002, 2.08600000000000001E-002
LOW_BG,334, 9.88999999999999990E-001, 1.05413000000000001E+000, 1.67199999999999988E-002, 2.33399999999999996E-002
LOW_BG,335, 9.90999999999999992E-001, 1.07594999999999996E+000, 1.75000000000000017E-002, 2.59999999999999988E-002
LOW_BG,336, 9.92999999999999994E-001, 1.07939999999999992E+000, 1.60499999999999983E-002, 2.58999999999999994E-002
LOW_BG,337, 9.94999999999999996E-001, 1.11358000000000001E+000, 1.62899999999999989E-002, 2.56699999999999984E-002
LOW_BG,338, 9.96999999999999997E-001, 1.14145000000000008E+000, 1.72399999999999984E-002, 2.62499999999999990E-002
LOW_BG,339, 9.97999999999999998E-001, 1.16511999999999993E+000, 1.85099999999999987E-002, 2.65500000000000007E-002
LOW_BG,340, 9.99900000000000011E-001, 1.22937999999999992E+000, 2.31200000000000017E-002, 2.52800000000000004E-002
LOW_BG,341, 1.00001000000000007E+000, 6.38639999999999985E-001, 2.24800000000000000E-002, 1.87399999999999997E-002
LOW_BG,342, 1.00371000000000010E+000, 6.92189999999999972E-001, 2.14200000000000015E-002, 1.84400000000000015E-002
LOW_BG,343, 1.00391000000000008E+000, 6.95119999999999960E-001, 2.13500000000000009E-002, 1.84500000000000011E-002
LOW_BG,344, 1.00499999999999989E+000, 7.12280000000000024E-001, 2.09300000000000007E-002, 1.86200000000000011E-002
LOW_BG,345, 1.00699999999999990E+000, 7.42770000000000041E-001, 2.09200000000000011E-002, 1.93000000000000012E-002
LOW_BG,346, 1.00862000000000007E+000, 7.67349999999999977E-001, 2.09200000000000011E-002, 1.99399999999999994E-002
LOW_BG,347, 1.01017000000000001E+000, 7.92070000000000052E-001, 2.09100000000000015E-002, 2.11800000000000009E-002
LOW_BG,348, 1.01034000000000002E+000, 7.95050000000000034E-001, 2.09100000000000015E-002, 2.14999999999999983E-002
LOW_BG,349, 1.01299999999999990E+000, 8.74720000000000053E-001, 2.10200000000000005E-002, 2.86399999999999988E-002
LOW_BG,350, 1.01387999999999989E+000, 9.02429999999999954E-001, 2.10699999999999985E-002, 3.11600000000000002E-002
LOW_BG,351, 1.01499999999999990E+000, 9.37810000000000032E-001, 2.11600000000000017E-002, 3.43600000000000017E-002
LOW_BG,352, 1.01543000000000005E+000, 9.48160000000000003E-001, 2.11399999999999991E-002, 3.56800000000000034E-002
LOW_BG,353, 1.01574999999999993E+000, 9.57609999999999961E-001, 2.11299999999999995E-002, 3.77499999999999988E-002
LOW_BG,354, 1.01668000000000003E+000, 1.02322000000000002E+000, 2.11399999999999991E-002, 5.12900000000000023E-002
LOW_BG,355, 1.01672999999999991E+000, 1.02698000000000000E+000, 2.11499999999999987E-002, 5.21500000000000019E-002
LOW_BG,356, 1.01678000000000002E+000, 1.03214000000000006E+000, 2.11600000000000017E-002, 5.28599999999999973E-002
LOW_BG,357, 1.01726000000000005E+000, 1.08685999999999994E+000, 2.13799999999999997E-002, 5.88899999999999979E-002
LOW_BG,358, 1.01758999999999999E+000, 1.11284000000000005E+000, 2.13700000000000001E-002, 6.53399999999999953E-002
LOW_BG,359, 1.01764999999999994E+000, 1.12102999999999997E+000, 2.14200000000000015E-002, 6.58200000000000035E-002
LOW_BG,360, 1.01771999999999996E+000, 1.13414999999999999E+000, 2.14799999999999991E-002, 6.63200000000000039E-002
LOW_BG,361, 1.01793000000000000E+000, 1.17392999999999992E+000, 2.16100000000000007E-002, 6.88300000000000023E-002
LOW_BG,362, 1.01798999999999995E+000, 1.18544000000000005E+000, 2.16399999999999995E-002, 6.97300000000000003E-002
LOW_BG,363, 1.01831999999999989E+000, 1.24770000000000003E+000, 2.18999999999999993E-002, 7.35800000000000065E-002
LOW_BG,364, 1.01862000000000008E+000, 1.29855000000000009E+000, 2.20699999999999993E-002, 7.82999999999999946E-002
LOW_BG,365, 1.01878000000000002E+000, 1.29603000000000002E+000, 2.19099999999999989E-002, 8.21000000000000063E-002
LOW_BG,366, 1.01880999999999999E+000, 1.29550000000000010E+000, 2.18800000000000001E-002, 8.25100000000000000E-002
LOW_BG,367, 1.01906999999999992E+000, 1.30661000000000005E+000, 2.18700000000000006E-002, 8.17900000000000016E-002
LOW_BG,368, 1.01947000000000010E+000, 1.32881000000000005E+000, 2.17000000000000005E-002, 8.19399999999999989E-002
LOW_BG,369, 1.01950999999999992E+000, 1.33095999999999992E+000, 2.17000000000000005E-002, 8.16400000000000042E-002
LOW_BG,370, 1.01964000000000010E+000, 1.33861000000000008E+000, 2.17499999999999985E-002, 7.94699999999999990E-002
LOW_BG,371, 1.01978999999999997E+000, 1.33206000000000002E+000, 2.18899999999999997E-002, 7.38899999999999973E-002
LOW_BG,372, 1.02042999999999995E+000, 1.20402999999999993E+000, 2.14799999999999991E-002, 7.15500000000000025E-002
LOW_BG,373, 1.02065000000000006E+000, 1.16076000000000001E+000, 2.12999999999999995E-002, 6.91500000000000031E-002
LOW_BG,374, 1.02140999999999993E+000, 1.06739000000000006E+000, 2.06800000000000005E-002, 5.58400000000000007E-002
LOW_BG,375, 1.02167999999999992E+000, 1.03993000000000002E+000, 2.05299999999999996E-002, 5.04500000000000018E-002
LOW_BG,376, 1.02176000000000000E+000, 1.03431999999999991E+000, 2.04900000000000013E-002, 4.95099999999999985E-002
LOW_BG,377, 1.02207000000000003E+000, 1.01436999999999999E+000, 2.03100000000000017E-002, 4.66799999999999993E-002
LOW_BG,378, 1.02231999999999990E+000, 9.98380000000000045E-001, 2.01700000000000004E-002, 4.44000000000000020E-002
LOW_BG,379, 1.02326999999999990E+000, 9.63239999999999985E-001, 1.98000000000000016E-002, 4.01800000000000004E-002
LOW_BG,380, 1.02499999999999991E+000, 9.44209999999999994E-001, 1.93800000000000014E-002, 3.99600000000000025E-002
LOW_BG,381, 1.02751999999999999E+000, 9.50110000000000010E-001, 1.95700000000000006E-002, 3.31100000000000005E-002
LOW_BG,382, 1.02800000000000002E+000, 9.54840000000000022E-001, 1.96300000000000016E-002, 3.21299999999999988E-002
LOW_BG,383, 1.02822999999999998E+000, 9.58169999999999966E-001, 1.96600000000000004E-002, 3.18799999999999986E-002
LOW_BG,384, 1.03357999999999994E+000, 1.03733999999999993E+000, 2.03400000000000004E-002, 2.72599999999999995E-002
LOW_BG,385, 1.03384000000000009E+000, 1.04125000000000001E+000, 2.03799999999999988E-002, 2.70899999999999995E-002
LOW_BG,386, 1.03499999999999992E+000, 1.05953999999999993E+000, 2.05299999999999996E-002, 2.63700000000000011E-002
LOW_BG,387, 1.03800000000000003E+000, 1.09851999999999994E+000, 2.04399999999999998E-002, 2.66300000000000009E-002
LOW_BG,388, 1.03959000000000001E+000, 1.12019000000000002E+000, 2.03699999999999992E-002, 2.67300000000000003E-002
LOW_BG,389, 1.03963999999999990E+000, 1.12087000000000003E+000, 2.03699999999999992E-002, 2.67399999999999999E-002
LOW_BG,390, 1.03998999999999997E+000, 1.12569999999999992E+000, 2.03599999999999996E-002, 2.67599999999999991E-002
LOW_BG,391, 1.04001000000000010E+000, 1.65660999999999992E+000, 2.10000000000000013E-002, 3.25999999999999970E-002
LOW_BG,392, 1.04499999999999993E+000, 1.47195999999999994E+000, 1.76200000000000002E-002, 2.74399999999999991E-002
LOW_BG,393, 1.04960000000000009E+000, 1.28740000000000010E+000, 1.54999999999999999E-002, 2.51000000000000008E-002
LOW_BG,394, 1.04980999999999991E+000, 1.27428999999999992E+000, 1.54400000000000006E-002, 2.76199999999999987E-002
LOW_BG,395, 1.05000000000000004E+000, 1.25984000000000007E+000, 1.54199999999999997E-002, 3.38900000000000035E-002
LOW_BG,396, 1.05499999999999994E+000, 1.17801000000000000E+000, 1.59499999999999989E-002, 3.26400000000000023E-002
LOW_BG,397, 1.05952000000000002E+000, 1.11183999999999994E+000, 1.58000000000000015E-002, 3.11099999999999988E-002
LOW_BG,398, 1.06200000000000006E+000, 1.05065000000000008E+000, 1.92100000000000014E-002, 3.86400000000000007E-002
LOW_BG,399, 1.06499999999999995E+000, 1.02400000000000002E+000, 1.92200000000000010E-002, 4.00799999999999976E-002
LOW_BG,400, 1.06699999999999995E+000, 1.00685000000000002E+000, 1.91500000000000004E-002, 4.10500000000000032E-002
LOW_BG,401, 1.07499999999999996E+000, 9.56890000000000018E-001, 1.83399999999999987E-002, 4.11800000000000013E-002
LOW_BG,402, 1.07699999999999996E+000, 9.47119999999999962E-001, 1.81699999999999987E-002, 4.27200000000000010E-002
LOW_BG,403, 1.08499999999999996E+000, 9.31520000000000015E-001, 1.55099999999999995E-002, 4.25299999999999984E-002
LOW_BG,404, 1.08699999999999997E+000, 9.29620000000000002E-001, 1.57899999999999985E-002, 3.93200000000000008E-002
LOW_BG,405, 1.09499999999999997E+000, 9.24869999999999970E-001, 1.54199999999999997E-002, 3.90899999999999997E-002
LOW_BG,406, 1.09699999999999998E+000, 9.14599999999999969E-001, 1.51000000000000006E-002, 3.82600000000000023E-002
LOW_BG,407, 1.10499999999999998E+000, 8.85329999999999950E-001, 1.46199999999999993E-002, 4.20499999999999971E-002
LOW_BG,408, 1.10699999999999998E+000, 8.83589999999999987E-001, 1.45900000000000005E-002, 4.33499999999999996E-002
LOW_BG,409, 1.11200000000000010E+000, 8.77859999999999974E-001, 1.45799999999999992E-002, 4.28899999999999976E-002
LOW_BG,410, 1.11499999999999999E+000, 8.75449999999999950E-001, 1.47600000000000006E-002, 4.24700000000000008E-002
LOW_BG,411, 1.11699999999999999E+000, 8.70909999999999962E-001, 1.47799999999999997E-002, 4.22299999999999967E-002
LOW_BG,412, 1.12500000000000000E+000, 8.58339999999999992E-001, 1.45900000000000005E-002, 4.12700000000000011E-002
LOW_BG,413, 1.12700000000000000E+000, 8.57149999999999967E-001, 1.44099999999999992E-002, 4.10999999999999976E-002
LOW_BG,414, 1.13500000000000001E+000, 8.63700000000000023E-001, 1.35999999999999992E-002, 4.24599999999999977E-002
LOW_BG,415, 1.13700000000000001E+000, 8.68999999999999995E-001, 1.35700000000000005E-002, 4.22500000000000028E-002
LOW_BG,416, 1.13799999999999990E+000, 8.71530000000000027E-001, 1.35400000000000000E-002, 4.22200000000000006E-002
LOW_BG,417, 1.14500000000000002E+000, 8.83260000000000045E-001, 1.47600000000000006E-002, 4.29399999999999990E-002
LOW_BG,418, 1.15199999999999991E+000, 8.90310000000000046E-001, 1.49999999999999994E-002, 4.24700000000000008E-002
LOW_BG,419, 1.15500000000000003E+000, 8.95760000000000001E-001, 1.44399999999999997E-002, 4.09399999999999972E-002
LOW_BG,420, 1.16300000000000003E+000, 9.00730000000000031E-001, 1.32400000000000000E-002, 4.09800000000000025E-002
LOW_BG,421, 1.16500000000000004E+000, 8.99580000000000046E-001, 1.33100000000000007E-002, 4.12399999999999989E-002
LOW_BG,422, 1.16700000000000004E+000, 8.99569999999999981E-001, 1.32800000000000001E-002, 4.11899999999999974E-002
LOW_BG,423, 1.17500000000000004E+000, 9.07640000000000002E-001, 1.26700000000000007E-002, 4.39900000000000013E-002
LOW_BG,424, 1.17700000000000005E+000, 9.12020000000000053E-001, 1.26700000000000007E-002, 4.49700000000000030E-002
LOW_BG,425, 1.18500000000000005E+000, 9.19270000000000032E-001, 1.31000000000000005E-002, 4.32200000000000015E-002
LOW_BG,426, 1.18700000000000006E+000, 9.19309999999999961E-001, 1.30899999999999992E-002, 4.26699999999999996E-002
LOW_BG,427, 1.18799999999999994E+000, 9.19409999999999950E-001, 1.30700000000000000E-002, 4.25499999999999975E-002
LOW_BG,428, 1.19500000000000006E+000, 9.27300000000000013E-001, 1.24499999999999993E-002, 3.78700000000000009E-002
LOW_BG,429, 1.19700000000000006E+000, 9.30499999999999994E-001, 1.22100000000000004E-002, 3.74600000000000002E-002
LOW_BG,430, 1.20500000000000007E+000, 9.41370000000000040E-001, 1.20900000000000001E-002, 3.49799999999999972E-002
LOW_BG,431, 1.20700000000000007E+000, 9.46259999999999990E-001, 1.22399999999999991E-002, 3.44500000000000015E-002
LOW_BG,432, 1.21199999999999997E+000, 9.56670000000000020E-001, 1.23199999999999994E-002, 3.21400000000000019E-002
LOW_BG,433, 1.21500000000000008E+000, 9.62069999999999981E-001, 1.22000000000000008E-002, 3.12300000000000008E-002
LOW_BG,434, 1.21700000000000008E+000, 9.64539999999999953E-001, 1.20199999999999994E-002, 3.05400000000000012E-002
LOW_BG,435, 1.22500000000000009E+000, 9.85779999999999990E-001, 1.20199999999999994E-002, 3.35700000000000026E-002
LOW_BG,436, 1.22700000000000009E+000, 9.91219999999999990E-001, 1.21499999999999993E-002, 3.50699999999999970E-002
LOW_BG,437, 1.23500000000000010E+000, 1.01638999999999990E+000, 1.20000000000000002E-002, 3.53199999999999972E-002
LOW_BG,438, 1.23700000000000010E+000, 1.02432999999999996E+000, 1.19799999999999993E-002, 3.41899999999999982E-002
LOW_BG,439, 1.24500000000000011E+000, 1.04990000000000006E+000, 1.22500000000000005E-002, 3.03000000000000005E-002
LOW_BG,440, 1.24700000000000011E+000, 1.05248000000000008E+000, 1.21899999999999994E-002, 3.05600000000000004E-002
LOW_BG,441, 1.25499999999999989E+000, 1.06316999999999995E+000, 1.21099999999999992E-002, 3.02100000000000007E-002
LOW_BG,442, 1.25699999999999990E+000, 1.06780999999999993E+000, 1.22799999999999992E-002, 2.99999999999999989E-002
LOW_BG,443, 1.26299999999999990E+000, 1.08604999999999996E+000, 1.26199999999999993E-002, 3.08700000000000016E-002
LOW_BG,444, 1.26499999999999990E+000, 1.09306999999999999E+000, 1.26599999999999994E-002, 3.15799999999999970E-002
LOW_BG,445, 1.26699999999999990E+000, 1.09733999999999998E+000, 1.25799999999999992E-002, 3.24600000000000027E-002
LOW_BG,446, 1.27499999999999991E+000, 1.11185000000000000E+000, 1.22900000000000006E-002, 3.15399999999999986E-002
LOW_BG,447, 1.27699999999999991E+000, 1.11675999999999997E+000, 1.22699999999999997E-002, 3.08499999999999990E-002
LOW_BG,448, 1.28499999999999992E+000, 1.13579000000000008E+000, 1.19699999999999997E-002, 2.89699999999999992E-002
LOW_BG,449, 1.28699999999999992E+000, 1.14090000000000003E+000, 1.18799999999999999E-002, 2.89599999999999996E-002
LOW_BG,450, 1.28800000000000003E+000, 1.14329999999999998E+000, 1.18399999999999998E-002, 2.89599999999999996E-002
LOW_BG,451, 1.29499999999999993E+000, 1.17572000000000010E+000, 1.18200000000000006E-002, 2.91299999999999996E-002
LOW_BG,452, 1.29699999999999993E+000, 1.18616999999999995E+000, 1.18700000000000003E-002, 2.96200000000000005E-002
LOW_BG,453, 1.30499999999999994E+000, 1.21787000000000001E+000, 1.21799999999999999E-002, 3.18200000000000011E-002
LOW_BG,454, 1.30699999999999994E+000, 1.22452999999999990E+000, 1.22699999999999997E-002, 3.23799999999999991E-002
LOW_BG,455, 1.31200000000000006E+000, 1.24251000000000000E+000, 1.24499999999999993E-002, 3.34500000000000006E-002
LOW_BG,456, 1.31499999999999995E+000, 1.25214000000000003E+000, 1.24799999999999998E-002, 3.29199999999999979E-002
LOW_BG,457, 1.31699999999999995E+000, 1.25567000000000006E+000, 1.24399999999999997E-002, 3.27799999999999966E-002
LOW_BG,458, 1.32499999999999996E+000, 1.26730000000000009E+000, 1.20999999999999996E-002, 3.15100000000000033E-002
LOW_BG,459, 1.32699999999999996E+000, 1.27383000000000002E+000, 1.20900000000000001E-002, 3.16299999999999984E-002
LOW_BG,460, 1.33499999999999996E+000, 1.30891000000000002E+000, 1.23800000000000004E-002, 3.11400000000000010E-002
LOW_BG,461, 1.33699999999999997E+000, 1.31515000000000004E+000, 1.24700000000000002E-002, 3.12800000000000022E-002
LOW_BG,462, 1.34499999999999997E+000, 1.33458000000000010E+000, 1.27100000000000008E-002, 3.47799999999999984E-002
LOW_BG,463, 1.34699999999999998E+000, 1.34142000000000006E+000, 1.27399999999999996E-002, 3.58399999999999969E-002
LOW_BG,464, 1.35000000000000009E+000, 1.35463000000000000E+000, 1.26599999999999994E-002, 3.76399999999999998E-002
LOW_BG,465, 1.35499999999999998E+000, 1.38772999999999991E+000, 1.24499999999999993E-002, 3.60200000000000034E-002
LOW_BG,466, 1.35699999999999998E+000, 1.39887999999999990E+000, 1.23900000000000000E-002, 3.52900000000000019E-002
LOW_BG,467, 1.36200000000000010E+000, 1.42436999999999991E+000, 1.26700000000000007E-002, 3.37799999999999975E-002
LOW_BG,468, 1.36499999999999999E+000, 1.44030999999999998E+000, 1.30799999999999996E-002, 3.19800000000000015E-002
LOW_BG,469, 1.36699999999999999E+000, 1.45145999999999997E+000, 1.32700000000000005E-002, 3.07400000000000000E-002
LOW_BG,470, 1.37500000000000000E+000, 1.49245000000000005E+000, 1.36900000000000008E-002, 3.12800000000000022E-002
LOW_BG,471, 1.37700000000000000E+000, 1.49723999999999990E+000, 1.35499999999999995E-002, 3.14100000000000004E-002
LOW_BG,472, 1.38500000000000001E+000, 1.51557999999999993E+000, 1.55200000000000008E-002, 3.45299999999999982E-002
LOW_BG,473, 1.38700000000000001E+000, 1.52279000000000009E+000, 1.54400000000000006E-002, 3.48199999999999968E-002
LOW_BG,474, 1.38799999999999990E+000, 1.52513999999999994E+000, 1.54199999999999997E-002, 3.45600000000000004E-002
LOW_BG,475, 1.39500000000000002E+000, 1.55481000000000003E+000, 1.58000000000000015E-002, 3.40200000000000016E-002
LOW_BG,476, 1.39999999999999991E+000, 1.58504000000000000E+000, 1.63699999999999991E-002, 3.40700000000000031E-002
LOW_ALL,1, 3.04999999999999993E-001, 2.88999999999999986E-002, 2.59999999999999988E-003, 1.51199999999999998E-002
LOW_ALL,2, 3.15000000000000002E-001, 4.20000000000000026E-002, 3.00000000000000006E-003, 1.32200000000000008E-002
LOW_ALL,3, 3.18000000000000005E-001, 4.20000000000000026E-002, 2.09999999999999987E-003, 3.09800000000000006E-002
LOW_ALL,4, 3.30000000000000016E-001, 5.87000000000000022E-002, 2.59999999999999988E-003, 1.87599999999999989E-002
LOW_ALL,5, 3.44999999999999973E-001, 8.35000000000000048E-002, 3.29999999999999998E-003, 1.93300000000000000E-002
LOW_ALL,6, 3.54999999999999982E-001, 1.01199999999999998E-001, 3.79999999999999999E-003, 1.95299999999999987E-002
LOW_ALL,7, 3.59999999999999987E-001, 1.13400000000000001E-001, 4.49999999999999966E-003, 1.07100000000000008E-002
LOW_ALL,8, 3.64999999999999991E-001, 1.20399999999999993E-001, 4.70000000000000018E-003, 1.05699999999999995E-002
LOW_ALL,9, 3.69999999999999996E-001, 1.32500000000000007E-001, 4.30000000000000000E-003, 8.58000000000000082E-003
LOW_ALL,10, 3.75000000000000000E-001, 1.40399999999999997E-001, 4.49999999999999966E-003, 7.91999999999999996E-003
LOW_ALL,11, 3.80000000000000004E-001, 1.52700000000000002E-001, 4.79999999999999958E-003, 7.87999999999999985E-003
LOW_ALL,12, 3.85000000000000009E-001, 1.65099999999999997E-001, 5.00000000000000010E-003, 8.84000000000000064E-003
LOW_ALL,13, 3.90000000000000013E-001, 1.72899999999999998E-001, 5.10000000000000037E-003, 8.30000000000000009E-003
LOW_ALL,14, 3.95000000000000018E-001, 1.82600000000000012E-001, 5.00000000000000010E-003, 7.86000000000000067E-003
LOW_ALL,15, 4.00000000000000022E-001, 1.98300000000000004E-001, 5.19999999999999976E-003, 9.10000000000000045E-003
LOW_ALL,16, 4.05000000000000027E-001, 2.13400000000000006E-001, 5.40000000000000029E-003, 9.67999999999999937E-003
LOW_ALL,17, 4.09999999999999976E-001, 2.22099999999999992E-001, 5.49999999999999968E-003, 8.38000000000000030E-003
LOW_ALL,18, 4.14999999999999980E-001, 2.30599999999999999E-001, 5.59999999999999994E-003, 6.81000000000000008E-003
LOW_ALL,19, 4.19999999999999984E-001, 2.45100000000000012E-001, 5.89999999999999986E-003, 6.66000000000000012E-003
LOW_ALL,20, 4.24999999999999989E-001, 2.58199999999999985E-001, 6.10000000000000039E-003, 5.53999999999999979E-003
LOW_ALL,21, 4.29999999999999993E-001, 2.71299999999999986E-001, 6.10000000000000039E-003, 5.64999999999999964E-003
LOW_ALL,22, 4.34999999999999998E-001, 2.82799999999999996E-001, 6.19999999999999978E-003, 5.81999999999999965E-003
LOW_ALL,23, 4.38000000000000000E-001, 2.92100000000000026E-001, 6.49999999999999970E-003, 5.95000000000000043E-003
LOW_ALL,24, 4.40000000000000002E-001, 2.97700000000000020E-001, 6.59999999999999996E-003, 5.87999999999999981E-003
LOW_ALL,25, 4.45000000000000007E-001, 3.11900000000000011E-001, 6.89999999999999988E-003, 5.96000000000000002E-003
LOW_ALL,26, 4.50000000000000011E-001, 3.22599999999999998E-001, 7.00000000000000015E-003, 5.96000000000000002E-003
LOW_ALL,27, 4.55000000000000016E-001, 3.32500000000000018E-001, 7.10000000000000041E-003, 5.89999999999999986E-003
LOW_ALL,28, 4.60000000000000020E-001, 3.50200000000000011E-001, 7.40000000000000033E-003, 5.89999999999999986E-003
LOW_ALL,29, 4.65000000000000024E-001, 3.67999999999999994E-001, 7.70000000000000025E-003, 5.62999999999999959E-003
LOW_ALL,30, 4.69999999999999973E-001, 3.86400000000000021E-001, 8.00000000000000017E-003, 5.36999999999999977E-003
LOW_ALL,31, 4.74999999999999978E-001, 4.10299999999999998E-001, 8.50000000000000061E-003, 5.30000000000000002E-003
LOW_ALL,32, 4.79999999999999982E-001, 4.31599999999999984E-001, 8.80000000000000053E-003, 5.23000000000000027E-003
LOW_ALL,33, 4.82999999999999985E-001, 4.42300000000000026E-001, 8.99999999999999932E-003, 5.15999999999999966E-003
LOW_ALL,34, 4.84999999999999987E-001, 4.49600000000000000E-001, 9.10000000000000045E-003, 5.15999999999999966E-003
LOW_ALL,35, 4.94999999999999996E-001, 4.80200000000000016E-001, 9.29999999999999924E-003, 5.08000000000000031E-003
LOW_ALL,36, 5.01000000000000001E-001, 4.94599999999999984E-001, 1.09999999999999994E-002, 5.83000000000000011E-003
LOW_ALL,37, 5.03000000000000003E-001, 5.06000000000000005E-001, 1.06000000000000000E-002, 5.68000000000000015E-003
LOW_ALL,38, 5.05000000000000004E-001, 5.19599999999999951E-001, 1.06999999999999994E-002, 5.62999999999999959E-003
LOW_ALL,39, 5.07000000000000006E-001, 5.23299999999999987E-001, 1.14000000000000004E-002, 5.72000000000000026E-003
LOW_ALL,40, 5.09000000000000008E-001, 5.31000000000000028E-001, 1.23999999999999996E-002, 5.83000000000000011E-003
LOW_ALL,41, 5.11000000000000010E-001, 5.41499999999999981E-001, 1.20999999999999996E-002, 5.76000000000000036E-003
LOW_ALL,42, 5.13000000000000012E-001, 5.64500000000000002E-001, 1.31000000000000005E-002, 5.83999999999999971E-003
LOW_ALL,43, 5.15000000000000013E-001, 5.62500000000000000E-001, 1.23999999999999996E-002, 5.78000000000000042E-003
LOW_ALL,44, 5.17000000000000015E-001, 5.73200000000000043E-001, 1.09999999999999994E-002, 5.57000000000000030E-003
LOW_ALL,45, 5.19000000000000017E-001, 5.82799999999999985E-001, 1.14999999999999998E-002, 6.06000000000000028E-003
LOW_ALL,46, 5.21000000000000019E-001, 5.80600000000000005E-001, 1.19000000000000009E-002, 5.68999999999999975E-003
LOW_ALL,47, 5.23000000000000020E-001, 6.02800000000000002E-001, 1.31999999999999999E-002, 5.76000000000000036E-003
LOW_ALL,48, 5.25000000000000022E-001, 6.25099999999999989E-001, 1.40000000000000003E-002, 5.78000000000000042E-003
LOW_ALL,49, 5.27000000000000024E-001, 6.35600000000000054E-001, 1.17000000000000003E-002, 5.55000000000000025E-003
LOW_ALL,50, 5.29000000000000026E-001, 6.55000000000000027E-001, 1.17999999999999997E-002, 5.51000000000000014E-003
LOW_ALL,51, 5.31000000000000028E-001, 6.63799999999999946E-001, 1.37000000000000004E-002, 5.87000000000000022E-003
LOW_ALL,52, 5.33000000000000029E-001, 6.80200000000000027E-001, 1.37000000000000004E-002, 5.85999999999999976E-003
LOW_ALL,53, 5.35000000000000031E-001, 7.02300000000000035E-001, 1.25000000000000007E-002, 5.59999999999999994E-003
LOW_ALL,54, 5.37000000000000033E-001, 7.22099999999999964E-001, 1.22000000000000008E-002, 5.53999999999999979E-003
LOW_ALL,55, 5.39000000000000035E-001, 7.28099999999999969E-001, 1.26000000000000001E-002, 5.66000000000000010E-003
LOW_ALL,56, 5.40000000000000036E-001, 7.38700000000000023E-001, 1.31000000000000005E-002, 5.76000000000000036E-003
LOW_ALL,57, 5.41000000000000036E-001, 7.48800000000000021E-001, 1.37000000000000004E-002, 5.85000000000000017E-003
LOW_ALL,58, 5.43000000000000038E-001, 7.68299999999999983E-001, 1.34000000000000005E-002, 5.76999999999999996E-003
LOW_ALL,59, 5.45000000000000040E-001, 7.72700000000000053E-001, 1.34999999999999998E-002, 5.78000000000000042E-003
LOW_ALL,60, 5.47000000000000042E-001, 7.98399999999999999E-001, 1.43999999999999996E-002, 5.78000000000000042E-003
LOW_ALL,61, 5.49000000000000044E-001, 8.11699999999999977E-001, 1.31999999999999999E-002, 5.49000000000000009E-003
LOW_ALL,62, 5.51000000000000045E-001, 8.20999999999999952E-001, 1.40000000000000003E-002, 5.55999999999999984E-003
LOW_ALL,63, 5.53000000000000047E-001, 8.27699999999999991E-001, 1.48000000000000007E-002, 5.62000000000000000E-003
LOW_ALL,64, 5.55000000000000049E-001, 8.54400000000000048E-001, 1.48000000000000007E-002, 5.53000000000000019E-003
LOW_ALL,65, 5.57000000000000051E-001, 8.57999999999999985E-001, 1.52000000000000000E-002, 5.55000000000000025E-003
LOW_ALL,66, 5.59000000000000052E-001, 8.62500000000000044E-001, 1.31000000000000005E-002, 5.25000000000000033E-003
LOW_ALL,67, 5.61000000000000054E-001, 8.89499999999999957E-001, 1.49000000000000000E-002, 5.40999999999999988E-003
LOW_ALL,68, 5.62999999999999945E-001, 9.09900000000000042E-001, 1.54999999999999999E-002, 5.40999999999999988E-003
LOW_ALL,69, 5.64999999999999947E-001, 9.23399999999999999E-001, 1.58000000000000015E-002, 5.38999999999999983E-003
LOW_ALL,70, 5.66999999999999948E-001, 9.30300000000000016E-001, 1.52999999999999994E-002, 5.32999999999999967E-003
LOW_ALL,71, 5.68999999999999950E-001, 9.64500000000000024E-001, 1.60000000000000003E-002, 5.81000000000000006E-003
LOW_ALL,72, 5.70999999999999952E-001, 9.67199999999999949E-001, 1.56999999999999987E-002, 5.30000000000000002E-003
LOW_ALL,73, 5.72999999999999954E-001, 9.79199999999999959E-001, 1.65000000000000008E-002, 5.36000000000000018E-003
LOW_ALL,74, 5.74999999999999956E-001, 1.01099999999999990E+000, 1.46000000000000001E-002, 5.10999999999999996E-003
LOW_ALL,75, 5.76999999999999957E-001, 1.04400000000000004E+000, 1.71000000000000006E-002, 5.34000000000000013E-003
LOW_ALL,76, 5.78999999999999959E-001, 1.04170000000000007E+000, 1.66999999999999996E-002, 5.27000000000000038E-003
LOW_ALL,77, 5.80999999999999961E-001, 1.07660000000000000E+000, 1.75000000000000017E-002, 5.29000000000000043E-003
LOW_ALL,78, 5.82999999999999963E-001, 1.09299999999999997E+000, 1.62999999999999985E-002, 5.15000000000000006E-003
LOW_ALL,79, 5.84999999999999964E-001, 1.12300000000000000E+000, 1.67999999999999990E-002, 5.23000000000000027E-003
LOW_ALL,80, 5.86999999999999966E-001, 1.14579999999999993E+000, 1.61999999999999991E-002, 5.08999999999999991E-003
LOW_ALL,81, 5.88999999999999968E-001, 1.16090000000000004E+000, 1.72999999999999994E-002, 5.19000000000000017E-003
LOW_ALL,82, 5.90999999999999970E-001, 1.17409999999999992E+000, 1.66000000000000002E-002, 5.12000000000000042E-003
LOW_ALL,83, 5.91999999999999971E-001, 1.19660000000000011E+000, 1.60999999999999997E-002, 5.06000000000000026E-003
LOW_ALL,84, 5.92999999999999972E-001, 1.21970000000000001E+000, 1.56999999999999987E-002, 5.00000000000000010E-003
LOW_ALL,85, 5.94999999999999973E-001, 1.25390000000000001E+000, 1.77999999999999999E-002, 5.15000000000000006E-003
LOW_ALL,86, 5.96999999999999975E-001, 1.29620000000000002E+000, 1.75000000000000017E-002, 5.30000000000000002E-003
LOW_ALL,87, 5.98999999999999977E-001, 1.32909999999999995E+000, 1.83000000000000003E-002, 6.08999999999999993E-003
LOW_ALL,88, 5.99999999999999978E-001, 1.34169999999999989E+000, 1.67999999999999990E-002, 4.47999999999999961E-003
LOW_ALL,89, 6.00999999999999979E-001, 1.34880000000000000E+000, 1.62999999999999985E-002, 3.95000000000000039E-003
LOW_ALL,90, 6.01999999999999980E-001, 1.36769999999999992E+000, 1.58000000000000015E-002, 3.84000000000000010E-003
LOW_ALL,91, 6.02999999999999980E-001, 1.37270000000000003E+000, 1.46000000000000001E-002, 5.06999999999999985E-003
LOW_ALL,92, 6.04999999999999982E-001, 1.40179999999999993E+000, 1.54999999999999999E-002, 5.04000000000000021E-003
LOW_ALL,93, 6.06999999999999984E-001, 1.43090000000000006E+000, 1.66000000000000002E-002, 4.87999999999999979E-003
LOW_ALL,94, 6.07999999999999985E-001, 1.44589999999999996E+000, 1.66999999999999996E-002, 4.59999999999999992E-003
LOW_ALL,95, 6.08999999999999986E-001, 1.46150000000000002E+000, 1.67999999999999990E-002, 4.25000000000000031E-003
LOW_ALL,96, 6.09999999999999987E-001, 1.47960000000000003E+000, 1.64000000000000014E-002, 3.85000000000000012E-003
LOW_ALL,97, 6.10999999999999988E-001, 1.49819999999999998E+000, 1.59000000000000009E-002, 3.53000000000000015E-003
LOW_ALL,98, 6.12999999999999989E-001, 1.53099999999999992E+000, 1.54999999999999999E-002, 3.41999999999999986E-003
LOW_ALL,99, 6.14999999999999991E-001, 1.56519999999999992E+000, 1.73999999999999988E-002, 3.67000000000000009E-003
LOW_ALL,100, 6.15999999999999992E-001, 1.58600000000000008E+000, 1.77000000000000005E-002, 3.68000000000000011E-003
LOW_ALL,101, 6.16999999999999993E-001, 1.60680000000000001E+000, 1.78999999999999992E-002, 3.68000000000000011E-003
LOW_ALL,102, 6.18999999999999995E-001, 1.64640000000000009E+000, 1.58000000000000015E-002, 3.36000000000000014E-003
LOW_ALL,103, 6.20999999999999996E-001, 1.68100000000000005E+000, 1.77000000000000005E-002, 3.58999999999999988E-003
LOW_ALL,104, 6.22999999999999998E-001, 1.73459999999999992E+000, 1.77000000000000005E-002, 3.54000000000000018E-003
LOW_ALL,105, 6.23999999999999999E-001, 1.74639999999999995E+000, 1.77999999999999999E-002, 3.55000000000000020E-003
LOW_ALL,106, 6.25000000000000000E-001, 1.75849999999999995E+000, 1.78999999999999992E-002, 3.55999999999999980E-003
LOW_ALL,107, 6.27000000000000002E-001, 1.81180000000000008E+000, 1.83000000000000003E-002, 3.57999999999999985E-003
LOW_ALL,108, 6.29000000000000004E-001, 1.85440000000000005E+000, 1.77999999999999999E-002, 3.48000000000000002E-003
LOW_ALL,109, 6.31000000000000005E-001, 1.92629999999999990E+000, 1.82000000000000009E-002, 3.84000000000000010E-003
LOW_ALL,110, 6.32000000000000006E-001, 1.94530000000000003E+000, 1.79999999999999986E-002, 3.45999999999999997E-003
LOW_ALL,111, 6.33000000000000007E-001, 1.96389999999999998E+000, 1.77999999999999999E-002, 3.42999999999999989E-003
LOW_ALL,112, 6.35000000000000009E-001, 2.01429999999999998E+000, 1.83000000000000003E-002, 3.48000000000000002E-003
LOW_ALL,113, 6.37000000000000011E-001, 2.06020000000000003E+000, 1.83999999999999997E-002, 3.48000000000000002E-003
LOW_ALL,114, 6.39000000000000012E-001, 2.09089999999999998E+000, 1.83000000000000003E-002, 3.44999999999999994E-003
LOW_ALL,115, 6.40000000000000013E-001, 2.12869999999999981E+000, 1.82000000000000009E-002, 3.40999999999999984E-003
LOW_ALL,116, 6.41000000000000014E-001, 2.16740000000000022E+000, 1.81000000000000015E-002, 3.37000000000000017E-003
LOW_ALL,117, 6.43000000000000016E-001, 2.21839999999999993E+000, 1.88000000000000007E-002, 3.41999999999999986E-003
LOW_ALL,118, 6.45000000000000018E-001, 2.26799999999999979E+000, 1.72999999999999994E-002, 3.22000000000000021E-003
LOW_ALL,119, 6.47000000000000020E-001, 2.32439999999999980E+000, 1.85999999999999985E-002, 3.36000000000000014E-003
LOW_ALL,120, 6.48000000000000020E-001, 2.36560000000000015E+000, 1.83999999999999997E-002, 3.32000000000000003E-003
LOW_ALL,121, 6.49000000000000021E-001, 2.40730000000000022E+000, 1.81000000000000015E-002, 3.27999999999999993E-003
LOW_ALL,122, 6.51000000000000023E-001, 2.46629999999999994E+000, 1.78999999999999992E-002, 3.23999999999999982E-003
LOW_ALL,123, 6.53000000000000025E-001, 2.52020000000000000E+000, 1.81000000000000015E-002, 3.26999999999999990E-003
LOW_ALL,124, 6.55000000000000027E-001, 2.57460000000000022E+000, 1.79999999999999986E-002, 3.24999999999999985E-003
LOW_ALL,125, 6.56000000000000028E-001, 2.60579999999999989E+000, 1.77999999999999999E-002, 3.22999999999999980E-003
LOW_ALL,126, 6.57000000000000028E-001, 2.63710000000000022E+000, 1.77000000000000005E-002, 3.22000000000000021E-003
LOW_ALL,127, 6.59000000000000030E-001, 2.70140000000000002E+000, 1.75000000000000017E-002, 3.20000000000000015E-003
LOW_ALL,128, 6.61000000000000032E-001, 2.76940000000000008E+000, 1.68999999999999984E-002, 3.21000000000000018E-003
LOW_ALL,129, 6.63000000000000034E-001, 2.84870000000000001E+000, 1.67999999999999990E-002, 3.19000000000000013E-003
LOW_ALL,130, 6.65000000000000036E-001, 2.93590000000000018E+000, 1.66000000000000002E-002, 3.32000000000000003E-003
LOW_ALL,131, 6.67000000000000037E-001, 3.01359999999999983E+000, 1.78999999999999992E-002, 3.25999999999999988E-003
LOW_ALL,132, 6.69000000000000039E-001, 3.10639999999999983E+000, 1.94000000000000006E-002, 3.37000000000000017E-003
LOW_ALL,133, 6.71000000000000041E-001, 3.20619999999999994E+000, 2.05000000000000009E-002, 3.41999999999999986E-003
LOW_ALL,134, 6.73000000000000043E-001, 3.32410000000000005E+000, 2.12000000000000001E-002, 3.42999999999999989E-003
LOW_ALL,135, 6.75000000000000044E-001, 3.40359999999999996E+000, 2.25999999999999986E-002, 3.52000000000000013E-003
LOW_ALL,136, 6.77000000000000046E-001, 3.50139999999999985E+000, 2.33000000000000013E-002, 3.54000000000000018E-003
LOW_ALL,137, 6.78000000000000047E-001, 3.55240000000000000E+000, 2.35000000000000001E-002, 3.75999999999999989E-003
LOW_ALL,138, 6.79000000000000048E-001, 3.60499999999999998E+000, 2.36999999999999988E-002, 3.95999999999999998E-003
LOW_ALL,139, 6.81000000000000050E-001, 3.70759999999999978E+000, 2.44000000000000015E-002, 4.27000000000000036E-003
LOW_ALL,140, 6.83000000000000052E-001, 3.79649999999999999E+000, 2.54999999999999984E-002, 4.06999999999999983E-003
LOW_ALL,141, 6.85000000000000053E-001, 3.91590000000000016E+000, 2.62000000000000011E-002, 4.27999999999999995E-003
LOW_ALL,142, 6.86000000000000054E-001, 3.97469999999999990E+000, 2.59999999999999988E-002, 4.17999999999999969E-003
LOW_ALL,143, 6.87000000000000055E-001, 4.03390000000000004E+000, 2.57000000000000006E-002, 4.12999999999999999E-003
LOW_ALL,144, 6.87999999999999945E-001, 4.07870000000000044E+000, 2.58000000000000000E-002, 3.64000000000000001E-003
LOW_ALL,145, 6.88999999999999946E-001, 4.12359999999999971E+000, 2.59999999999999988E-002, 3.40999999999999984E-003
LOW_ALL,146, 6.90999999999999948E-001, 4.26890000000000036E+000, 2.71999999999999985E-002, 4.49000000000000007E-003
LOW_ALL,147, 6.92999999999999949E-001, 4.38680000000000003E+000, 2.58000000000000000E-002, 3.39999999999999981E-003
LOW_ALL,148, 6.94999999999999951E-001, 4.53699999999999992E+000, 2.65999999999999986E-002, 4.08000000000000029E-003
LOW_ALL,149, 6.96999999999999953E-001, 4.67400000000000038E+000, 2.75999999999999995E-002, 4.44000000000000037E-003
LOW_ALL,150, 6.97999999999999954E-001, 4.73069999999999968E+000, 2.75999999999999995E-002, 4.12000000000000040E-003
LOW_ALL,151, 6.98999999999999955E-001, 4.78629999999999978E+000, 2.76999999999999989E-002, 3.83000000000000007E-003
LOW_ALL,152, 6.99999999999999956E-001, 4.85069999999999979E+000, 2.77999999999999983E-002, 3.82000000000000004E-003
LOW_ALL,153, 7.00999999999999956E-001, 4.91600000000000037E+000, 2.80000000000000006E-002, 3.79999999999999999E-003
LOW_ALL,154, 7.02999999999999958E-001, 5.03200000000000003E+000, 2.85000000000000010E-002, 3.57999999999999985E-003
LOW_ALL,155, 7.04999999999999960E-001, 5.17429999999999968E+000, 2.81999999999999994E-002, 3.41999999999999986E-003
LOW_ALL,156, 7.06999999999999962E-001, 5.34930000000000039E+000, 2.92000000000000003E-002, 4.06000000000000024E-003
LOW_ALL,157, 7.08999999999999964E-001, 5.47330000000000005E+000, 2.92999999999999997E-002, 3.48000000000000002E-003
LOW_ALL,158, 7.10999999999999965E-001, 5.65169999999999995E+000, 3.02000000000000011E-002, 3.51000000000000010E-003
LOW_ALL,159, 7.12999999999999967E-001, 5.82490000000000041E+000, 3.04999999999999993E-002, 3.49000000000000005E-003
LOW_ALL,160, 7.13999999999999968E-001, 5.89850000000000030E+000, 3.07000000000000016E-002, 3.50000000000000007E-003
LOW_ALL,161, 7.14999999999999969E-001, 5.97280000000000033E+000, 3.09999999999999998E-002, 3.51000000000000010E-003
LOW_ALL,162, 7.16999999999999971E-001, 6.15660000000000007E+000, 3.08000000000000010E-002, 3.46999999999999999E-003
LOW_ALL,163, 7.18999999999999972E-001, 6.31529999999999969E+000, 3.09000000000000004E-002, 3.43999999999999992E-003
LOW_ALL,164, 7.20999999999999974E-001, 6.46170000000000044E+000, 3.25000000000000011E-002, 3.49000000000000005E-003
LOW_ALL,165, 7.22999999999999976E-001, 6.63030000000000008E+000, 3.37999999999999967E-002, 3.51000000000000010E-003
LOW_ALL,166, 7.24999999999999978E-001, 6.74760000000000026E+000, 3.42999999999999972E-002, 3.50000000000000007E-003
LOW_ALL,167, 7.26999999999999980E-001, 6.90690000000000026E+000, 3.37999999999999967E-002, 3.44999999999999994E-003
LOW_ALL,168, 7.27999999999999980E-001, 6.97660000000000036E+000, 3.47999999999999976E-002, 3.49000000000000005E-003
LOW_ALL,169, 7.28999999999999981E-001, 7.04940000000000033E+000, 3.55999999999999997E-002, 3.52000000000000013E-003
LOW_ALL,170, 7.30999999999999983E-001, 7.18510000000000026E+000, 3.50999999999999993E-002, 3.48000000000000002E-003
LOW_ALL,171, 7.32999999999999985E-001, 7.37080000000000002E+000, 3.52999999999999980E-002, 3.45999999999999997E-003
LOW_ALL,172, 7.34999999999999987E-001, 7.50839999999999996E+000, 3.64999999999999977E-002, 3.49000000000000005E-003
LOW_ALL,173, 7.36999999999999988E-001, 7.68229999999999968E+000, 3.55999999999999997E-002, 3.40999999999999984E-003
LOW_ALL,174, 7.38999999999999990E-001, 7.84030000000000005E+000, 3.72999999999999998E-002, 3.78999999999999997E-003
LOW_ALL,175, 7.40999999999999992E-001, 7.98770000000000024E+000, 3.69000000000000022E-002, 3.28999999999999996E-003
LOW_ALL,176, 7.41999999999999993E-001, 8.06090000000000018E+000, 3.83999999999999966E-002, 3.31000000000000001E-003
LOW_ALL,177, 7.42999999999999994E-001, 8.13679999999999914E+000, 4.00000000000000008E-002, 3.34000000000000009E-003
LOW_ALL,178, 7.44999999999999996E-001, 8.25660000000000061E+000, 4.07000000000000001E-002, 3.29999999999999998E-003
LOW_ALL,179, 7.46999999999999997E-001, 8.37870000000000026E+000, 4.54999999999999988E-002, 3.43999999999999992E-003
LOW_ALL,180, 7.47999999999999998E-001, 8.45219999999999949E+000, 4.63999999999999968E-002, 3.45999999999999997E-003
LOW_ALL,181, 7.48999999999999999E-001, 8.51919999999999966E+000, 4.66999999999999985E-002, 3.48000000000000002E-003
LOW_ALL,182, 7.50000000000000000E-001, 8.56659999999999933E+000, 4.61000000000000021E-002, 3.41999999999999986E-003
LOW_ALL,183, 7.51000000000000001E-001, 8.60650000000000048E+000, 4.54000000000000029E-002, 3.41999999999999986E-003
LOW_ALL,184, 7.53000000000000003E-001, 8.71349999999999980E+000, 4.58000000000000004E-002, 3.65000000000000003E-003
LOW_ALL,185, 7.55000000000000004E-001, 8.87110000000000021E+000, 4.51000000000000012E-002, 3.88999999999999979E-003
LOW_ALL,186, 7.57000000000000006E-001, 8.93539999999999957E+000, 4.63999999999999968E-002, 3.93999999999999993E-003
LOW_ALL,187, 7.57440000000000002E-001, 8.84291999999999945E+000, 4.60800000000000029E-002, 2.90000000000000015E-002
LOW_ALL,188, 7.60070000000000023E-001, 8.98573000000000022E+000, 4.51000000000000012E-002, 2.90000000000000015E-002
LOW_ALL,189, 7.62070000000000025E-001, 9.11473999999999940E+000, 4.23299999999999996E-002, 2.90000000000000015E-002
LOW_ALL,190, 7.65070000000000028E-001, 9.34379000000000026E+000, 3.93700000000000022E-002, 2.90000000000000015E-002
LOW_ALL,191, 7.68519999999999981E-001, 9.68726999999999983E+000, 4.24500000000000016E-002, 2.99999999999999989E-002
LOW_ALL,192, 7.70610000000000017E-001, 1.01089800000000007E+001, 4.75700000000000012E-002, 2.99999999999999989E-002
LOW_ALL,193, 7.72050000000000014E-001, 1.05391600000000007E+001, 4.80700000000000016E-002, 2.99999999999999989E-002
LOW_ALL,194, 7.73140000000000049E-001, 1.09269099999999995E+001, 4.76800000000000002E-002, 3.09999999999999998E-002
LOW_ALL,195, 7.74000000000000021E-001, 1.14303600000000003E+001, 4.68900000000000011E-002, 3.40000000000000024E-002
LOW_ALL,196, 7.74710000000000010E-001, 1.18436500000000002E+001, 4.62400000000000033E-002, 3.69999999999999982E-002
LOW_ALL,197, 7.75299999999999989E-001, 1.22744199999999992E+001, 4.54600000000000004E-002, 4.10000000000000017E-002
LOW_ALL,198, 7.75819999999999954E-001, 1.27141599999999997E+001, 4.45899999999999977E-002, 4.59999999999999992E-002
LOW_ALL,199, 7.76270000000000016E-001, 1.30992400000000000E+001, 4.38300000000000009E-002, 4.90000000000000019E-002
LOW_ALL,200, 7.76669999999999972E-001, 1.34424899999999994E+001, 4.31599999999999970E-002, 5.29999999999999985E-002
LOW_ALL,201, 7.77270000000000016E-001, 1.39883900000000008E+001, 4.15299999999999975E-002, 5.80000000000000029E-002
LOW_ALL,202, 7.77469999999999994E-001, 1.41889099999999999E+001, 4.07100000000000031E-002, 5.89999999999999969E-002
LOW_ALL,203, 7.77669999999999972E-001, 1.43924400000000006E+001, 3.98900000000000018E-002, 5.99999999999999978E-002
LOW_ALL,204, 7.77950000000000030E-001, 1.46751699999999996E+001, 3.87399999999999967E-002, 6.30000000000000004E-002
LOW_ALL,205, 7.78209999999999957E-001, 1.50132200000000005E+001, 3.86299999999999977E-002, 6.40000000000000013E-002
LOW_ALL,206, 7.78460000000000041E-001, 1.53464799999999997E+001, 3.87399999999999967E-002, 6.50000000000000022E-002
LOW_ALL,207, 7.78699999999999948E-001, 1.56622699999999995E+001, 3.88500000000000026E-002, 6.50000000000000022E-002
LOW_ALL,208, 7.78919999999999946E-001, 1.59632799999999992E+001, 3.89499999999999985E-002, 6.60000000000000031E-002
LOW_ALL,209, 7.79140000000000055E-001, 1.62634299999999996E+001, 3.93299999999999969E-002, 6.50000000000000022E-002
LOW_ALL,210, 7.79340000000000033E-001, 1.65585599999999999E+001, 3.98700000000000027E-002, 6.30000000000000004E-002
LOW_ALL,211, 7.79549999999999965E-001, 1.68451300000000010E+001, 4.03799999999999992E-002, 5.99999999999999978E-002
LOW_ALL,212, 7.79739999999999989E-001, 1.71260100000000008E+001, 4.08900000000000027E-002, 5.80000000000000029E-002
LOW_ALL,213, 7.79939999999999967E-001, 1.74011800000000001E+001, 4.13900000000000032E-002, 5.60000000000000012E-002
LOW_ALL,214, 7.80129999999999990E-001, 1.76749200000000002E+001, 4.18800000000000006E-002, 5.39999999999999994E-002
LOW_ALL,215, 7.80320000000000014E-001, 1.79472400000000007E+001, 4.23699999999999979E-002, 5.19999999999999976E-002
LOW_ALL,216, 7.80510000000000037E-001, 1.82209800000000008E+001, 4.28699999999999984E-002, 5.00000000000000028E-002
LOW_ALL,217, 7.80710000000000015E-001, 1.85004300000000015E+001, 4.33699999999999988E-002, 4.80000000000000010E-002
LOW_ALL,218, 7.80909999999999993E-001, 1.87884300000000017E+001, 4.38899999999999985E-002, 4.59999999999999992E-002
LOW_ALL,219, 7.81120000000000037E-001, 1.89325499999999991E+001, 4.32299999999999976E-002, 4.29999999999999966E-002
LOW_ALL,220, 7.81349999999999989E-001, 1.91403700000000008E+001, 4.15099999999999983E-002, 3.89999999999999999E-002
LOW_ALL,221, 7.81610000000000027E-001, 1.93089799999999983E+001, 3.95700000000000010E-002, 3.40000000000000024E-002
LOW_ALL,222, 7.81939999999999968E-001, 1.94134600000000006E+001, 3.75500000000000000E-002, 2.99999999999999989E-002
LOW_ALL,223, 7.82599999999999962E-001, 1.92210500000000017E+001, 3.44199999999999992E-002, 2.50000000000000014E-002
LOW_ALL,224, 7.82660000000000022E-001, 1.91763599999999990E+001, 3.41399999999999967E-002, 2.50000000000000014E-002
LOW_ALL,225, 7.82719999999999971E-001, 1.91440200000000011E+001, 2.42199999999999985E-002, 1.79999999999999986E-002
LOW_ALL,226, 7.83420000000000005E-001, 1.82680399999999992E+001, 3.62400000000000014E-002, 3.09999999999999998E-002
LOW_ALL,227, 7.83730000000000038E-001, 1.77885799999999996E+001, 3.69099999999999984E-002, 3.40000000000000024E-002
LOW_ALL,228, 7.83989999999999965E-001, 1.73176400000000008E+001, 3.73500000000000013E-002, 3.59999999999999973E-002
LOW_ALL,229, 7.84220000000000028E-001, 1.69035100000000007E+001, 3.64599999999999994E-002, 3.79999999999999991E-002
LOW_ALL,230, 7.84429999999999961E-001, 1.65205300000000008E+001, 3.55899999999999966E-002, 4.00000000000000008E-002
LOW_ALL,231, 7.84619999999999984E-001, 1.61558700000000002E+001, 3.47599999999999992E-002, 4.20000000000000026E-002
LOW_ALL,232, 7.84819999999999962E-001, 1.58040400000000005E+001, 3.39500000000000010E-002, 4.29999999999999966E-002
LOW_ALL,233, 7.85000000000000031E-001, 1.54609199999999998E+001, 3.31800000000000012E-002, 4.49999999999999983E-002
LOW_ALL,234, 7.85190000000000055E-001, 1.51714599999999997E+001, 3.29399999999999971E-002, 4.39999999999999974E-002
LOW_ALL,235, 7.85379999999999967E-001, 1.48804400000000001E+001, 3.26899999999999968E-002, 4.20000000000000026E-002
LOW_ALL,236, 7.85569999999999991E-001, 1.45878599999999992E+001, 3.24300000000000005E-002, 4.10000000000000017E-002
LOW_ALL,237, 7.85760000000000014E-001, 1.42921800000000001E+001, 3.21800000000000003E-002, 4.00000000000000008E-002
LOW_ALL,238, 7.85950000000000037E-001, 1.39887099999999993E+001, 3.19199999999999970E-002, 3.89999999999999999E-002
LOW_ALL,239, 7.86150000000000015E-001, 1.36774600000000000E+001, 3.16499999999999976E-002, 3.79999999999999991E-002
LOW_ALL,240, 7.86359999999999948E-001, 1.33553099999999993E+001, 3.13799999999999982E-002, 3.69999999999999982E-002
LOW_ALL,241, 7.86569999999999991E-001, 1.30207200000000007E+001, 3.10899999999999996E-002, 3.59999999999999973E-002
LOW_ALL,242, 7.86800000000000055E-001, 1.26705600000000000E+001, 3.07900000000000014E-002, 3.40000000000000024E-002
LOW_ALL,243, 7.87030000000000007E-001, 1.23178400000000003E+001, 3.06400000000000006E-002, 3.30000000000000016E-002
LOW_ALL,244, 7.87279999999999980E-001, 1.20357599999999998E+001, 3.15100000000000033E-002, 3.20000000000000007E-002
LOW_ALL,245, 7.87549999999999972E-001, 1.17356400000000001E+001, 3.24300000000000005E-002, 3.09999999999999998E-002
LOW_ALL,246, 7.87730000000000041E-001, 1.15268999999999995E+001, 3.30700000000000022E-002, 2.99999999999999989E-002
LOW_ALL,247, 7.87939999999999974E-001, 1.13012400000000000E+001, 3.37700000000000014E-002, 2.99999999999999989E-002
LOW_ALL,248, 7.88139999999999952E-001, 1.10665499999999994E+001, 3.44899999999999998E-002, 2.90000000000000015E-002
LOW_ALL,249, 7.88479999999999959E-001, 1.06874400000000005E+001, 3.56599999999999973E-002, 2.69999999999999997E-002
LOW_ALL,250, 7.88850000000000051E-001, 1.02711000000000006E+001, 3.69400000000000006E-002, 2.59999999999999988E-002
LOW_ALL,251, 7.89259999999999962E-001, 9.92615999999999943E+000, 3.73199999999999990E-002, 2.50000000000000014E-002
LOW_ALL,252, 7.89719999999999978E-001, 9.61625000000000085E+000, 3.70399999999999965E-002, 2.40000000000000005E-002
LOW_ALL,253, 7.90250000000000008E-001, 9.26197999999999944E+000, 3.67200000000000026E-002, 2.19999999999999987E-002
LOW_ALL,254, 7.90860000000000007E-001, 8.84989000000000026E+000, 3.63500000000000004E-002, 2.10000000000000013E-002
LOW_ALL,255, 7.91590000000000016E-001, 8.51182000000000016E+000, 3.53400000000000034E-002, 2.00000000000000004E-002
LOW_ALL,256, 7.92479999999999962E-001, 8.14274999999999949E+000, 3.39199999999999988E-002, 1.89999999999999995E-002
LOW_ALL,257, 7.93610000000000038E-001, 7.70220000000000038E+000, 3.22599999999999970E-002, 1.89999999999999995E-002
LOW_ALL,258, 7.95139999999999958E-001, 7.35874000000000006E+000, 3.27100000000000030E-002, 1.89999999999999995E-002
LOW_ALL,259, 7.97359999999999958E-001, 6.98259000000000007E+000, 3.26899999999999968E-002, 1.89999999999999995E-002
LOW_ALL,260, 7.98000000000000043E-001, 6.86430000000000007E+000, 3.23099999999999984E-002, 1.89999999999999995E-002
LOW_ALL,261, 8.00000000000000044E-001, 6.53359999999999985E+000, 3.14199999999999965E-002, 1.79999999999999986E-002
LOW_ALL,262, 8.02000000000000046E-001, 6.37035000000000018E+000, 3.15700000000000008E-002, 1.79999999999999986E-002
LOW_ALL,263, 8.04000000000000048E-001, 6.18215000000000003E+000, 3.11300000000000014E-002, 1.79999999999999986E-002
LOW_ALL,264, 8.06000000000000050E-001, 5.97499999999999964E+000, 2.97199999999999999E-002, 1.70000000000000012E-002
LOW_ALL,265, 8.08000000000000052E-001, 5.75734999999999975E+000, 2.91800000000000011E-002, 1.70000000000000012E-002
LOW_ALL,266, 8.10200000000000031E-001, 5.52805999999999997E+000, 2.93899999999999995E-002, 2.50000000000000014E-002
LOW_ALL,267, 8.10499999999999998E-001, 5.50370000000000026E+000, 2.93199999999999988E-002, 2.50000000000000014E-002
LOW_ALL,268, 8.11000000000000054E-001, 5.54889999999999972E+000, 2.92000000000000003E-002, 4.38000000000000021E-003
LOW_ALL,269, 8.12000000000000055E-001, 5.47470000000000034E+000, 2.86999999999999998E-002, 4.38000000000000021E-003
LOW_ALL,270, 8.12999999999999945E-001, 5.39879999999999960E+000, 2.81999999999999994E-002, 4.61000000000000038E-003
LOW_ALL,271, 8.14999999999999947E-001, 5.28019999999999978E+000, 2.75999999999999995E-002, 4.55000000000000022E-003
LOW_ALL,272, 8.16999999999999948E-001, 5.12230000000000008E+000, 2.67000000000000015E-002, 4.32000000000000006E-003
LOW_ALL,273, 8.17999999999999949E-001, 5.04359999999999964E+000, 2.58000000000000000E-002, 4.23999999999999985E-003
LOW_ALL,274, 8.18999999999999950E-001, 4.96419999999999995E+000, 2.48999999999999985E-002, 4.25000000000000031E-003
LOW_ALL,275, 8.20999999999999952E-001, 4.85660000000000025E+000, 2.39000000000000011E-002, 4.15000000000000004E-003
LOW_ALL,276, 8.22999999999999954E-001, 4.73759999999999959E+000, 2.40999999999999999E-002, 4.21999999999999979E-003
LOW_ALL,277, 8.24999999999999956E-001, 4.59239999999999959E+000, 2.38000000000000017E-002, 4.32000000000000006E-003
LOW_ALL,278, 8.26999999999999957E-001, 4.49739999999999984E+000, 2.33000000000000013E-002, 4.42999999999999991E-003
LOW_ALL,279, 8.28999999999999959E-001, 4.38159999999999972E+000, 2.25999999999999986E-002, 4.42000000000000032E-003
LOW_ALL,280, 8.30999999999999961E-001, 4.25140000000000029E+000, 2.24999999999999992E-002, 4.44000000000000037E-003
LOW_ALL,281, 8.32999999999999963E-001, 4.13780000000000037E+000, 2.21000000000000016E-002, 4.38000000000000021E-003
LOW_ALL,282, 8.34999999999999964E-001, 4.02090000000000014E+000, 2.16000000000000011E-002, 4.15999999999999964E-003
LOW_ALL,283, 8.36999999999999966E-001, 3.91069999999999984E+000, 2.12999999999999995E-002, 4.10999999999999994E-003
LOW_ALL,284, 8.38999999999999968E-001, 3.79729999999999990E+000, 2.02999999999999986E-002, 4.02999999999999973E-003
LOW_ALL,285, 8.40999999999999970E-001, 3.69099999999999984E+000, 2.06000000000000003E-002, 4.06000000000000024E-003
LOW_ALL,286, 8.42999999999999972E-001, 3.59680000000000000E+000, 2.05000000000000009E-002, 4.04999999999999978E-003
LOW_ALL,287, 8.44999999999999973E-001, 3.52000000000000002E+000, 1.96999999999999988E-002, 3.98999999999999962E-003
LOW_ALL,288, 8.46999999999999975E-001, 3.44620000000000015E+000, 2.02999999999999986E-002, 4.06999999999999983E-003
LOW_ALL,289, 8.48999999999999977E-001, 3.34339999999999993E+000, 1.93000000000000012E-002, 4.10999999999999994E-003
LOW_ALL,290, 8.50999999999999979E-001, 3.27820000000000000E+000, 1.95999999999999994E-002, 4.17000000000000010E-003
LOW_ALL,291, 8.52999999999999980E-001, 3.21150000000000002E+000, 1.96999999999999988E-002, 4.25000000000000031E-003
LOW_ALL,292, 8.53999999999999981E-001, 3.15859999999999985E+000, 1.95000000000000000E-002, 4.27999999999999995E-003
LOW_ALL,293, 8.54999999999999982E-001, 3.10480000000000000E+000, 1.93000000000000012E-002, 5.13999999999999960E-003
LOW_ALL,294, 8.56999999999999984E-001, 3.03160000000000007E+000, 1.84999999999999991E-002, 5.02999999999999975E-003
LOW_ALL,295, 8.58999999999999986E-001, 2.97250000000000014E+000, 1.83999999999999997E-002, 4.61000000000000038E-003
LOW_ALL,296, 8.59999999999999987E-001, 2.93009999999999993E+000, 1.83000000000000003E-002, 4.93999999999999995E-003
LOW_ALL,297, 8.60999999999999988E-001, 2.88700000000000001E+000, 1.83000000000000003E-002, 5.27000000000000038E-003
LOW_ALL,298, 8.62999999999999989E-001, 2.83049999999999979E+000, 1.83999999999999997E-002, 4.81000000000000004E-003
LOW_ALL,299, 8.64999999999999991E-001, 2.75039999999999996E+000, 1.81000000000000015E-002, 4.81000000000000004E-003
LOW_ALL,300, 8.65999999999999992E-001, 2.71799999999999997E+000, 1.76000000000000011E-002, 4.76999999999999993E-003
LOW_ALL,301, 8.66999999999999993E-001, 2.68610000000000015E+000, 1.71000000000000006E-002, 4.72999999999999983E-003
LOW_ALL,302, 8.68999999999999995E-001, 2.61379999999999990E+000, 1.72000000000000000E-002, 4.70999999999999978E-003
LOW_ALL,303, 8.70999999999999996E-001, 2.53849999999999998E+000, 1.72000000000000000E-002, 4.83000000000000009E-003
LOW_ALL,304, 8.71999999999999997E-001, 2.50329999999999986E+000, 1.71000000000000006E-002, 4.87000000000000020E-003
LOW_ALL,305, 8.72999999999999998E-001, 2.46790000000000020E+000, 1.68999999999999984E-002, 4.89999999999999984E-003
LOW_ALL,306, 8.75000000000000000E-001, 2.41740000000000022E+000, 1.62999999999999985E-002, 4.85000000000000014E-003
LOW_ALL,307, 8.77000000000000002E-001, 2.34549999999999992E+000, 1.59000000000000009E-002, 4.87999999999999979E-003
LOW_ALL,308, 8.79000000000000004E-001, 2.27649999999999997E+000, 1.65000000000000008E-002, 5.04999999999999980E-003
LOW_ALL,309, 8.81000000000000005E-001, 2.22449999999999992E+000, 1.55999999999999993E-002, 4.93999999999999995E-003
LOW_ALL,310, 8.83000000000000007E-001, 2.19059999999999988E+000, 1.64000000000000014E-002, 5.06000000000000026E-003
LOW_ALL,311, 8.85000000000000009E-001, 2.15059999999999985E+000, 1.66000000000000002E-002, 5.15000000000000006E-003
LOW_ALL,312, 8.87000000000000011E-001, 2.11549999999999994E+000, 1.68999999999999984E-002, 5.19000000000000017E-003
LOW_ALL,313, 8.89000000000000012E-001, 2.04429999999999978E+000, 1.61999999999999991E-002, 5.17000000000000012E-003
LOW_ALL,314, 8.91000000000000014E-001, 2.01960000000000006E+000, 1.70000000000000012E-002, 5.32000000000000008E-003
LOW_ALL,315, 8.93000000000000016E-001, 1.97380000000000000E+000, 1.70000000000000012E-002, 5.40999999999999988E-003
LOW_ALL,316, 8.94000000000000017E-001, 1.95330000000000004E+000, 1.66000000000000002E-002, 5.51000000000000014E-003
LOW_ALL,317, 8.95000000000000018E-001, 1.93229999999999991E+000, 1.61999999999999991E-002, 5.70000000000000021E-003
LOW_ALL,318, 8.97000000000000020E-001, 1.90789999999999993E+000, 1.61999999999999991E-002, 6.85000000000000019E-003
LOW_ALL,319, 8.99000000000000021E-001, 1.88030000000000008E+000, 1.58000000000000015E-002, 5.91999999999999992E-003
LOW_ALL,320, 9.00000000000000022E-001, 1.86099999999999999E+000, 1.56999999999999987E-002, 6.08999999999999993E-003
LOW_ALL,321, 9.01000000000000023E-001, 1.84149999999999991E+000, 1.55999999999999993E-002, 6.34000000000000015E-003
LOW_ALL,322, 9.03000000000000025E-001, 1.80960000000000010E+000, 1.61999999999999991E-002, 6.47999999999999965E-003
LOW_ALL,323, 9.05000000000000027E-001, 1.76859999999999995E+000, 1.55999999999999993E-002, 6.57999999999999991E-003
LOW_ALL,324, 9.07000000000000028E-001, 1.72770000000000001E+000, 1.49000000000000000E-002, 6.66999999999999971E-003
LOW_ALL,325, 9.09000000000000030E-001, 1.68540000000000001E+000, 1.54999999999999999E-002, 7.99000000000000057E-003
LOW_ALL,326, 9.11000000000000032E-001, 1.66030000000000011E+000, 1.51000000000000006E-002, 7.10000000000000041E-003
LOW_ALL,327, 9.13000000000000034E-001, 1.62610000000000010E+000, 1.52000000000000000E-002, 7.42999999999999997E-003
LOW_ALL,328, 9.15000000000000036E-001, 1.58170000000000011E+000, 1.46000000000000001E-002, 8.47000000000000010E-003
LOW_ALL,329, 9.16000000000000036E-001, 1.56879999999999997E+000, 1.43000000000000002E-002, 7.91000000000000036E-003
LOW_ALL,330, 9.17000000000000037E-001, 1.55669999999999997E+000, 1.40000000000000003E-002, 7.82000000000000056E-003
LOW_ALL,331, 9.19000000000000039E-001, 1.53049999999999997E+000, 1.48000000000000007E-002, 8.30999999999999968E-003
LOW_ALL,332, 9.21000000000000041E-001, 1.48120000000000007E+000, 1.37000000000000004E-002, 9.29999999999999924E-003
LOW_ALL,333, 9.22000000000000042E-001, 1.48140000000000005E+000, 1.43000000000000002E-002, 9.03999999999999942E-003
LOW_ALL,334, 9.23000000000000043E-001, 1.47780000000000000E+000, 1.48000000000000007E-002, 9.32000000000000016E-003
LOW_ALL,335, 9.25000000000000044E-001, 1.44199999999999995E+000, 1.48000000000000007E-002, 9.71999999999999947E-003
LOW_ALL,336, 9.27000000000000046E-001, 1.41199999999999992E+000, 1.48000000000000007E-002, 1.01399999999999997E-002
LOW_ALL,337, 9.29000000000000048E-001, 1.39050000000000007E+000, 1.37999999999999998E-002, 1.01499999999999993E-002
LOW_ALL,338, 9.31000000000000050E-001, 1.35929999999999995E+000, 1.45000000000000007E-002, 1.06599999999999993E-002
LOW_ALL,339, 9.33000000000000052E-001, 1.33899999999999997E+000, 1.43000000000000002E-002, 1.11800000000000007E-002
LOW_ALL,340, 9.35000000000000053E-001, 1.30430000000000001E+000, 1.37000000000000004E-002, 1.20999999999999996E-002
LOW_ALL,341, 9.37000000000000055E-001, 1.28089999999999993E+000, 1.31999999999999999E-002, 1.30399999999999995E-002
LOW_ALL,342, 9.37999999999999945E-001, 1.26839999999999997E+000, 1.28000000000000006E-002, 1.34900000000000003E-002
LOW_ALL,343, 9.38999999999999946E-001, 1.25590000000000002E+000, 1.23999999999999996E-002, 1.39100000000000005E-002
LOW_ALL,344, 9.40999999999999948E-001, 1.24740000000000006E+000, 1.20000000000000002E-002, 1.46499999999999998E-002
LOW_ALL,345, 9.42999999999999949E-001, 1.22459999999999991E+000, 1.25000000000000007E-002, 1.58200000000000007E-002
LOW_ALL,346, 9.44999999999999951E-001, 1.20130000000000003E+000, 1.20000000000000002E-002, 1.62500000000000006E-002
LOW_ALL,347, 9.46999999999999953E-001, 1.19619999999999993E+000, 1.25000000000000007E-002, 1.67999999999999990E-002
LOW_ALL,348, 9.48999999999999955E-001, 1.16920000000000002E+000, 1.26999999999999995E-002, 1.73899999999999992E-002
LOW_ALL,349, 9.50999999999999956E-001, 1.16060000000000008E+000, 1.26999999999999995E-002, 1.77900000000000003E-002
LOW_ALL,350, 9.51999999999999957E-001, 1.15409999999999990E+000, 1.26000000000000001E-002, 1.79999999999999986E-002
LOW_ALL,351, 9.52999999999999958E-001, 1.14749999999999996E+000, 1.26000000000000001E-002, 1.81499999999999995E-002
LOW_ALL,352, 9.53999999999999959E-001, 1.13660000000000005E+000, 1.25000000000000007E-002, 1.82900000000000007E-002
LOW_ALL,353, 9.54999999999999960E-001, 1.12559999999999993E+000, 1.25000000000000007E-002, 1.84199999999999989E-002
LOW_ALL,354, 9.56999999999999962E-001, 1.11309999999999998E+000, 1.25000000000000007E-002, 1.91999999999999983E-002
LOW_ALL,355, 9.57999999999999963E-001, 1.10159999999999991E+000, 1.22000000000000008E-002, 1.90600000000000006E-002
LOW_ALL,356, 9.58999999999999964E-001, 1.09230000000000005E+000, 1.20000000000000002E-002, 1.93399999999999996E-002
LOW_ALL,357, 9.60999999999999965E-001, 1.08200000000000007E+000, 1.25000000000000007E-002, 1.99800000000000012E-002
LOW_ALL,358, 9.61999999999999966E-001, 1.07770000000000010E+000, 1.23000000000000002E-002, 2.01899999999999996E-002
LOW_ALL,359, 9.62999999999999967E-001, 1.07380000000000009E+000, 1.19000000000000009E-002, 2.04000000000000015E-002
LOW_ALL,360, 9.63999999999999968E-001, 1.06489999999999996E+000, 1.20000000000000002E-002, 2.07299999999999984E-002
LOW_ALL,361, 9.64999999999999969E-001, 1.06410000000000005E+000, 1.37999999999999998E-002, 1.62600000000000001E-002
LOW_ALL,362, 9.66999999999999971E-001, 1.05430000000000001E+000, 1.38999999999999992E-002, 1.67600000000000006E-002
LOW_ALL,363, 9.67999999999999972E-001, 1.04980000000000007E+000, 1.40000000000000003E-002, 1.70200000000000004E-002
LOW_ALL,364, 9.68999999999999972E-001, 1.04620000000000002E+000, 1.42000000000000008E-002, 1.72899999999999998E-002
LOW_ALL,365, 9.69999999999999973E-001, 1.04380000000000006E+000, 1.42000000000000008E-002, 1.75400000000000000E-002
LOW_ALL,366, 9.70999999999999974E-001, 1.05790000000000006E+000, 2.08999999999999984E-002, 1.88900000000000005E-002
LOW_ALL,367, 9.72999999999999976E-001, 1.07959999999999989E+000, 2.10000000000000013E-002, 1.98100000000000012E-002
LOW_ALL,368, 9.74999999999999978E-001, 1.04649999999999999E+000, 1.78999999999999992E-002, 1.94800000000000008E-002
LOW_ALL,369, 9.76999999999999980E-001, 1.02509999999999990E+000, 1.95999999999999994E-002, 2.09400000000000003E-002
LOW_ALL,370, 9.77999999999999980E-001, 1.02919999999999989E+000, 1.96999999999999988E-002, 2.12500000000000015E-002
LOW_ALL,371, 9.78999999999999981E-001, 1.03319999999999990E+000, 1.96999999999999988E-002, 2.15100000000000013E-002
LOW_ALL,372, 9.79999999999999982E-001, 1.01239999999999997E+000, 1.83000000000000003E-002, 1.64200000000000006E-002
LOW_ALL,373, 9.80999999999999983E-001, 1.00639999999999996E+000, 1.77999999999999999E-002, 1.63799999999999987E-002
LOW_ALL,374, 9.82999999999999985E-001, 1.02380000000000004E+000, 1.70000000000000012E-002, 1.65000000000000008E-002
LOW_ALL,375, 9.84999999999999987E-001, 1.00170000000000003E+000, 1.84999999999999991E-002, 1.86300000000000007E-002
LOW_ALL,376, 9.86999999999999988E-001, 1.02540000000000009E+000, 1.73999999999999988E-002, 2.06199999999999994E-002
LOW_ALL,377, 9.87999999999999989E-001, 1.08180000000000009E+000, 1.72000000000000000E-002, 2.08600000000000001E-002
LOW_ALL,378, 9.88999999999999990E-001, 1.05410000000000004E+000, 1.66999999999999996E-002, 2.33399999999999996E-002
LOW_ALL,379, 9.90999999999999992E-001, 1.07590000000000008E+000, 1.75000000000000017E-002, 2.59999999999999988E-002
LOW_ALL,380, 9.92999999999999994E-001, 1.07939999999999992E+000, 1.60999999999999997E-002, 2.58999999999999994E-002
LOW_ALL,381, 9.94999999999999996E-001, 1.11359999999999992E+000, 1.62999999999999985E-002, 2.56699999999999984E-002
LOW_ALL,382, 9.96999999999999997E-001, 1.14149999999999996E+000, 1.72000000000000000E-002, 2.62499999999999990E-002
LOW_ALL,383, 9.97999999999999998E-001, 1.16510000000000002E+000, 1.84999999999999991E-002, 2.65500000000000007E-002
LOW_ALL,384, 9.99900000000000011E-001, 1.22940000000000005E+000, 2.30999999999999990E-002, 2.52800000000000004E-002
LOW_ALL,385, 1.00000000000000000E+000, 1.23380000000000001E+000, 2.34000000000000007E-002, 2.51200000000000000E-002
LOW_ALL,386, 1.00001000000000007E+000, 1.27689999999999992E+000, 2.38000000000000017E-002, 1.88000000000000007E-002
LOW_ALL,387, 1.00029999999999997E+000, 1.28878000000000004E+000, 3.03999999999999999E-002, 1.87000000000000013E-002
LOW_ALL,388, 1.00099999999999989E+000, 1.31746000000000008E+000, 3.09999999999999998E-002, 1.84999999999999991E-002
LOW_ALL,389, 1.00170000000000003E+000, 1.34613999999999989E+000, 3.35000000000000020E-002, 1.83000000000000003E-002
LOW_ALL,390, 1.00239999999999996E+000, 1.37483000000000000E+000, 4.15999999999999981E-002, 1.81000000000000015E-002
LOW_ALL,391, 1.00310000000000010E+000, 1.40351000000000004E+000, 4.95000000000000023E-002, 1.78999999999999992E-002
LOW_ALL,392, 1.00380000000000003E+000, 1.43008000000000002E+000, 2.56000000000000012E-002, 1.77000000000000005E-002
LOW_ALL,393, 1.00449999999999995E+000, 1.53512000000000004E+000, 2.59199999999999986E-002, 1.58000000000000015E-002
LOW_ALL,394, 1.00520000000000009E+000, 1.66250000000000009E+000, 2.67000000000000015E-002, 1.40999999999999997E-002
LOW_ALL,395, 1.00590000000000002E+000, 1.80249999999999999E+000, 2.74700000000000014E-002, 1.29000000000000000E-002
LOW_ALL,396, 1.00659999999999994E+000, 1.94249999999999989E+000, 2.82500000000000008E-002, 1.20000000000000002E-002
LOW_ALL,397, 1.00730000000000008E+000, 2.08601999999999999E+000, 2.90200000000000007E-002, 1.11000000000000005E-002
LOW_ALL,398, 1.00800000000000001E+000, 2.23423000000000016E+000, 2.98800000000000003E-002, 1.03000000000000001E-002
LOW_ALL,399, 1.00869999999999993E+000, 2.38613000000000008E+000, 3.08000000000000010E-002, 9.59999999999999916E-003
LOW_ALL,400, 1.00940000000000007E+000, 2.56664000000000003E+000, 3.20900000000000005E-002, 9.29999999999999924E-003
LOW_ALL,401, 1.01010000000000000E+000, 2.74714999999999998E+000, 3.45000000000000029E-002, 8.99999999999999932E-003
LOW_ALL,402, 1.01079999999999992E+000, 3.30724999999999980E+000, 3.69200000000000014E-002, 8.39999999999999948E-003
LOW_ALL,403, 1.01150000000000007E+000, 4.09604000000000035E+000, 3.95399999999999988E-002, 7.19999999999999980E-003
LOW_ALL,404, 1.01219999999999999E+000, 4.88483000000000001E+000, 4.24399999999999986E-002, 6.30000000000000004E-003
LOW_ALL,405, 1.01289999999999991E+000, 5.67361999999999966E+000, 4.66799999999999993E-002, 5.79999999999999960E-003
LOW_ALL,406, 1.01360000000000006E+000, 7.04875999999999969E+000, 6.14099999999999993E-002, 4.30000000000000000E-003
LOW_ALL,407, 1.01429999999999998E+000, 8.58313000000000059E+000, 7.61300000000000032E-002, 3.50000000000000007E-003
LOW_ALL,408, 1.01499999999999990E+000, 1.01585000000000001E+001, 1.06969999999999996E-001, 3.00000000000000006E-003
LOW_ALL,409, 1.01520000000000010E+000, 1.09252400000000005E+001, 1.07840000000000005E-001, 2.79999999999999997E-003
LOW_ALL,410, 1.01540000000000008E+000, 1.16919900000000005E+001, 1.08710000000000001E-001, 2.59999999999999988E-003
LOW_ALL,411, 1.01560000000000006E+000, 1.26972199999999997E+001, 1.09579999999999997E-001, 2.39999999999999979E-003
LOW_ALL,412, 1.01580000000000004E+000, 1.39217899999999997E+001, 1.33220000000000005E-001, 2.29999999999999996E-003
LOW_ALL,413, 1.01600000000000001E+000, 1.56781299999999995E+001, 1.71309999999999990E-001, 2.00000000000000004E-003
LOW_ALL,414, 1.01619999999999999E+000, 1.74344700000000010E+001, 2.16499999999999998E-001, 1.79999999999999995E-003
LOW_ALL,415, 1.01639999999999997E+000, 1.91908199999999987E+001, 2.47480000000000006E-001, 1.69999999999999991E-003
LOW_ALL,416, 1.01659999999999995E+000, 2.09471600000000002E+001, 2.78449999999999975E-001, 1.50000000000000003E-003
LOW_ALL,417, 1.01679999999999993E+000, 2.28413199999999996E+001, 3.23259999999999992E-001, 1.39999999999999999E-003
LOW_ALL,418, 1.01699999999999990E+000, 2.54865700000000004E+001, 3.68010000000000004E-001, 1.19999999999999989E-003
LOW_ALL,419, 1.01720000000000010E+000, 2.81318300000000008E+001, 4.05260000000000009E-001, 1.10000000000000007E-003
LOW_ALL,420, 1.01740000000000008E+000, 3.12165199999999992E+001, 4.42510000000000014E-001, 1.00000000000000002E-003
LOW_ALL,421, 1.01770000000000005E+000, 3.62504599999999968E+001, 4.79750000000000010E-001, 8.00000000000000038E-004
LOW_ALL,422, 1.01790000000000003E+000, 3.95851400000000027E+001, 5.17000000000000015E-001, 8.00000000000000038E-004
LOW_ALL,423, 1.01800000000000002E+000, 4.12377099999999999E+001, 5.41850000000000054E-001, 8.00000000000000038E-004
LOW_ALL,424, 1.01819999999999999E+000, 4.42798900000000017E+001, 5.97400000000000042E-001, 6.99999999999999993E-004
LOW_ALL,425, 1.01839999999999997E+000, 4.72111500000000035E+001, 6.52939999999999965E-001, 5.99999999999999947E-004
LOW_ALL,426, 1.01859999999999995E+000, 4.99760100000000023E+001, 7.23949999999999982E-001, 5.99999999999999947E-004
LOW_ALL,427, 1.01879999999999993E+000, 5.12110300000000009E+001, 7.75909999999999989E-001, 5.99999999999999947E-004
LOW_ALL,428, 1.01899999999999991E+000, 5.22370400000000004E+001, 8.40740000000000043E-001, 6.99999999999999993E-004
LOW_ALL,429, 1.01920000000000011E+000, 5.24746000000000024E+001, 8.20749999999999980E-001, 6.99999999999999993E-004
LOW_ALL,430, 1.01940000000000008E+000, 5.22787500000000023E+001, 8.77650000000000041E-001, 6.99999999999999993E-004
LOW_ALL,431, 1.01960000000000006E+000, 5.08238199999999978E+001, 9.10120000000000040E-001, 5.99999999999999947E-004
LOW_ALL,432, 1.01980000000000004E+000, 4.80048200000000023E+001, 9.05919999999999948E-001, 6.99999999999999993E-004
LOW_ALL,433, 1.02000000000000002E+000, 4.49671900000000022E+001, 1.07970000000000010E+000, 6.99999999999999993E-004
LOW_ALL,434, 1.02020000000000000E+000, 4.19295699999999982E+001, 1.18223999999999996E+000, 8.00000000000000038E-004
LOW_ALL,435, 1.02039999999999997E+000, 3.88919399999999982E+001, 1.19660999999999995E+000, 8.99999999999999975E-004
LOW_ALL,436, 1.02059999999999995E+000, 3.54749800000000022E+001, 1.16400999999999999E+000, 1.00000000000000002E-003
LOW_ALL,437, 1.02079999999999993E+000, 3.25749100000000027E+001, 1.11339999999999995E+000, 1.10000000000000007E-003
LOW_ALL,438, 1.02099999999999991E+000, 2.98694699999999997E+001, 1.11148000000000002E+000, 1.19999999999999989E-003
LOW_ALL,439, 1.02120000000000011E+000, 2.71640200000000007E+001, 1.05916999999999994E+000, 1.29999999999999994E-003
LOW_ALL,440, 1.02140000000000009E+000, 2.44585700000000017E+001, 1.00686000000000009E+000, 1.50000000000000003E-003
LOW_ALL,441, 1.02160000000000006E+000, 2.24427899999999987E+001, 9.54550000000000010E-001, 1.69999999999999991E-003
LOW_ALL,442, 1.02180000000000004E+000, 2.07127799999999986E+001, 9.52729999999999966E-001, 1.79999999999999995E-003
LOW_ALL,443, 1.02200000000000002E+000, 1.91071600000000004E+001, 9.18009999999999993E-001, 2.00000000000000004E-003
LOW_ALL,444, 1.02220000000000000E+000, 1.76543400000000013E+001, 8.69349999999999956E-001, 2.20000000000000013E-003
LOW_ALL,445, 1.02239999999999998E+000, 1.64499099999999991E+001, 8.20690000000000031E-001, 2.39999999999999979E-003
LOW_ALL,446, 1.02269999999999994E+000, 1.50170800000000000E+001, 7.72029999999999994E-001, 2.59999999999999988E-003
LOW_ALL,447, 1.02289999999999992E+000, 1.40618599999999994E+001, 7.49120000000000008E-001, 2.70000000000000014E-003
LOW_ALL,448, 1.02299999999999991E+000, 1.35842500000000008E+001, 7.01130000000000031E-001, 2.70000000000000014E-003
LOW_ALL,449, 1.02320000000000011E+000, 1.26290300000000002E+001, 6.45249999999999990E-001, 2.89999999999999980E-003
LOW_ALL,450, 1.02340000000000009E+000, 1.19936199999999999E+001, 6.22839999999999949E-001, 3.00000000000000006E-003
LOW_ALL,451, 1.02360000000000007E+000, 1.15304199999999994E+001, 6.06269999999999976E-001, 3.09999999999999989E-003
LOW_ALL,452, 1.02380000000000004E+000, 1.10672099999999993E+001, 5.54039999999999977E-001, 3.20000000000000015E-003
LOW_ALL,453, 1.02400000000000002E+000, 1.06040100000000006E+001, 5.19220000000000015E-001, 3.29999999999999998E-003
LOW_ALL,454, 1.02420000000000000E+000, 1.01408100000000001E+001, 5.01809999999999978E-001, 3.39999999999999981E-003
LOW_ALL,455, 1.02439999999999998E+000, 9.67760999999999960E+000, 4.66990000000000016E-001, 3.50000000000000007E-003
LOW_ALL,456, 1.02459999999999996E+000, 9.21441000000000088E+000, 4.40790000000000015E-001, 3.70000000000000016E-003
LOW_ALL,457, 1.02479999999999993E+000, 8.75120000000000076E+000, 4.19219999999999982E-001, 3.89999999999999982E-003
LOW_ALL,458, 1.02499999999999991E+000, 8.28800000000000026E+000, 3.97660000000000013E-001, 4.00000000000000008E-003
LOW_ALL,459, 1.02570000000000006E+000, 7.29771999999999998E+000, 3.76099999999999990E-001, 4.79999999999999958E-003
LOW_ALL,460, 1.02639999999999998E+000, 6.30743999999999971E+000, 3.54540000000000022E-001, 5.70000000000000021E-003
LOW_ALL,461, 1.02709999999999990E+000, 5.31716999999999995E+000, 3.32979999999999998E-001, 7.00000000000000015E-003
LOW_ALL,462, 1.02780000000000005E+000, 4.48592999999999975E+000, 3.11419999999999975E-001, 8.30000000000000009E-003
LOW_ALL,463, 1.02849999999999997E+000, 4.08068000000000008E+000, 2.89860000000000007E-001, 1.15999999999999992E-002
LOW_ALL,464, 1.02919999999999989E+000, 3.84703999999999979E+000, 2.68299999999999983E-001, 1.23000000000000002E-002
LOW_ALL,465, 1.02990000000000004E+000, 3.61338999999999988E+000, 2.50269999999999992E-001, 1.31000000000000005E-002
LOW_ALL,466, 1.03059999999999996E+000, 3.37975000000000003E+000, 2.32240000000000002E-001, 1.38999999999999992E-002
LOW_ALL,467, 1.03130000000000011E+000, 3.14611000000000018E+000, 2.14219999999999994E-001, 1.49999999999999994E-002
LOW_ALL,468, 1.03200000000000003E+000, 2.91246999999999989E+000, 1.85139999999999999E-001, 1.60999999999999997E-002
LOW_ALL,469, 1.03269999999999995E+000, 2.67881999999999998E+000, 2.03580000000000011E-001, 1.75000000000000017E-002
LOW_ALL,470, 1.03340000000000010E+000, 2.44518000000000013E+000, 1.91349999999999992E-001, 1.91999999999999983E-002
LOW_ALL,471, 1.03410000000000002E+000, 2.25295999999999985E+000, 1.79109999999999991E-001, 2.40999999999999999E-002
LOW_ALL,472, 1.03479999999999994E+000, 2.17801000000000000E+000, 1.66880000000000001E-001, 2.46000000000000003E-002
LOW_ALL,473, 1.03550000000000009E+000, 2.10809999999999986E+000, 1.54650000000000010E-001, 2.51000000000000008E-002
LOW_ALL,474, 1.03620000000000001E+000, 2.04020000000000001E+000, 1.42410000000000009E-001, 2.56000000000000012E-002
LOW_ALL,475, 1.03689999999999993E+000, 1.97229999999999994E+000, 1.30179999999999990E-001, 2.61000000000000017E-002
LOW_ALL,476, 1.03760000000000008E+000, 1.90440000000000009E+000, 1.17949999999999999E-001, 2.65999999999999986E-002
LOW_ALL,477, 1.03830000000000000E+000, 1.83379000000000003E+000, 1.34259999999999990E-001, 2.73000000000000013E-002
LOW_ALL,478, 1.03899999999999992E+000, 1.75956000000000001E+000, 1.27679999999999988E-001, 2.81000000000000000E-002
LOW_ALL,479, 1.03970000000000007E+000, 1.67778999999999989E+000, 1.21950000000000003E-001, 2.99999999999999989E-002
LOW_ALL,480, 1.03998999999999997E+000, 1.65650000000000008E+000, 1.16559999999999997E-001, 2.94999999999999984E-002
LOW_ALL,481, 1.04000000000000004E+000, 1.65730000000000000E+000, 1.11170000000000005E-001, 3.26600000000000015E-002
LOW_ALL,482, 1.04001000000000010E+000, 1.65660000000000007E+000, 1.05779999999999999E-001, 3.25999999999999970E-002
LOW_ALL,483, 1.04499999999999993E+000, 1.47199999999999998E+000, 1.00550000000000000E-001, 2.74399999999999991E-002
LOW_ALL,484, 1.04960000000000009E+000, 1.28740000000000010E+000, 9.55300000000000038E-002, 2.51000000000000008E-002
LOW_ALL,485, 1.04980999999999991E+000, 1.27429999999999999E+000, 9.32499999999999996E-002, 2.76199999999999987E-002
LOW_ALL,486, 1.05000000000000004E+000, 1.25980000000000003E+000, 8.82000000000000006E-002, 3.38900000000000035E-002
LOW_ALL,487, 1.05499999999999994E+000, 1.17799999999999994E+000, 1.60000000000000003E-002, 3.26400000000000023E-002
LOW_ALL,488, 1.05952000000000002E+000, 1.11179999999999990E+000, 1.58000000000000015E-002, 3.11099999999999988E-002
LOW_ALL,489, 1.06200000000000006E+000, 1.05069999999999997E+000, 1.91999999999999983E-002, 3.86400000000000007E-002
LOW_ALL,490, 1.06499999999999995E+000, 1.02400000000000002E+000, 1.91999999999999983E-002, 4.00799999999999976E-002
LOW_ALL,491, 1.06699999999999995E+000, 1.00679999999999992E+000, 1.90999999999999989E-002, 4.10500000000000032E-002
LOW_ALL,492, 1.07499999999999996E+000, 9.56899999999999973E-001, 1.83000000000000003E-002, 4.11800000000000013E-002
LOW_ALL,493, 1.07699999999999996E+000, 9.47100000000000053E-001, 1.82000000000000009E-002, 4.27200000000000010E-002
LOW_ALL,494, 1.08499999999999996E+000, 9.31499999999999995E-001, 1.54999999999999999E-002, 4.25299999999999984E-002
LOW_ALL,495, 1.08699999999999997E+000, 9.29599999999999982E-001, 1.58000000000000015E-002, 3.93200000000000008E-002
LOW_ALL,496, 1.09499999999999997E+000, 9.24900000000000055E-001, 1.54000000000000005E-002, 3.90899999999999997E-002
LOW_ALL,497, 1.09699999999999998E+000, 9.14599999999999969E-001, 1.51000000000000006E-002, 3.82600000000000023E-002
LOW_ALL,498, 1.10499999999999998E+000, 8.85299999999999976E-001, 1.46000000000000001E-002, 4.20499999999999971E-002
LOW_ALL,499, 1.10699999999999998E+000, 8.83600000000000052E-001, 1.46000000000000001E-002, 4.33499999999999996E-002
LOW_ALL,500, 1.11200000000000010E+000, 8.77900000000000014E-001, 1.46000000000000001E-002, 4.28899999999999976E-002
LOW_ALL,501, 1.11499999999999999E+000, 8.75499999999999945E-001, 1.48000000000000007E-002, 4.24700000000000008E-002
LOW_ALL,502, 1.11699999999999999E+000, 8.70900000000000007E-001, 1.48000000000000007E-002, 4.22299999999999967E-002
LOW_ALL,503, 1.12500000000000000E+000, 8.58299999999999952E-001, 1.46000000000000001E-002, 4.12700000000000011E-002
LOW_ALL,504, 1.12700000000000000E+000, 8.57099999999999973E-001, 1.43999999999999996E-002, 4.10999999999999976E-002
LOW_ALL,505, 1.13500000000000001E+000, 8.63700000000000023E-001, 1.35999999999999992E-002, 4.24599999999999977E-002
LOW_ALL,506, 1.13700000000000001E+000, 8.68999999999999995E-001, 1.35999999999999992E-002, 4.22500000000000028E-002
LOW_ALL,507, 1.13799999999999990E+000, 8.71500000000000052E-001, 1.34999999999999998E-002, 4.22200000000000006E-002
LOW_ALL,508, 1.14500000000000002E+000, 8.83299999999999974E-001, 1.48000000000000007E-002, 4.29399999999999990E-002
LOW_ALL,509, 1.15199999999999991E+000, 8.90299999999999980E-001, 1.49999999999999994E-002, 4.24700000000000008E-002
LOW_ALL,510, 1.15500000000000003E+000, 8.95800000000000041E-001, 1.43999999999999996E-002, 4.09399999999999972E-002
LOW_ALL,511, 1.16300000000000003E+000, 9.00699999999999945E-001, 1.31999999999999999E-002, 4.09800000000000025E-002
LOW_ALL,512, 1.16500000000000004E+000, 8.99599999999999955E-001, 1.32999999999999993E-002, 4.12399999999999989E-002
LOW_ALL,513, 1.16700000000000004E+000, 8.99599999999999955E-001, 1.32999999999999993E-002, 4.11899999999999974E-002
LOW_ALL,514, 1.17500000000000004E+000, 9.07599999999999962E-001, 1.26999999999999995E-002, 4.39900000000000013E-002
LOW_ALL,515, 1.17700000000000005E+000, 9.12000000000000033E-001, 1.26999999999999995E-002, 4.49700000000000030E-002
LOW_ALL,516, 1.18500000000000005E+000, 9.19300000000000006E-001, 1.31000000000000005E-002, 4.32200000000000015E-002
LOW_ALL,517, 1.18700000000000006E+000, 9.19300000000000006E-001, 1.31000000000000005E-002, 4.26699999999999996E-002
LOW_ALL,518, 1.18799999999999994E+000, 9.19399999999999995E-001, 1.31000000000000005E-002, 4.25499999999999975E-002
LOW_ALL,519, 1.19500000000000006E+000, 9.27300000000000013E-001, 1.23999999999999996E-002, 3.78700000000000009E-002
LOW_ALL,520, 1.19700000000000006E+000, 9.30499999999999994E-001, 1.22000000000000008E-002, 3.74600000000000002E-002
LOW_ALL,521, 1.20500000000000007E+000, 9.41400000000000015E-001, 1.20999999999999996E-002, 3.49799999999999972E-002
LOW_ALL,522, 1.20700000000000007E+000, 9.46300000000000030E-001, 1.22000000000000008E-002, 3.44500000000000015E-002
LOW_ALL,523, 1.21199999999999997E+000, 9.56699999999999995E-001, 1.23000000000000002E-002, 3.21400000000000019E-002
LOW_ALL,524, 1.21500000000000008E+000, 9.62099999999999955E-001, 1.22000000000000008E-002, 3.12300000000000008E-002
LOW_ALL,525, 1.21700000000000008E+000, 9.64500000000000024E-001, 1.20000000000000002E-002, 3.05400000000000012E-002
LOW_ALL,526, 1.22500000000000009E+000, 9.85800000000000010E-001, 1.20000000000000002E-002, 3.35700000000000026E-002
LOW_ALL,527, 1.22700000000000009E+000, 9.91199999999999970E-001, 1.20999999999999996E-002, 3.50699999999999970E-002
LOW_ALL,528, 1.23500000000000010E+000, 1.01639999999999997E+000, 1.20000000000000002E-002, 3.53199999999999972E-002
LOW_ALL,529, 1.23700000000000010E+000, 1.02429999999999999E+000, 1.20000000000000002E-002, 3.41899999999999982E-002
LOW_ALL,530, 1.24500000000000011E+000, 1.04990000000000006E+000, 1.23000000000000002E-002, 3.03000000000000005E-002
LOW_ALL,531, 1.24700000000000011E+000, 1.05249999999999999E+000, 1.22000000000000008E-002, 3.05600000000000004E-002
LOW_ALL,532, 1.25499999999999989E+000, 1.06319999999999992E+000, 1.20999999999999996E-002, 3.02100000000000007E-002
LOW_ALL,533, 1.25699999999999990E+000, 1.06780000000000008E+000, 1.23000000000000002E-002, 2.99999999999999989E-002
LOW_ALL,534, 1.26299999999999990E+000, 1.08610000000000007E+000, 1.26000000000000001E-002, 3.08700000000000016E-002
LOW_ALL,535, 1.26499999999999990E+000, 1.09309999999999996E+000, 1.26999999999999995E-002, 3.15799999999999970E-002
LOW_ALL,536, 1.26699999999999990E+000, 1.09729999999999994E+000, 1.26000000000000001E-002, 3.24600000000000027E-002
LOW_ALL,537, 1.27499999999999991E+000, 1.11179999999999990E+000, 1.23000000000000002E-002, 3.15399999999999986E-002
LOW_ALL,538, 1.27699999999999991E+000, 1.11680000000000001E+000, 1.23000000000000002E-002, 3.08499999999999990E-002
LOW_ALL,539, 1.28499999999999992E+000, 1.13579999999999992E+000, 1.20000000000000002E-002, 2.89699999999999992E-002
LOW_ALL,540, 1.28699999999999992E+000, 1.14090000000000003E+000, 1.19000000000000009E-002, 2.89599999999999996E-002
LOW_ALL,541, 1.28800000000000003E+000, 1.14329999999999998E+000, 1.17999999999999997E-002, 2.89599999999999996E-002
LOW_ALL,542, 1.29499999999999993E+000, 1.17569999999999997E+000, 1.17999999999999997E-002, 2.91299999999999996E-002
LOW_ALL,543, 1.29699999999999993E+000, 1.18619999999999992E+000, 1.19000000000000009E-002, 2.96200000000000005E-002
LOW_ALL,544, 1.30499999999999994E+000, 1.21789999999999998E+000, 1.22000000000000008E-002, 3.18200000000000011E-002
LOW_ALL,545, 1.30699999999999994E+000, 1.22449999999999992E+000, 1.23000000000000002E-002, 3.23799999999999991E-002
LOW_ALL,546, 1.31200000000000006E+000, 1.24249999999999994E+000, 1.25000000000000007E-002, 3.34500000000000006E-002
LOW_ALL,547, 1.31499999999999995E+000, 1.25209999999999999E+000, 1.25000000000000007E-002, 3.29199999999999979E-002
LOW_ALL,548, 1.31699999999999995E+000, 1.25570000000000004E+000, 1.23999999999999996E-002, 3.27799999999999966E-002
LOW_ALL,549, 1.32499999999999996E+000, 1.26730000000000009E+000, 1.20999999999999996E-002, 3.15100000000000033E-002
LOW_ALL,550, 1.32699999999999996E+000, 1.27380000000000004E+000, 1.20999999999999996E-002, 3.16299999999999984E-002
LOW_ALL,551, 1.33499999999999996E+000, 1.30889999999999995E+000, 1.23999999999999996E-002, 3.11400000000000010E-002
LOW_ALL,552, 1.33699999999999997E+000, 1.31509999999999994E+000, 1.25000000000000007E-002, 3.12800000000000022E-002
LOW_ALL,553, 1.34499999999999997E+000, 1.33460000000000001E+000, 1.26999999999999995E-002, 3.47799999999999984E-002
LOW_ALL,554, 1.34699999999999998E+000, 1.34139999999999993E+000, 1.26999999999999995E-002, 3.58399999999999969E-002
LOW_ALL,555, 1.35000000000000009E+000, 1.35460000000000003E+000, 1.26999999999999995E-002, 3.76399999999999998E-002
LOW_ALL,556, 1.35499999999999998E+000, 1.38769999999999993E+000, 1.23999999999999996E-002, 3.60200000000000034E-002
LOW_ALL,557, 1.35699999999999998E+000, 1.39890000000000003E+000, 1.23999999999999996E-002, 3.52900000000000019E-002
LOW_ALL,558, 1.36200000000000010E+000, 1.42440000000000011E+000, 1.26999999999999995E-002, 3.37799999999999975E-002
LOW_ALL,559, 1.36499999999999999E+000, 1.44029999999999991E+000, 1.31000000000000005E-002, 3.19800000000000015E-002
LOW_ALL,560, 1.36699999999999999E+000, 1.45150000000000001E+000, 1.32999999999999993E-002, 3.07400000000000000E-002
LOW_ALL,561, 1.37500000000000000E+000, 1.49249999999999994E+000, 1.37000000000000004E-002, 3.12800000000000022E-002
LOW_ALL,562, 1.37700000000000000E+000, 1.49720000000000009E+000, 1.35999999999999992E-002, 3.14100000000000004E-002
LOW_ALL,563, 1.38500000000000001E+000, 1.51560000000000006E+000, 1.54999999999999999E-002, 3.45299999999999982E-002
LOW_ALL,564, 1.38700000000000001E+000, 1.52279999999999993E+000, 1.54000000000000005E-002, 3.48199999999999968E-002
LOW_ALL,565, 1.38799999999999990E+000, 1.52509999999999990E+000, 1.54000000000000005E-002, 3.45600000000000004E-002
LOW_ALL,566, 1.39500000000000002E+000, 1.55479999999999996E+000, 1.58000000000000015E-002, 3.40200000000000016E-002
LOW_ALL,567, 1.39999999999999991E+000, 1.58499999999999996E+000, 1.64000000000000014E-002, 3.40700000000000031E-002
R3_2,1, 3.10000000000000009E+000, 2.20500000000000007E+000, 1.60000000000000003E-002, 1.00000000000000002E-002
R3_2,2, 3.20000000000000018E+000, 2.19300000000000006E+000, 1.70000000000000012E-002, 1.09999999999999994E-002
R3_2,3, 3.29999999999999982E+000, 2.23099999999999987E+000, 2.10000000000000013E-002, 1.60000000000000003E-002
R3_2,4, 3.39999999999999991E+000, 2.22599999999999998E+000, 2.10000000000000013E-002, 1.79999999999999986E-002
R3_2,5, 3.45000000000000018E+000, 2.22400000000000020E+000, 2.00000000000000004E-002, 1.79999999999999986E-002
R3_2,6, 3.50000000000000000E+000, 2.22500000000000009E+000, 2.00000000000000004E-002, 1.70000000000000012E-002
R3_2,7, 3.54199999999999982E+000, 2.22800000000000020E+000, 2.00000000000000004E-002, 1.60000000000000003E-002
R3_2,8, 3.54999999999999982E+000, 2.23099999999999987E+000, 2.10000000000000013E-002, 1.70000000000000012E-002
R3_2,9, 3.55399999999999983E+000, 2.23300000000000010E+000, 2.10000000000000013E-002, 1.79999999999999986E-002
R3_2,10, 3.56099999999999994E+000, 2.22900000000000009E+000, 2.10000000000000013E-002, 1.70000000000000012E-002
R3_2,11, 3.58999999999999986E+000, 2.23099999999999987E+000, 2.10000000000000013E-002, 1.70000000000000012E-002
R3_2,12, 3.59799999999999986E+000, 2.23099999999999987E+000, 2.10000000000000013E-002, 1.70000000000000012E-002
R3_2,13, 3.60000000000000009E+000, 2.24400000000000022E+000, 1.79999999999999986E-002, 1.49999999999999994E-002
R3_6,1, 3.60000000000000009E+000, 2.24400000000000022E+000, 1.79999999999999986E-002, 1.49999999999999994E-002
R3_6,2, 3.60199999999999987E+000, 2.24299999999999988E+000, 1.79999999999999986E-002, 1.49999999999999994E-002
R3_6,3, 3.62999999999999989E+000, 2.23399999999999999E+000, 1.89999999999999995E-002, 1.70000000000000012E-002
R3_6,4, 3.64999999999999991E+000, 2.24000000000000021E+000, 2.00000000000000004E-002, 1.70000000000000012E-002
R3_6,5, 3.66000000000000014E+000, 2.24900000000000011E+000, 2.00000000000000004E-002, 1.79999999999999986E-002
R3_6,6, 3.66999999999999993E+000, 2.25899999999999990E+000, 2.00000000000000004E-002, 2.00000000000000004E-002
R3_6,7, 3.67099999999999982E+000, 2.25999999999999979E+000, 2.00000000000000004E-002, 2.00000000000000004E-002
R3_6,8, 3.69300000000000006E+000, 2.20299999999999985E+000, 2.59999999999999988E-002, 1.70000000000000012E-002
R3_6,9, 3.70000000000000018E+000, 2.20599999999999996E+000, 2.59999999999999988E-002, 1.70000000000000012E-002
R3_6,10, 3.70999999999999996E+000, 2.25000000000000000E+000, 3.79999999999999991E-002, 2.19999999999999987E-002
R3_6,11, 3.72999999999999998E+000, 2.30299999999999994E+000, 5.09999999999999967E-002, 4.39999999999999974E-002
R3_6,12, 3.75000000000000000E+000, 2.47299999999999986E+000, 5.50000000000000003E-002, 3.40000000000000024E-002
R3_6,13, 3.79999999999999982E+000, 2.49900000000000011E+000, 6.09999999999999987E-002, 3.40000000000000024E-002
R3_6,14, 3.81000000000000005E+000, 2.50400000000000000E+000, 6.19999999999999996E-002, 3.40000000000000024E-002
R3_6,15, 3.82200000000000006E+000, 2.53299999999999992E+000, 6.30000000000000004E-002, 3.40000000000000024E-002
R3_6,16, 3.83199999999999985E+000, 2.55699999999999994E+000, 6.50000000000000022E-002, 3.40000000000000024E-002
R3_6,17, 3.85000000000000009E+000, 2.60000000000000009E+000, 6.80000000000000049E-002, 3.59999999999999973E-002
R3_6,18, 3.85199999999999987E+000, 2.60700000000000021E+000, 6.80000000000000049E-002, 3.69999999999999982E-002
R3_6,19, 3.86699999999999999E+000, 2.65600000000000014E+000, 6.90000000000000058E-002, 3.79999999999999991E-002
R3_6,20, 3.87300000000000022E+000, 2.67499999999999982E+000, 7.00000000000000067E-002, 3.79999999999999991E-002
R3_6,21, 3.88399999999999990E+000, 2.74699999999999989E+000, 7.00000000000000067E-002, 3.50000000000000033E-002
R3_6,22, 3.89000000000000012E+000, 2.74100000000000010E+000, 6.90000000000000058E-002, 3.79999999999999991E-002
R3_6,23, 3.89999999999999991E+000, 2.89100000000000001E+000, 7.19999999999999946E-002, 4.10000000000000017E-002
R3_6,24, 3.93000000000000016E+000, 3.14900000000000002E+000, 8.00000000000000017E-002, 4.00000000000000008E-002
R3_6,25, 3.93999999999999995E+000, 3.06199999999999983E+000, 7.49999999999999972E-002, 4.39999999999999974E-002
R3_6,26, 3.95000000000000018E+000, 3.08599999999999985E+000, 7.59999999999999981E-002, 4.20000000000000026E-002
R3_6,27, 3.95999999999999996E+000, 3.00899999999999990E+000, 7.29999999999999954E-002, 6.40000000000000013E-002
R3_6,28, 3.97000000000000020E+000, 3.28100000000000014E+000, 7.90000000000000008E-002, 3.50000000000000033E-002
R3_6,29, 3.97999999999999998E+000, 3.21700000000000008E+000, 8.10000000000000026E-002, 4.00000000000000008E-002
R3_6,30, 3.99000000000000021E+000, 3.21300000000000008E+000, 8.30000000000000043E-002, 4.20000000000000026E-002
R3_6,31, 4.00000000000000000E+000, 3.26299999999999990E+000, 8.20000000000000034E-002, 3.79999999999999991E-002
R3_6,32, 4.00999999999999979E+000, 3.74900000000000011E+000, 8.50000000000000061E-002, 4.90000000000000019E-002
R3_6,33, 4.01999999999999957E+000, 4.47299999999999986E+000, 8.50000000000000061E-002, 3.79999999999999991E-002
R3_6,34, 4.02700000000000014E+000, 4.55700000000000038E+000, 9.90000000000000047E-002, 3.79999999999999991E-002
R3_6,35, 4.03000000000000025E+000, 4.55900000000000016E+000, 1.07999999999999999E-001, 3.89999999999999999E-002
R3_6,36, 4.03300000000000036E+000, 4.37999999999999989E+000, 9.70000000000000029E-002, 3.89999999999999999E-002
R3_6,37, 4.04000000000000004E+000, 4.31099999999999994E+000, 1.00000000000000006E-001, 3.59999999999999973E-002
R3_6,38, 4.04999999999999982E+000, 4.04199999999999982E+000, 1.00000000000000006E-001, 4.00000000000000008E-002
R3_6,39, 4.05999999999999961E+000, 4.10299999999999976E+000, 1.06999999999999998E-001, 9.80000000000000038E-002
R3_6,40, 4.07000000000000028E+000, 3.71899999999999986E+000, 1.09000000000000000E-001, 7.49999999999999972E-002
R3_6,41, 4.08000000000000007E+000, 3.89500000000000002E+000, 1.14000000000000004E-001, 6.09999999999999987E-002
R3_6,42, 4.08999999999999986E+000, 3.94899999999999984E+000, 1.01999999999999993E-001, 3.69999999999999982E-002
R3_6,43, 4.09999999999999964E+000, 3.82399999999999984E+000, 1.01000000000000006E-001, 3.69999999999999982E-002
R3_6,44, 4.11000000000000032E+000, 3.70999999999999996E+000, 1.02999999999999994E-001, 4.59999999999999992E-002
R3_6,45, 4.12000000000000011E+000, 4.01499999999999968E+000, 1.32000000000000006E-001, 4.10000000000000017E-002
R3_6,46, 4.12999999999999989E+000, 4.13799999999999990E+000, 1.05999999999999997E-001, 3.89999999999999999E-002
R3_6,47, 4.13999999999999968E+000, 4.00399999999999956E+000, 1.09000000000000000E-001, 4.59999999999999992E-002
R3_6,48, 4.15000000000000036E+000, 4.20099999999999962E+000, 1.23999999999999999E-001, 3.69999999999999982E-002
R3_6,49, 4.16000000000000014E+000, 4.07200000000000006E+000, 1.14000000000000004E-001, 3.30000000000000016E-002
R3_6,50, 4.16999999999999993E+000, 3.98200000000000021E+000, 1.17999999999999994E-001, 3.59999999999999973E-002
R3_6,51, 4.17999999999999972E+000, 3.92600000000000016E+000, 1.29000000000000004E-001, 5.60000000000000012E-002
R3_6,52, 4.19000000000000039E+000, 3.77000000000000002E+000, 1.21999999999999997E-001, 6.50000000000000022E-002
R3_6,53, 4.20000000000000018E+000, 3.58999999999999986E+000, 1.25000000000000000E-001, 6.70000000000000040E-002
R3_6,54, 4.20999999999999996E+000, 3.17600000000000016E+000, 1.19999999999999996E-001, 4.00000000000000008E-002
R3_6,55, 4.21999999999999975E+000, 3.36699999999999999E+000, 1.10000000000000001E-001, 5.80000000000000029E-002
R3_6,56, 4.23000000000000043E+000, 3.13600000000000012E+000, 1.03999999999999995E-001, 3.69999999999999982E-002
R3_6,57, 4.24000000000000021E+000, 3.12199999999999989E+000, 1.01999999999999993E-001, 3.69999999999999982E-002
R3_6,58, 4.24500000000000011E+000, 2.84299999999999997E+000, 9.70000000000000029E-002, 4.29999999999999966E-002
R3_6,59, 4.25000000000000000E+000, 2.55699999999999994E+000, 1.00000000000000006E-001, 5.09999999999999967E-002
R3_6,60, 4.25499999999999989E+000, 2.73399999999999999E+000, 1.01999999999999993E-001, 5.09999999999999967E-002
R3_6,61, 4.25999999999999979E+000, 2.85899999999999999E+000, 1.04999999999999996E-001, 4.00000000000000008E-002
R3_6,62, 4.26499999999999968E+000, 2.95400000000000018E+000, 1.18999999999999995E-001, 3.59999999999999973E-002
R3_6,63, 4.26999999999999957E+000, 3.15600000000000014E+000, 1.19999999999999996E-001, 3.69999999999999982E-002
R3_6,64, 4.28000000000000025E+000, 3.11100000000000021E+000, 1.23999999999999999E-001, 3.69999999999999982E-002
R3_6,65, 4.29999999999999982E+000, 3.11799999999999988E+000, 1.17000000000000007E-001, 3.09999999999999998E-002
R3_6,66, 4.30999999999999961E+000, 3.13700000000000001E+000, 9.19999999999999984E-002, 3.50000000000000033E-002
R3_6,67, 4.32000000000000028E+000, 3.13899999999999979E+000, 9.40000000000000002E-002, 6.30000000000000004E-002
R3_6,68, 4.33000000000000007E+000, 3.31800000000000006E+000, 1.01999999999999993E-001, 6.19999999999999996E-002
R3_6,69, 4.33999999999999986E+000, 3.37699999999999978E+000, 1.03999999999999995E-001, 4.10000000000000017E-002
R3_6,70, 4.34999999999999964E+000, 3.43299999999999983E+000, 9.60000000000000020E-002, 3.40000000000000024E-002
R3_6,71, 4.36000000000000032E+000, 3.53500000000000014E+000, 1.00000000000000006E-001, 3.89999999999999999E-002
R3_6,72, 4.37999999999999989E+000, 3.72500000000000009E+000, 1.21999999999999997E-001, 6.60000000000000031E-002
R3_6,73, 4.38999999999999968E+000, 3.82399999999999984E+000, 1.07999999999999999E-001, 9.60000000000000020E-002
R3_6,74, 4.40000000000000036E+000, 4.07099999999999973E+000, 9.60000000000000020E-002, 3.89999999999999999E-002
R3_6,75, 4.41000000000000014E+000, 3.94300000000000006E+000, 8.10000000000000026E-002, 4.00000000000000008E-002
R3_6,76, 4.41999999999999993E+000, 3.83599999999999985E+000, 8.79999999999999949E-002, 4.10000000000000017E-002
R3_6,77, 4.42999999999999972E+000, 4.01700000000000035E+000, 1.04999999999999996E-001, 3.89999999999999999E-002
R3_6,78, 4.44000000000000039E+000, 3.89800000000000013E+000, 1.19999999999999996E-001, 3.59999999999999973E-002
R3_6,79, 4.45000000000000018E+000, 3.75199999999999978E+000, 1.10000000000000001E-001, 3.59999999999999973E-002
R3_6,80, 4.45999999999999996E+000, 3.60800000000000010E+000, 1.17000000000000007E-001, 3.59999999999999973E-002
R3_6,81, 4.48000000000000043E+000, 3.58499999999999996E+000, 1.01999999999999993E-001, 3.89999999999999999E-002
R3_6,82, 4.50000000000000000E+000, 3.58999999999999986E+000, 8.10000000000000026E-002, 3.69999999999999982E-002
R3_6,83, 4.51999999999999957E+000, 3.46200000000000019E+000, 8.69999999999999940E-002, 6.50000000000000022E-002
R3_6,84, 4.54000000000000004E+000, 3.50099999999999989E+000, 1.01999999999999993E-001, 7.69999999999999990E-002
R3_6,85, 4.54999999999999982E+000, 3.58000000000000007E+000, 9.80000000000000038E-002, 4.39999999999999974E-002
R3_6,86, 4.55999999999999961E+000, 3.66599999999999993E+000, 9.40000000000000002E-002, 3.59999999999999973E-002
R3_6,87, 4.57000000000000028E+000, 3.58800000000000008E+000, 8.99999999999999967E-002, 3.59999999999999973E-002
R3_6,88, 4.59999999999999964E+000, 3.41800000000000015E+000, 8.00000000000000017E-002, 3.79999999999999991E-002
R3_6,89, 4.62000000000000011E+000, 3.42799999999999994E+000, 7.90000000000000008E-002, 3.79999999999999991E-002
R3_6,90, 4.65000000000000036E+000, 3.55500000000000016E+000, 8.69999999999999940E-002, 4.80000000000000010E-002
R3_6,91, 4.66000000000000014E+000, 3.59500000000000020E+000, 8.99999999999999967E-002, 5.50000000000000003E-002
R3_6,92, 4.70000000000000018E+000, 3.59200000000000008E+000, 9.70000000000000029E-002, 3.89999999999999999E-002
R3_6,93, 4.70999999999999996E+000, 3.58999999999999986E+000, 9.90000000000000047E-002, 3.89999999999999999E-002
R3_6,94, 4.79999999999999982E+000, 3.70299999999999985E+000, 1.04999999999999996E-001, 5.19999999999999976E-002
R3_6,95, 4.90000000000000036E+000, 3.57900000000000018E+000, 1.94000000000000006E-001, 6.80000000000000049E-002
R3_6,96, 4.98000000000000043E+000, 3.78299999999999992E+000, 1.25000000000000000E-001, 4.49999999999999983E-002
R3_6,97, 5.00000000000000000E+000, 3.73099999999999987E+000, 1.52999999999999997E-001, 5.19999999999999976E-002
R3_6,98, 5.09999999999999964E+000, 3.60000000000000009E+000, 2.70000000000000018E-001, 1.30000000000000004E-001
R3_6,99, 5.15000000000000036E+000, 3.56999999999999984E+000, 2.70000000000000018E-001, 1.30000000000000004E-001
R3_6,100, 5.20000000000000018E+000, 3.46899999999999986E+000, 1.19999999999999996E-001, 5.50000000000000003E-002
R9_5,1, 9.46000000000000085E+000, 3.52099999999999991E+000, 2.99999999999999989E-002, 1.70000000000000012E-002
R9_5,2, 9.50000000000000000E+000, 3.53799999999999981E+000, 3.40000000000000024E-002, 1.70000000000000012E-002
R9_5,3, 9.50999999999999979E+000, 3.53699999999999992E+000, 3.40000000000000024E-002, 1.70000000000000012E-002
R9_5,4, 9.59999999999999964E+000, 3.52000000000000002E+000, 3.59999999999999973E-002, 1.60000000000000003E-002
R9_5,5, 9.69999999999999929E+000, 3.51100000000000012E+000, 3.69999999999999982E-002, 1.60000000000000003E-002
R9_5,6, 9.80000000000000071E+000, 3.51799999999999979E+000, 3.69999999999999982E-002, 1.60000000000000003E-002
R9_5,7, 9.90000000000000036E+000, 3.50000000000000000E+000, 3.79999999999999991E-002, 1.60000000000000003E-002
R9_5,8, 1.00000000000000000E+001, 3.52300000000000013E+000, 4.20000000000000026E-002, 1.60000000000000003E-002
R9_5,9, 1.00399999999999991E+001, 3.51600000000000001E+000, 4.29999999999999966E-002, 1.60000000000000003E-002
R9_5,10, 1.00999999999999996E+001, 3.50599999999999978E+000, 4.39999999999999974E-002, 1.60000000000000003E-002
R9_5,11, 1.01999999999999993E+001, 3.49699999999999989E+000, 4.39999999999999974E-002, 1.60000000000000003E-002
R9_5,12, 1.03000000000000007E+001, 3.50199999999999978E+000, 5.09999999999999967E-002, 1.60000000000000003E-002
R9_5,13, 1.04000000000000004E+001, 3.55100000000000016E+000, 3.79999999999999991E-002, 1.89999999999999995E-002
R9_5,14, 1.10500000000000007E+001, 3.57100000000000017E+000, 1.11000000000000001E-001, 3.40000000000000024E-002
R9_5,15, 1.19499999999999993E+001, 3.59100000000000019E+000, 1.83999999999999997E-001, 4.80000000000000010E-002
R9_5,16, 1.20500000000000007E+001, 3.67899999999999983E+000, 1.54999999999999999E-001, 3.40000000000000024E-002
R9_5,17, 1.30000000000000000E+001, 3.82799999999999985E+000, 1.58000000000000002E-001, 2.50000000000000014E-002
R9_5,18, 1.40000000000000000E+001, 3.98099999999999987E+000, 1.34000000000000008E-001, 2.40000000000000005E-002
R9_5,19, 1.40399999999999991E+001, 3.98600000000000021E+000, 1.33000000000000007E-001, 2.40000000000000005E-002
R9_5,20, 1.70000000000000000E+001, 3.96099999999999985E+000, 1.22999999999999998E-001, 2.40000000000000005E-002
R9_5,21, 2.19499999999999993E+001, 3.99900000000000011E+000, 1.04999999999999996E-001, 2.40000000000000005E-002
R9_5,22, 2.20500000000000007E+001, 3.99900000000000011E+000, 1.05999999999999997E-001, 2.50000000000000014E-002
R9_5,23, 2.50000000000000000E+001, 4.02099999999999991E+000, 1.84999999999999998E-001, 2.50000000000000014E-002
R9_5,24, 2.50100000000000016E+001, 4.02099999999999991E+000, 1.84999999999999998E-001, 2.50000000000000014E-002
R9_5,25, 2.75000000000000000E+001, 3.95900000000000007E+000, 2.02000000000000013E-001, 2.80000000000000006E-002
R9_5,26, 2.76000000000000014E+001, 3.95800000000000018E+000, 2.01000000000000012E-001, 2.80000000000000006E-002
R9_5,27, 2.76600000000000001E+001, 3.95800000000000018E+000, 1.98000000000000009E-001, 2.80000000000000006E-002
R9_5,28, 2.90000000000000000E+001, 3.94600000000000017E+000, 6.70000000000000040E-002, 1.49999999999999994E-002
R9_5,29, 2.99299999999999997E+001, 3.94499999999999984E+000, 1.06999999999999998E-001, 2.40000000000000005E-002
R9_5,30, 3.01000000000000014E+001, 3.94099999999999984E+000, 1.05999999999999997E-001, 2.50000000000000014E-002
R9_5,31, 3.03799999999999990E+001, 3.92600000000000016E+000, 9.40000000000000002E-002, 2.50000000000000014E-002
R9_5,32, 3.08000000000000007E+001, 3.87999999999999989E+000, 1.07999999999999999E-001, 2.69999999999999997E-002
R9_5,33, 3.11000000000000014E+001, 3.83700000000000019E+000, 1.11000000000000001E-001, 2.69999999999999997E-002
R9_5,34, 3.12899999999999991E+001, 3.84600000000000009E+000, 1.13000000000000003E-001, 2.80000000000000006E-002
R9_5,35, 3.32000000000000028E+001, 3.98499999999999988E+000, 8.00000000000000017E-002, 2.50000000000000014E-002
R9_5,36, 3.32999999999999972E+001, 3.99000000000000021E+000, 7.69999999999999990E-002, 2.50000000000000014E-002
R9_5,37, 3.38900000000000006E+001, 4.07800000000000029E+000, 5.89999999999999969E-002, 2.50000000000000014E-002
R9_5,38, 3.40000000000000000E+001, 4.05799999999999983E+000, 6.30000000000000004E-002, 2.50000000000000014E-002
R9_5,39, 3.45000000000000000E+001, 3.98099999999999987E+000, 8.20000000000000034E-002, 2.80000000000000006E-002
R9_5,40, 3.47000000000000028E+001, 3.97599999999999998E+000, 7.39999999999999963E-002, 2.69999999999999997E-002
R9_5,41, 3.48599999999999994E+001, 3.96600000000000019E+000, 6.90000000000000058E-002, 2.59999999999999988E-002
R9_5,42, 3.50099999999999980E+001, 3.95500000000000007E+000, 6.19999999999999996E-002, 2.50000000000000014E-002
R9_5,43, 3.54500000000000028E+001, 3.94300000000000006E+000, 9.09999999999999976E-002, 2.69999999999999997E-002
R9_5,44, 3.61000000000000014E+001, 3.85000000000000009E+000, 1.06999999999999998E-001, 2.80000000000000006E-002
R9_5,45, 3.63800000000000026E+001, 3.77099999999999991E+000, 1.35000000000000009E-001, 3.50000000000000033E-002
R9_5,46, 3.82899999999999991E+001, 3.91000000000000014E+000, 1.90000000000000002E-001, 5.99999999999999978E-002
R9_5,47, 3.82899999999999991E+001, 3.91000000000000014E+000, 1.90000000000000002E-001, 5.99999999999999978E-002
OMEGA,1, 7.41999999999999993E-001, 1.07399999999999995E-001, 4.00000000000000019E-004, 4.76000000000000034E-003
OMEGA,2, 7.47999999999999998E-001, 1.27900000000000014E-001, 6.99999999999999993E-004, 5.64000000000000005E-003
OMEGA,3, 7.50000000000000000E-001, 1.42600000000000005E-001, 5.99999999999999947E-004, 5.76000000000000036E-003
OMEGA,4, 7.55000000000000004E-001, 2.51000000000000001E-001, 8.99999999999999975E-004, 1.12200000000000008E-002
OMEGA,5, 7.57440000000000002E-001, 3.01499999999999990E-001, 1.29999999999999994E-003, 1.40599999999999996E-002
OMEGA,6, 7.60070000000000023E-001, 3.54999999999999982E-001, 1.19999999999999989E-003, 1.53899999999999992E-002
OMEGA,7, 7.62070000000000025E-001, 4.17499999999999982E-001, 1.39999999999999999E-003, 1.80100000000000017E-002
OMEGA,8, 7.65070000000000028E-001, 5.84799999999999986E-001, 1.39999999999999999E-003, 2.30999999999999990E-002
OMEGA,9, 7.68519999999999981E-001, 8.80000000000000004E-001, 4.40000000000000027E-003, 3.65800000000000014E-002
OMEGA,10, 7.70599999999999952E-001, 1.27330000000000010E+000, 5.10000000000000037E-003, 4.89800000000000027E-002
OMEGA,11, 7.72050000000000014E-001, 1.64090000000000003E+000, 8.80000000000000053E-003, 6.29699999999999982E-002
OMEGA,12, 7.73140000000000049E-001, 1.97029999999999994E+000, 1.26999999999999995E-002, 7.63000000000000067E-002
OMEGA,13, 7.74000000000000021E-001, 2.43440000000000012E+000, 1.72000000000000000E-002, 9.25699999999999995E-002
OMEGA,14, 7.74710000000000010E-001, 2.81539999999999990E+000, 2.08999999999999984E-002, 1.06850000000000001E-001
OMEGA,15, 7.75310000000000055E-001, 3.22290000000000010E+000, 2.65999999999999986E-002, 1.21959999999999999E-001
OMEGA,16, 7.75819999999999954E-001, 3.64579999999999993E+000, 3.37000000000000008E-002, 1.37830000000000008E-001
OMEGA,17, 7.76270000000000016E-001, 4.01620000000000044E+000, 3.98999999999999980E-002, 1.52439999999999992E-001
OMEGA,18, 7.76669999999999972E-001, 4.34640000000000004E+000, 4.54000000000000029E-002, 1.66039999999999993E-001
OMEGA,19, 7.77270000000000016E-001, 4.87940000000000040E+000, 5.41000000000000023E-002, 1.87790000000000012E-001
OMEGA,20, 7.77469999999999994E-001, 5.07829999999999959E+000, 5.72000000000000008E-002, 1.95729999999999987E-001
OMEGA,21, 7.77669999999999972E-001, 5.28010000000000002E+000, 6.02999999999999994E-002, 2.03960000000000002E-001
OMEGA,22, 7.77950000000000030E-001, 5.56050000000000022E+000, 6.46999999999999936E-002, 2.15680000000000011E-001
OMEGA,23, 7.78209999999999957E-001, 5.93229999999999968E+000, 7.09999999999999937E-002, 2.30309999999999987E-001
OMEGA,24, 7.78460000000000041E-001, 6.30499999999999972E+000, 7.73999999999999966E-002, 2.45269999999999988E-001
OMEGA,25, 7.78699999999999948E-001, 6.65810000000000013E+000, 8.35000000000000048E-002, 2.59909999999999974E-001
OMEGA,26, 7.78919999999999946E-001, 6.99469999999999992E+000, 8.93000000000000044E-002, 2.74299999999999988E-001
OMEGA,27, 7.79140000000000055E-001, 7.35090000000000021E+000, 9.19999999999999984E-002, 2.86470000000000002E-001
OMEGA,28, 7.79340000000000033E-001, 7.71199999999999974E+000, 9.27999999999999936E-002, 2.97190000000000010E-001
OMEGA,29, 7.79549999999999965E-001, 8.06259999999999977E+000, 9.37000000000000055E-002, 3.07669999999999999E-001
OMEGA,30, 7.79739999999999989E-001, 8.40620000000000012E+000, 9.45000000000000007E-002, 3.18000000000000005E-001
OMEGA,31, 7.79939999999999967E-001, 8.74290000000000056E+000, 9.53999999999999987E-002, 3.28180000000000027E-001
OMEGA,32, 7.80129999999999990E-001, 9.07779999999999987E+000, 9.61999999999999938E-002, 3.38359999999999994E-001
OMEGA,33, 7.80320000000000014E-001, 9.41089999999999982E+000, 9.70000000000000029E-002, 3.48540000000000016E-001
OMEGA,34, 7.80510000000000037E-001, 9.74579999999999913E+000, 9.77999999999999980E-002, 3.58839999999999992E-001
OMEGA,35, 7.80710000000000015E-001, 1.00876999999999999E+001, 9.86999999999999961E-002, 3.69410000000000016E-001
OMEGA,36, 7.80909999999999993E-001, 1.04400999999999993E+001, 9.95000000000000051E-002, 3.80369999999999986E-001
OMEGA,37, 7.81120000000000037E-001, 1.06753999999999998E+001, 9.75000000000000033E-002, 3.87100000000000000E-001
OMEGA,38, 7.81349999999999989E-001, 1.08177000000000003E+001, 9.29999999999999993E-002, 3.90280000000000016E-001
OMEGA,39, 7.81610000000000027E-001, 1.09792000000000005E+001, 8.79000000000000059E-002, 3.93770000000000009E-001
OMEGA,40, 7.81939999999999968E-001, 1.11796000000000006E+001, 8.15000000000000030E-002, 3.97909999999999986E-001
OMEGA,41, 7.82680000000000042E-001, 1.16399000000000008E+001, 6.67999999999999983E-002, 4.06619999999999981E-001
OMEGA,42, 7.83410000000000051E-001, 1.12507999999999999E+001, 6.40000000000000013E-002, 3.92419999999999991E-001
OMEGA,43, 7.83730000000000038E-001, 1.07995999999999999E+001, 6.66000000000000064E-002, 3.78809999999999980E-001
OMEGA,44, 7.83989999999999965E-001, 1.04360999999999997E+001, 6.86999999999999972E-002, 3.67800000000000016E-001
OMEGA,45, 7.84220000000000028E-001, 1.01164000000000005E+001, 7.05999999999999961E-002, 3.58080000000000009E-001
OMEGA,46, 7.84429999999999961E-001, 9.82080000000000020E+000, 7.23000000000000032E-002, 3.49050000000000027E-001
OMEGA,47, 7.84630000000000050E-001, 9.53930000000000078E+000, 7.38999999999999935E-002, 3.40430000000000010E-001
OMEGA,48, 7.84819999999999962E-001, 9.26769999999999960E+000, 7.54999999999999977E-002, 3.32089999999999996E-001
OMEGA,49, 7.85000000000000031E-001, 9.00189999999999912E+000, 7.69999999999999990E-002, 3.23850000000000027E-001
OMEGA,50, 7.85190000000000055E-001, 8.74060000000000059E+000, 7.53000000000000058E-002, 3.14209999999999989E-001
OMEGA,51, 7.85379999999999967E-001, 8.47799999999999976E+000, 7.35999999999999988E-002, 3.04649999999999976E-001
OMEGA,52, 7.85569999999999991E-001, 8.21400000000000041E+000, 7.19999999999999946E-002, 2.95159999999999978E-001
OMEGA,53, 7.85760000000000014E-001, 7.94719999999999960E+000, 7.03000000000000014E-002, 2.85710000000000020E-001
OMEGA,54, 7.85950000000000037E-001, 7.67330000000000023E+000, 6.85000000000000053E-002, 2.76150000000000007E-001
OMEGA,55, 7.86150000000000015E-001, 7.39250000000000007E+000, 6.67999999999999983E-002, 2.66490000000000005E-001
OMEGA,56, 7.86359999999999948E-001, 7.10179999999999989E+000, 6.48999999999999994E-002, 2.56639999999999979E-001
OMEGA,57, 7.86569999999999991E-001, 6.79980000000000029E+000, 6.30000000000000004E-002, 2.46590000000000004E-001
OMEGA,58, 7.86800000000000055E-001, 6.48390000000000022E+000, 6.09999999999999987E-002, 2.36249999999999988E-001
OMEGA,59, 7.87030000000000007E-001, 6.16359999999999975E+000, 5.87999999999999981E-002, 2.25670000000000009E-001
OMEGA,60, 7.87279999999999980E-001, 5.89489999999999981E+000, 5.58999999999999983E-002, 2.15060000000000001E-001
OMEGA,61, 7.87549999999999972E-001, 5.60899999999999999E+000, 5.29000000000000026E-002, 2.04100000000000004E-001
OMEGA,62, 7.87730000000000041E-001, 5.41009999999999991E+000, 5.07000000000000020E-002, 1.96679999999999994E-001
OMEGA,63, 7.87939999999999974E-001, 5.19519999999999982E+000, 4.83999999999999986E-002, 1.88840000000000008E-001
OMEGA,64, 7.88139999999999952E-001, 4.97159999999999958E+000, 4.59999999999999992E-002, 1.80880000000000013E-001
OMEGA,65, 7.88479999999999959E-001, 4.61040000000000028E+000, 4.20999999999999985E-002, 1.68470000000000009E-001
OMEGA,66, 7.88850000000000051E-001, 4.21379999999999999E+000, 3.78000000000000003E-002, 1.55450000000000005E-001
OMEGA,67, 7.89259999999999962E-001, 3.89239999999999986E+000, 3.37000000000000008E-002, 1.43779999999999991E-001
OMEGA,68, 7.89719999999999978E-001, 3.60999999999999988E+000, 2.96000000000000013E-002, 1.32509999999999989E-001
OMEGA,69, 7.90250000000000008E-001, 3.28719999999999990E+000, 2.47999999999999991E-002, 1.20130000000000001E-001
OMEGA,70, 7.90860000000000007E-001, 2.91170000000000018E+000, 1.93000000000000012E-002, 1.06410000000000005E-001
OMEGA,71, 7.91590000000000016E-001, 2.59050000000000002E+000, 1.64000000000000014E-002, 9.48599999999999999E-002
OMEGA,72, 7.92479999999999962E-001, 2.23430000000000017E+000, 1.40999999999999997E-002, 8.25499999999999984E-002
OMEGA,73, 7.93610000000000038E-001, 1.80780000000000007E+000, 1.05000000000000007E-002, 6.74700000000000022E-002
OMEGA,74, 7.95139999999999958E-001, 1.48679999999999990E+000, 5.70000000000000021E-003, 5.45300000000000021E-002
OMEGA,75, 7.97359999999999958E-001, 1.17959999999999998E+000, 4.89999999999999984E-003, 4.40699999999999981E-002
OMEGA,76, 7.98000000000000043E-001, 1.09099999999999997E+000, 4.59999999999999992E-003, 4.10500000000000032E-002
OMEGA,77, 8.00000000000000044E-001, 8.39799999999999991E-001, 3.09999999999999989E-003, 3.16699999999999968E-002
OMEGA,78, 8.02000000000000046E-001, 7.67399999999999971E-001, 1.60000000000000008E-003, 2.77300000000000012E-002
OMEGA,79, 8.04000000000000048E-001, 6.81699999999999973E-001, 1.60000000000000008E-003, 2.49500000000000000E-002
OMEGA,80, 8.06000000000000050E-001, 5.95300000000000051E-001, 1.60000000000000008E-003, 2.22299999999999998E-002
OMEGA,81, 8.08000000000000052E-001, 5.07800000000000029E-001, 1.50000000000000003E-003, 1.94100000000000002E-002
OMEGA,82, 8.12999999999999945E-001, 3.73999999999999999E-001, 1.50000000000000003E-003, 1.89999999999999995E-002
PHI,1, 1.00001000000000007E+000, 6.07400000000000051E-001, 1.29999999999999994E-003, 1.24300000000000001E-002
PHI,2, 1.00029999999999997E+000, 6.16600000000000037E-001, 1.90000000000000000E-003, 1.27399999999999996E-002
PHI,3, 1.00099999999999989E+000, 6.38800000000000034E-001, 3.39999999999999981E-003, 1.35200000000000008E-002
PHI,4, 1.00170000000000003E+000, 6.61000000000000032E-001, 4.89999999999999984E-003, 1.43000000000000002E-002
PHI,5, 1.00239999999999996E+000, 6.83300000000000018E-001, 6.30000000000000004E-003, 1.51000000000000006E-002
PHI,6, 1.00310000000000010E+000, 7.05500000000000016E-001, 7.79999999999999964E-003, 1.59200000000000001E-002
PHI,7, 1.00380000000000003E+000, 7.26299999999999946E-001, 9.29999999999999924E-003, 1.66099999999999998E-002
PHI,8, 1.00449999999999995E+000, 8.23999999999999955E-001, 1.11000000000000005E-002, 1.71100000000000002E-002
PHI,9, 1.00520000000000009E+000, 9.43999999999999950E-001, 1.32999999999999993E-002, 1.80799999999999988E-002
PHI,10, 1.00590000000000002E+000, 1.07899999999999996E+000, 1.62999999999999985E-002, 2.04499999999999994E-002
PHI,11, 1.00659999999999994E+000, 1.21399999999999997E+000, 1.91999999999999983E-002, 2.28200000000000000E-002
PHI,12, 1.00730000000000008E+000, 1.35430000000000006E+000, 2.23999999999999998E-002, 2.51399999999999992E-002
PHI,13, 1.00800000000000001E+000, 1.50150000000000006E+000, 2.58999999999999994E-002, 2.73699999999999985E-002
PHI,14, 1.00869999999999993E+000, 1.65359999999999996E+000, 2.92999999999999997E-002, 2.98700000000000007E-002
PHI,15, 1.00940000000000007E+000, 1.84420000000000006E+000, 3.16999999999999990E-002, 3.50299999999999986E-002
PHI,16, 1.01010000000000000E+000, 2.03480000000000016E+000, 3.40999999999999984E-002, 4.04499999999999998E-002
PHI,17, 1.01079999999999992E+000, 2.60420000000000007E+000, 3.32000000000000003E-002, 6.48100000000000065E-002
PHI,18, 1.01150000000000007E+000, 3.38920000000000021E+000, 3.07000000000000016E-002, 9.65499999999999969E-002
PHI,19, 1.01219999999999999E+000, 4.17429999999999968E+000, 2.81999999999999994E-002, 1.33310000000000012E-001
PHI,20, 1.01289999999999991E+000, 4.95929999999999982E+000, 2.57000000000000006E-002, 1.75109999999999988E-001
PHI,21, 1.01360000000000006E+000, 6.39369999999999994E+000, 3.91000000000000028E-002, 2.10969999999999991E-001
PHI,22, 1.01429999999999998E+000, 8.01340000000000074E+000, 5.58000000000000024E-002, 2.35259999999999997E-001
PHI,23, 1.01499999999999990E+000, 9.68430000000000035E+000, 7.29000000000000065E-002, 2.46760000000000007E-001
PHI,24, 1.01520000000000010E+000, 1.05060000000000002E+001, 7.58999999999999952E-002, 2.47049999999999992E-001
PHI,25, 1.01540000000000008E+000, 1.13276000000000003E+001, 7.88999999999999979E-002, 2.44409999999999988E-001
PHI,26, 1.01560000000000006E+000, 1.23838000000000008E+001, 8.40000000000000052E-002, 2.54410000000000025E-001
PHI,27, 1.01580000000000004E+000, 1.36356000000000002E+001, 9.03999999999999942E-002, 2.71390000000000020E-001
PHI,28, 1.01600000000000001E+000, 1.53501999999999992E+001, 9.95000000000000051E-002, 3.06089999999999973E-001
PHI,29, 1.01619999999999999E+000, 1.70649000000000015E+001, 1.08700000000000005E-001, 3.40909999999999991E-001
PHI,30, 1.01639999999999997E+000, 1.87795999999999985E+001, 1.17800000000000002E-001, 3.75850000000000017E-001
PHI,31, 1.01659999999999995E+000, 2.04941999999999993E+001, 1.26900000000000013E-001, 4.10920000000000007E-001
PHI,32, 1.01679999999999993E+000, 2.22462000000000018E+001, 1.38800000000000007E-001, 4.33680000000000010E-001
PHI,33, 1.01699999999999990E+000, 2.47089999999999996E+001, 1.59899999999999987E-001, 4.87640000000000018E-001
PHI,34, 1.01720000000000010E+000, 2.71717000000000013E+001, 1.80999999999999994E-001, 5.42749999999999955E-001
PHI,35, 1.01740000000000008E+000, 3.00127999999999986E+001, 1.93800000000000000E-001, 6.04400000000000048E-001
PHI,36, 1.01770000000000005E+000, 3.45756999999999977E+001, 2.07900000000000001E-001, 7.27899999999999991E-001
PHI,37, 1.01790000000000003E+000, 3.76000999999999976E+001, 2.14200000000000002E-001, 9.02270000000000016E-001
PHI,38, 1.01800000000000002E+000, 3.91133999999999986E+001, 2.10900000000000004E-001, 9.03830000000000022E-001
PHI,39, 1.01819999999999999E+000, 4.19915999999999983E+001, 2.15200000000000002E-001, 9.45509999999999962E-001
PHI,40, 1.01839999999999997E+000, 4.47578999999999994E+001, 2.19000000000000000E-001, 1.01984000000000008E+000
PHI,41, 1.01859999999999995E+000, 4.73560999999999979E+001, 2.22000000000000003E-001, 1.15266000000000002E+000
PHI,42, 1.01879999999999993E+000, 4.87616999999999976E+001, 2.19700000000000006E-001, 1.19066000000000005E+000
PHI,43, 1.01899999999999991E+000, 4.98828000000000031E+001, 2.17799999999999994E-001, 1.13589000000000007E+000
PHI,44, 1.01920000000000011E+000, 5.02623999999999995E+001, 2.31100000000000000E-001, 1.01337000000000010E+000
PHI,45, 1.01940000000000008E+000, 5.02321999999999989E+001, 2.53000000000000003E-001, 8.48389999999999977E-001
PHI,46, 1.01960000000000006E+000, 4.89367000000000019E+001, 2.48299999999999993E-001, 7.68530000000000046E-001
PHI,47, 1.01980000000000004E+000, 4.63915000000000006E+001, 2.31399999999999995E-001, 7.05600000000000005E-001
PHI,48, 1.02000000000000002E+000, 4.36454000000000022E+001, 2.22700000000000009E-001, 6.56490000000000018E-001
PHI,49, 1.02020000000000000E+000, 4.08992999999999967E+001, 2.13900000000000007E-001, 6.08199999999999963E-001
PHI,50, 1.02039999999999997E+000, 3.81531000000000020E+001, 2.05199999999999994E-001, 5.60740000000000016E-001
PHI,51, 1.02059999999999995E+000, 3.49932999999999979E+001, 1.95399999999999990E-001, 5.34379999999999966E-001
PHI,52, 1.02079999999999993E+000, 3.22265000000000015E+001, 1.86099999999999988E-001, 5.15630000000000033E-001
PHI,53, 1.02099999999999991E+000, 2.96151000000000018E+001, 1.76999999999999991E-001, 4.95630000000000015E-001
PHI,54, 1.02120000000000011E+000, 2.70037999999999982E+001, 1.67800000000000005E-001, 4.71729999999999983E-001
PHI,55, 1.02140000000000009E+000, 2.43923999999999985E+001, 1.58700000000000008E-001, 4.43940000000000001E-001
PHI,56, 1.02160000000000006E+000, 2.23264999999999993E+001, 1.43900000000000000E-001, 4.29979999999999973E-001
PHI,57, 1.02180000000000004E+000, 2.04967000000000006E+001, 1.29599999999999993E-001, 4.00189999999999990E-001
PHI,58, 1.02200000000000002E+000, 1.87589000000000006E+001, 1.16000000000000006E-001, 4.11959999999999993E-001
PHI,59, 1.02220000000000000E+000, 1.72122999999999990E+001, 1.06600000000000000E-001, 4.02980000000000005E-001
PHI,60, 1.02239999999999998E+000, 1.59382999999999999E+001, 1.00699999999999998E-001, 3.69089999999999974E-001
PHI,61, 1.02269999999999994E+000, 1.44091000000000005E+001, 9.43999999999999978E-002, 2.89779999999999982E-001
PHI,62, 1.02289999999999992E+000, 1.33896999999999995E+001, 9.02000000000000024E-002, 2.41680000000000006E-001
PHI,63, 1.02299999999999991E+000, 1.28798999999999992E+001, 8.80999999999999978E-002, 2.19060000000000005E-001
PHI,64, 1.02320000000000011E+000, 1.18605000000000000E+001, 8.39000000000000024E-002, 1.76680000000000004E-001
PHI,65, 1.02340000000000009E+000, 1.11884999999999994E+001, 8.07999999999999968E-002, 1.62310000000000010E-001
PHI,66, 1.02360000000000007E+000, 1.07036999999999995E+001, 7.82000000000000056E-002, 1.61170000000000008E-001
PHI,67, 1.02380000000000004E+000, 1.02188999999999997E+001, 7.56000000000000005E-002, 1.59459999999999991E-001
PHI,68, 1.02400000000000002E+000, 9.73399999999999999E+000, 7.30999999999999983E-002, 1.57179999999999986E-001
PHI,69, 1.02420000000000000E+000, 9.24920000000000009E+000, 7.04999999999999932E-002, 1.54329999999999995E-001
PHI,70, 1.02439999999999998E+000, 8.76430000000000042E+000, 6.80000000000000049E-002, 1.50909999999999989E-001
PHI,71, 1.02459999999999996E+000, 8.27950000000000053E+000, 6.53999999999999998E-002, 1.46930000000000005E-001
PHI,72, 1.02479999999999993E+000, 7.79459999999999997E+000, 6.28999999999999976E-002, 1.42369999999999997E-001
PHI,73, 1.02499999999999991E+000, 7.30980000000000008E+000, 6.02999999999999994E-002, 1.37240000000000001E-001
PHI,74, 1.02570000000000006E+000, 6.31949999999999967E+000, 5.02999999999999975E-002, 1.15980000000000000E-001
PHI,75, 1.02639999999999998E+000, 5.32920000000000016E+000, 4.03000000000000025E-002, 9.51100000000000001E-002
PHI,76, 1.02709999999999990E+000, 4.33889999999999976E+000, 3.03000000000000005E-002, 7.46300000000000019E-002
PHI,77, 1.02780000000000005E+000, 3.49909999999999988E+000, 2.13999999999999989E-002, 5.02200000000000008E-002
PHI,78, 1.02849999999999997E+000, 3.10199999999999987E+000, 1.78999999999999992E-002, 4.61799999999999988E-002
PHI,79, 1.02919999999999989E+000, 2.86129999999999995E+000, 1.62999999999999985E-002, 4.53100000000000031E-002
PHI,80, 1.02990000000000004E+000, 2.62060000000000004E+000, 1.48000000000000007E-002, 4.40499999999999989E-002
PHI,81, 1.03059999999999996E+000, 2.37999999999999989E+000, 1.32999999999999993E-002, 4.24199999999999994E-002
PHI,82, 1.03130000000000011E+000, 2.13929999999999998E+000, 1.17999999999999997E-002, 4.04100000000000015E-002
PHI,83, 1.03200000000000003E+000, 1.89860000000000007E+000, 1.02000000000000007E-002, 3.80199999999999982E-002
PHI,84, 1.03269999999999995E+000, 1.65799999999999992E+000, 8.69999999999999940E-003, 3.52499999999999966E-002
PHI,85, 1.03340000000000010E+000, 1.41730000000000000E+000, 7.19999999999999980E-003, 3.20900000000000005E-002
PHI,86, 1.03410000000000002E+000, 1.23829999999999996E+000, 5.89999999999999986E-003, 3.57099999999999987E-002
PHI,87, 1.03479999999999994E+000, 1.15030000000000010E+000, 5.19999999999999976E-003, 3.33299999999999985E-002
PHI,88, 1.03550000000000009E+000, 1.06919999999999993E+000, 4.59999999999999992E-003, 3.10400000000000016E-002
PHI,89, 1.03620000000000001E+000, 9.90700000000000025E-001, 4.00000000000000008E-003, 2.87899999999999996E-002
PHI,90, 1.03689999999999993E+000, 9.12300000000000000E-001, 3.50000000000000007E-003, 2.65400000000000011E-002
PHI,91, 1.03760000000000008E+000, 8.33899999999999975E-001, 2.89999999999999980E-003, 2.42899999999999991E-002
PHI,92, 1.03830000000000000E+000, 7.52900000000000014E-001, 2.29999999999999996E-003, 2.26899999999999984E-002
PHI,93, 1.03899999999999992E+000, 6.68699999999999961E-001, 1.79999999999999995E-003, 2.18500000000000014E-002
PHI,94, 1.03970000000000007E+000, 5.81699999999999995E-001, 1.10000000000000007E-003, 1.92400000000000002E-002
PHI,95, 1.04000000000000004E+000, 5.35200000000000009E-001, 6.99999999999999993E-004, 2.31099999999999986E-002
R1_4,1, 1.39999999999999991E+000, 1.58499999999999996E+000, 1.60000000000000003E-002, 5.89999999999999969E-002
R1_4,2, 1.41900000000000004E+000, 1.70999999999999996E+000, 2.10000000000000013E-002, 5.80000000000000029E-002
R1_4,3, 1.42700000000000005E+000, 1.76699999999999990E+000, 2.10000000000000013E-002, 5.80000000000000029E-002
R1_4,4, 1.43500000000000005E+000, 1.80600000000000005E+000, 2.10000000000000013E-002, 5.80000000000000029E-002
R1_4,5, 1.43799999999999994E+000, 1.82099999999999995E+000, 2.10000000000000013E-002, 5.80000000000000029E-002
R1_4,6, 1.44999999999999996E+000, 1.87100000000000000E+000, 2.19999999999999987E-002, 5.80000000000000029E-002
R1_4,7, 1.45199999999999996E+000, 1.87900000000000000E+000, 2.19999999999999987E-002, 5.80000000000000029E-002
R1_4,8, 1.45700000000000007E+000, 1.89900000000000002E+000, 2.19999999999999987E-002, 5.80000000000000029E-002
R1_4,9, 1.45999999999999996E+000, 1.91199999999999992E+000, 2.29999999999999996E-002, 5.80000000000000029E-002
R1_4,10, 1.46399999999999997E+000, 1.92999999999999994E+000, 2.29999999999999996E-002, 5.89999999999999969E-002
R1_4,11, 1.47199999999999998E+000, 1.96900000000000008E+000, 2.29999999999999996E-002, 5.89999999999999969E-002
R1_4,12, 1.48100000000000009E+000, 2.01299999999999990E+000, 2.29999999999999996E-002, 5.99999999999999978E-002
R1_4,13, 1.48999999999999999E+000, 2.05100000000000016E+000, 2.40000000000000005E-002, 5.99999999999999978E-002
R1_4,14, 1.49100000000000010E+000, 2.05399999999999983E+000, 2.40000000000000005E-002, 5.99999999999999978E-002
R1_4,15, 1.50000000000000000E+000, 2.07799999999999985E+000, 2.40000000000000005E-002, 6.09999999999999987E-002
R1_4,16, 1.50099999999999989E+000, 2.08099999999999996E+000, 2.40000000000000005E-002, 6.09999999999999987E-002
R1_4,17, 1.50600000000000001E+000, 2.09500000000000020E+000, 2.40000000000000005E-002, 6.09999999999999987E-002
R1_4,18, 1.51000000000000001E+000, 2.10599999999999987E+000, 2.40000000000000005E-002, 6.09999999999999987E-002
R1_4,19, 1.52299999999999991E+000, 2.12199999999999989E+000, 2.40000000000000005E-002, 6.30000000000000004E-002
R1_4,20, 1.52499999999999991E+000, 2.12400000000000011E+000, 2.40000000000000005E-002, 6.30000000000000004E-002
R1_4,21, 1.53800000000000003E+000, 2.14699999999999980E+000, 2.50000000000000014E-002, 6.50000000000000022E-002
R1_4,22, 1.53899999999999992E+000, 2.14999999999999991E+000, 2.50000000000000014E-002, 6.50000000000000022E-002
R1_4,23, 1.54000000000000004E+000, 2.15200000000000014E+000, 2.50000000000000014E-002, 6.50000000000000022E-002
R1_4,24, 1.55000000000000004E+000, 2.17799999999999994E+000, 2.59999999999999988E-002, 6.40000000000000013E-002
R1_4,25, 1.56000000000000005E+000, 2.20299999999999985E+000, 2.69999999999999997E-002, 6.30000000000000004E-002
R1_4,26, 1.56200000000000006E+000, 2.20800000000000018E+000, 2.69999999999999997E-002, 6.30000000000000004E-002
R1_4,27, 1.57400000000000007E+000, 2.24600000000000000E+000, 2.80000000000000006E-002, 6.09999999999999987E-002
R1_4,28, 1.57499999999999996E+000, 2.24900000000000011E+000, 2.80000000000000006E-002, 6.09999999999999987E-002
R1_4,29, 1.58000000000000007E+000, 2.26699999999999990E+000, 2.90000000000000015E-002, 6.09999999999999987E-002
R1_4,30, 1.58099999999999996E+000, 2.27099999999999991E+000, 2.90000000000000015E-002, 6.09999999999999987E-002
R1_4,31, 1.58699999999999997E+000, 2.29199999999999982E+000, 2.90000000000000015E-002, 6.09999999999999987E-002
R1_4,32, 1.59000000000000008E+000, 2.30799999999999983E+000, 2.99999999999999989E-002, 6.09999999999999987E-002
R1_4,33, 1.59899999999999998E+000, 2.35700000000000021E+000, 2.99999999999999989E-002, 6.19999999999999996E-002
R1_4,34, 1.60000000000000009E+000, 2.36200000000000010E+000, 2.99999999999999989E-002, 6.19999999999999996E-002
R1_4,35, 1.61000000000000010E+000, 2.41599999999999993E+000, 3.09999999999999998E-002, 6.19999999999999996E-002
R1_4,36, 1.61899999999999999E+000, 2.43900000000000006E+000, 3.30000000000000016E-002, 6.19999999999999996E-002
R1_4,37, 1.62400000000000011E+000, 2.44899999999999984E+000, 3.40000000000000024E-002, 6.19999999999999996E-002
R1_4,38, 1.62500000000000000E+000, 2.45000000000000018E+000, 3.40000000000000024E-002, 6.30000000000000004E-002
R1_4,39, 1.63799999999999990E+000, 2.53699999999999992E+000, 3.79999999999999991E-002, 5.99999999999999978E-002
R1_4,40, 1.63999999999999990E+000, 2.54499999999999993E+000, 3.79999999999999991E-002, 5.99999999999999978E-002
R1_4,41, 1.64999999999999991E+000, 2.58499999999999996E+000, 3.89999999999999999E-002, 5.89999999999999969E-002
R1_4,42, 1.65700000000000003E+000, 2.61399999999999988E+000, 3.89999999999999999E-002, 5.80000000000000029E-002
R1_4,43, 1.65999999999999992E+000, 2.62599999999999989E+000, 4.00000000000000008E-002, 5.80000000000000029E-002
R1_4,44, 1.66199999999999992E+000, 2.63399999999999990E+000, 4.00000000000000008E-002, 5.80000000000000029E-002
R1_4,45, 1.66300000000000003E+000, 2.63799999999999990E+000, 4.00000000000000008E-002, 5.70000000000000021E-002
R1_4,46, 1.67300000000000004E+000, 2.60599999999999987E+000, 3.89999999999999999E-002, 5.80000000000000029E-002
R1_4,47, 1.67500000000000004E+000, 2.59900000000000020E+000, 3.89999999999999999E-002, 5.80000000000000029E-002
R1_4,48, 1.68100000000000005E+000, 2.58999999999999986E+000, 4.00000000000000008E-002, 5.89999999999999969E-002
R1_4,49, 1.68700000000000006E+000, 2.58199999999999985E+000, 4.10000000000000017E-002, 6.09999999999999987E-002
R1_4,50, 1.68999999999999995E+000, 2.56599999999999984E+000, 4.10000000000000017E-002, 6.09999999999999987E-002
R1_4,51, 1.69999999999999996E+000, 2.49299999999999988E+000, 4.00000000000000008E-002, 6.40000000000000013E-002
R1_4,52, 1.70999999999999996E+000, 2.42099999999999982E+000, 4.00000000000000008E-002, 6.70000000000000040E-002
R1_4,53, 1.71199999999999997E+000, 2.40700000000000003E+000, 3.89999999999999999E-002, 6.70000000000000040E-002
R1_4,54, 1.71300000000000008E+000, 2.40899999999999981E+000, 4.00000000000000008E-002, 6.70000000000000040E-002
R1_4,55, 1.71900000000000008E+000, 2.41999999999999993E+000, 4.10000000000000017E-002, 6.70000000000000040E-002
R1_4,56, 1.72199999999999998E+000, 2.42600000000000016E+000, 4.10000000000000017E-002, 6.70000000000000040E-002
R1_4,57, 1.72500000000000009E+000, 2.43199999999999994E+000, 4.20000000000000026E-002, 6.60000000000000031E-002
R1_4,58, 1.73799999999999999E+000, 2.33000000000000007E+000, 4.10000000000000017E-002, 6.70000000000000040E-002
R1_4,59, 1.73999999999999999E+000, 2.31599999999999984E+000, 4.00000000000000008E-002, 6.70000000000000040E-002
R1_4,60, 1.74600000000000000E+000, 2.27300000000000013E+000, 4.00000000000000008E-002, 6.60000000000000031E-002
R1_4,61, 1.75000000000000000E+000, 2.24500000000000011E+000, 3.89999999999999999E-002, 6.50000000000000022E-002
R1_4,62, 1.75600000000000001E+000, 2.20299999999999985E+000, 3.79999999999999991E-002, 6.40000000000000013E-002
R1_4,63, 1.75699999999999990E+000, 2.19600000000000017E+000, 3.79999999999999991E-002, 6.40000000000000013E-002
R1_4,64, 1.76000000000000001E+000, 2.17499999999999982E+000, 3.79999999999999991E-002, 6.40000000000000013E-002
R1_4,65, 1.76200000000000001E+000, 2.16100000000000003E+000, 3.79999999999999991E-002, 6.30000000000000004E-002
R1_4,66, 1.76400000000000001E+000, 2.14800000000000013E+000, 3.79999999999999991E-002, 6.30000000000000004E-002
R1_4,67, 1.76899999999999991E+000, 2.12100000000000000E+000, 3.89999999999999999E-002, 6.40000000000000013E-002
R1_4,68, 1.77499999999999991E+000, 2.08700000000000019E+000, 3.89999999999999999E-002, 6.40000000000000013E-002
R1_4,69, 1.78099999999999992E+000, 2.06599999999999984E+000, 4.00000000000000008E-002, 6.50000000000000022E-002
R1_4,70, 1.79000000000000004E+000, 2.03500000000000014E+000, 4.10000000000000017E-002, 6.60000000000000031E-002
R1_4,71, 1.79899999999999993E+000, 2.00599999999999978E+000, 3.89999999999999999E-002, 6.60000000000000031E-002
R1_4,72, 1.80000000000000004E+000, 2.00300000000000011E+000, 3.89999999999999999E-002, 6.70000000000000040E-002
R1_4,73, 1.81200000000000006E+000, 1.96399999999999997E+000, 3.69999999999999982E-002, 6.70000000000000040E-002
R1_4,74, 1.81899999999999995E+000, 1.93199999999999994E+000, 3.79999999999999991E-002, 6.90000000000000058E-002
R1_4,75, 1.82499999999999996E+000, 1.90500000000000003E+000, 3.89999999999999999E-002, 7.00000000000000067E-002
R1_4,76, 1.82600000000000007E+000, 1.90599999999999992E+000, 3.89999999999999999E-002, 7.09999999999999937E-002
R1_4,77, 1.83400000000000007E+000, 1.91399999999999992E+000, 3.79999999999999991E-002, 7.19999999999999946E-002
R1_4,78, 1.83499999999999996E+000, 1.91500000000000004E+000, 3.69999999999999982E-002, 7.19999999999999946E-002
R1_4,79, 1.83800000000000008E+000, 1.91199999999999992E+000, 3.69999999999999982E-002, 7.29999999999999954E-002
R1_4,80, 1.84099999999999997E+000, 2.00000000000000000E+000, 5.89999999999999969E-002, 6.60000000000000031E-002
R1_4,81, 1.84499999999999997E+000, 1.98700000000000010E+000, 5.89999999999999969E-002, 7.00000000000000067E-002
R1_4,82, 1.85000000000000009E+000, 1.97100000000000009E+000, 5.80000000000000029E-002, 7.49999999999999972E-002
R1_4,83, 1.85699999999999998E+000, 1.94900000000000007E+000, 5.70000000000000021E-002, 8.20000000000000034E-002
R1_4,84, 1.85899999999999999E+000, 1.94300000000000006E+000, 5.70000000000000021E-002, 8.40000000000000052E-002
R1_4,85, 1.87400000000000011E+000, 1.93799999999999994E+000, 5.60000000000000012E-002, 9.09999999999999976E-002
R1_4,86, 1.88100000000000001E+000, 1.92799999999999994E+000, 5.50000000000000003E-002, 9.40000000000000002E-002
R1_4,87, 1.88599999999999990E+000, 1.91999999999999993E+000, 5.39999999999999994E-002, 9.70000000000000029E-002
R1_4,88, 1.89999999999999991E+000, 1.93700000000000006E+000, 5.29999999999999985E-002, 9.40000000000000002E-002
R1_4,89, 1.91900000000000004E+000, 1.96300000000000008E+000, 5.00000000000000028E-002, 8.79999999999999949E-002
R1_4,90, 1.92500000000000004E+000, 1.96799999999999997E+000, 4.90000000000000019E-002, 8.59999999999999931E-002
R1_4,91, 1.92999999999999994E+000, 1.97900000000000009E+000, 4.90000000000000019E-002, 8.20000000000000034E-002
R1_4,92, 1.93700000000000006E+000, 1.99399999999999999E+000, 4.70000000000000001E-002, 7.69999999999999990E-002
R1_4,93, 1.93799999999999994E+000, 1.99500000000000011E+000, 4.70000000000000001E-002, 7.59999999999999981E-002
R1_4,94, 1.93999999999999995E+000, 1.99600000000000000E+000, 4.70000000000000001E-002, 7.69999999999999990E-002
R1_4,95, 1.94500000000000006E+000, 1.99900000000000011E+000, 4.70000000000000001E-002, 7.90000000000000008E-002
R1_4,96, 1.94599999999999995E+000, 1.99900000000000011E+000, 4.70000000000000001E-002, 7.90000000000000008E-002
R1_4,97, 1.94999999999999996E+000, 2.00099999999999989E+000, 4.70000000000000001E-002, 8.00000000000000017E-002
R1_4,98, 1.95500000000000007E+000, 2.00400000000000000E+000, 4.70000000000000001E-002, 8.20000000000000034E-002
R1_4,99, 1.95999999999999996E+000, 2.00599999999999978E+000, 4.59999999999999992E-002, 8.40000000000000052E-002
R1_4,100, 1.96199999999999997E+000, 2.00700000000000012E+000, 4.59999999999999992E-002, 8.40000000000000052E-002
R1_4,101, 1.98100000000000009E+000, 2.02300000000000013E+000, 4.59999999999999992E-002, 8.89999999999999958E-002
R1_4,102, 2.00000000000000000E+000, 2.12599999999999989E+000, 3.59999999999999973E-002, 2.69999999999999997E-002
R1_4,103, 2.01900000000000013E+000, 2.22100000000000009E+000, 4.00000000000000008E-002, 1.89999999999999995E-002
R1_4,104, 2.03799999999999981E+000, 2.23899999999999988E+000, 3.89999999999999999E-002, 1.79999999999999986E-002
R1_4,105, 2.04999999999999982E+000, 2.24299999999999988E+000, 4.00000000000000008E-002, 1.79999999999999986E-002
R1_4,106, 2.06199999999999983E+000, 2.24800000000000022E+000, 4.00000000000000008E-002, 1.79999999999999986E-002
R1_4,107, 2.08099999999999996E+000, 2.25599999999999978E+000, 4.00000000000000008E-002, 1.70000000000000012E-002
R1_4,108, 2.10000000000000009E+000, 2.26399999999999979E+000, 4.10000000000000017E-002, 1.70000000000000012E-002
R1_4,109, 2.12400000000000011E+000, 2.27400000000000002E+000, 4.10000000000000017E-002, 1.60000000000000003E-002
R1_4,110, 2.12500000000000000E+000, 2.27400000000000002E+000, 4.10000000000000017E-002, 1.60000000000000003E-002
R1_4,111, 2.14299999999999979E+000, 2.27499999999999991E+000, 4.10000000000000017E-002, 1.60000000000000003E-002
R1_4,112, 2.14999999999999991E+000, 2.27099999999999991E+000, 4.10000000000000017E-002, 1.60000000000000003E-002
R1_4,113, 2.16199999999999992E+000, 2.26500000000000012E+000, 4.10000000000000017E-002, 1.60000000000000003E-002
R1_4,114, 2.18100000000000005E+000, 2.25599999999999978E+000, 4.10000000000000017E-002, 1.60000000000000003E-002
R1_4,115, 2.20000000000000018E+000, 2.24600000000000000E+000, 4.00000000000000008E-002, 1.60000000000000003E-002
R1_4,116, 2.22400000000000020E+000, 2.23099999999999987E+000, 4.00000000000000008E-002, 1.60000000000000003E-002
R1_4,117, 2.23200000000000021E+000, 2.26399999999999979E+000, 2.00000000000000004E-002, 1.00000000000000002E-002
R1_4,118, 2.24299999999999988E+000, 2.26100000000000012E+000, 2.00000000000000004E-002, 1.00000000000000002E-002
R1_4,119, 2.37000000000000011E+000, 2.23799999999999999E+000, 2.10000000000000013E-002, 1.09999999999999994E-002
R1_4,120, 2.38099999999999978E+000, 2.23600000000000021E+000, 2.19999999999999987E-002, 1.09999999999999994E-002
R1_4,121, 2.39999999999999991E+000, 2.23300000000000010E+000, 2.19999999999999987E-002, 1.09999999999999994E-002
R1_4,122, 2.50000000000000000E+000, 2.21499999999999986E+000, 1.60000000000000003E-002, 1.00000000000000002E-002
R1_4,123, 2.58999999999999986E+000, 2.21899999999999986E+000, 1.60000000000000003E-002, 1.00000000000000002E-002
R1_4,124, 2.60000000000000009E+000, 2.21799999999999997E+000, 1.60000000000000003E-002, 1.00000000000000002E-002
R1_4,125, 2.70000000000000018E+000, 2.21799999999999997E+000, 1.60000000000000003E-002, 1.00000000000000002E-002
R1_4,126, 2.79999999999999982E+000, 2.20599999999999996E+000, 1.60000000000000003E-002, 1.00000000000000002E-002
R1_4,127, 2.87000000000000011E+000, 2.19799999999999995E+000, 1.60000000000000003E-002, 1.00000000000000002E-002
R1_4,128, 2.89999999999999991E+000, 2.20000000000000018E+000, 1.60000000000000003E-002, 1.00000000000000002E-002
R1_4,129, 3.00000000000000000E+000, 2.20400000000000018E+000, 1.49999999999999994E-002, 1.00000000000000002E-002
R1_4,130, 3.03500000000000014E+000, 2.20699999999999985E+000, 1.60000000000000003E-002, 1.00000000000000002E-002
R1_4,131, 3.04999999999999982E+000, 2.20699999999999985E+000, 1.70000000000000012E-002, 1.00000000000000002E-002
R1_4,132, 3.06000000000000005E+000, 2.20299999999999985E+000, 1.70000000000000012E-002, 1.00000000000000002E-002
R1_4,133, 3.08000000000000007E+000, 2.20999999999999996E+000, 1.60000000000000003E-002, 1.00000000000000002E-002
R1_4,134, 3.08999999999999986E+000, 2.20699999999999985E+000, 1.60000000000000003E-002, 1.00000000000000002E-002
R1_4,135, 3.10000000000000009E+000, 2.20500000000000007E+000, 1.60000000000000003E-002, 1.00000000000000002E-002
R1_4,136, 3.20000000000000018E+000, 2.19300000000000006E+000, 1.70000000000000012E-002, 1.09999999999999994E-002
R5_2,1, 5.20000000000000018E+000, 3.46899999999999986E+000, 1.19999999999999996E-001, 5.50000000000000003E-002
R5_2,2, 5.25000000000000000E+000, 3.58000000000000007E+000, 1.01000000000000006E-001, 4.80000000000000010E-002
R5_2,3, 5.29999999999999982E+000, 3.55699999999999994E+000, 9.90000000000000047E-002, 4.80000000000000010E-002
R5_2,4, 5.40000000000000036E+000, 3.49500000000000011E+000, 9.90000000000000047E-002, 4.70000000000000001E-002
R5_2,5, 5.45000000000000018E+000, 3.44200000000000017E+000, 1.01999999999999993E-001, 5.19999999999999976E-002
R5_2,6, 5.50000000000000000E+000, 3.41000000000000014E+000, 1.00000000000000006E-001, 5.19999999999999976E-002
R5_2,7, 5.59999999999999964E+000, 3.42200000000000015E+000, 1.03999999999999995E-001, 5.19999999999999976E-002
R5_2,8, 5.70000000000000018E+000, 3.43400000000000016E+000, 1.07999999999999999E-001, 5.19999999999999976E-002
R5_2,9, 5.75000000000000000E+000, 3.43999999999999995E+000, 1.10000000000000001E-001, 5.19999999999999976E-002
R5_2,10, 5.79999999999999982E+000, 3.44799999999999995E+000, 1.03999999999999995E-001, 5.19999999999999976E-002
R5_2,11, 5.84999999999999964E+000, 3.45599999999999996E+000, 9.80000000000000038E-002, 5.19999999999999976E-002
R5_2,12, 5.90000000000000036E+000, 3.46399999999999997E+000, 9.19999999999999984E-002, 5.19999999999999976E-002
R5_2,13, 5.95000000000000018E+000, 3.47199999999999998E+000, 8.59999999999999931E-002, 5.19999999999999976E-002
R5_2,14, 6.00000000000000000E+000, 3.47999999999999998E+000, 8.00000000000000017E-002, 5.19999999999999976E-002
R5_2,15, 6.04999999999999982E+000, 3.44600000000000017E+000, 8.40000000000000052E-002, 5.19999999999999976E-002
R5_2,16, 6.09999999999999964E+000, 3.41199999999999992E+000, 8.79999999999999949E-002, 5.19999999999999976E-002
R5_2,17, 6.15000000000000036E+000, 3.37800000000000011E+000, 9.19999999999999984E-002, 5.19999999999999976E-002
R5_2,18, 6.20000000000000018E+000, 3.34399999999999986E+000, 9.60000000000000020E-002, 5.19999999999999976E-002
R5_2,19, 6.25000000000000000E+000, 3.31000000000000005E+000, 1.00000000000000006E-001, 5.19999999999999976E-002
R5_2,20, 6.29999999999999982E+000, 3.33400000000000007E+000, 9.80000000000000038E-002, 5.19999999999999976E-002
R5_2,21, 6.34999999999999964E+000, 3.35800000000000010E+000, 9.60000000000000020E-002, 5.19999999999999976E-002
R5_2,22, 6.40000000000000036E+000, 3.38200000000000012E+000, 9.40000000000000002E-002, 5.19999999999999976E-002
R5_2,23, 6.45000000000000018E+000, 3.40600000000000014E+000, 9.19999999999999984E-002, 5.19999999999999976E-002
R5_2,24, 6.50000000000000000E+000, 3.43000000000000016E+000, 8.99999999999999967E-002, 5.19999999999999976E-002
R5_2,25, 6.54999999999999982E+000, 3.42799999999999994E+000, 8.99999999999999967E-002, 5.19999999999999976E-002
R5_2,26, 6.59999999999999964E+000, 3.42600000000000016E+000, 8.99999999999999967E-002, 5.19999999999999976E-002
R5_2,27, 6.65000000000000036E+000, 3.42399999999999993E+000, 8.99999999999999967E-002, 5.19999999999999976E-002
R5_2,28, 6.70000000000000018E+000, 3.42200000000000015E+000, 8.99999999999999967E-002, 5.19999999999999976E-002
R5_2,29, 6.75000000000000000E+000, 3.41999999999999993E+000, 8.99999999999999967E-002, 5.19999999999999976E-002
R5_2,30, 6.79999999999999982E+000, 3.42399999999999993E+000, 8.99999999999999967E-002, 5.19999999999999976E-002
R5_2,31, 6.84999999999999964E+000, 3.42799999999999994E+000, 8.99999999999999967E-002, 5.19999999999999976E-002
R5_2,32, 6.90000000000000036E+000, 3.43199999999999994E+000, 8.99999999999999967E-002, 5.19999999999999976E-002
R5_2,33, 6.95000000000000018E+000, 3.43599999999999994E+000, 8.99999999999999967E-002, 5.19999999999999976E-002
R5_2,34, 7.00000000000000000E+000, 3.57699999999999996E+000, 3.30000000000000016E-002, 1.60000000000000003E-002
R5_2,35, 7.04999999999999982E+000, 3.57600000000000007E+000, 3.30000000000000016E-002, 1.60000000000000003E-002
R5_2,36, 7.09999999999999964E+000, 3.57500000000000018E+000, 3.20000000000000007E-002, 1.49999999999999994E-002
R5_2,37, 7.15000000000000036E+000, 3.57299999999999995E+000, 3.20000000000000007E-002, 1.49999999999999994E-002
R5_2,38, 7.20000000000000018E+000, 3.56800000000000006E+000, 2.69999999999999997E-002, 1.60000000000000003E-002
R5_2,39, 7.25000000000000000E+000, 3.56499999999999995E+000, 3.09999999999999998E-002, 1.49999999999999994E-002
R5_2,40, 7.29999999999999982E+000, 3.56400000000000006E+000, 3.50000000000000033E-002, 1.40000000000000003E-002
R5_2,41, 7.34999999999999964E+000, 3.57100000000000017E+000, 3.40000000000000024E-002, 1.40000000000000003E-002
R5_2,42, 7.40000000000000036E+000, 3.56700000000000017E+000, 3.20000000000000007E-002, 1.40000000000000003E-002
R5_2,43, 7.44000000000000039E+000, 3.55699999999999994E+000, 3.40000000000000024E-002, 1.29999999999999994E-002
R5_2,44, 7.50000000000000000E+000, 3.57100000000000017E+000, 3.40000000000000024E-002, 1.29999999999999994E-002
R5_2,45, 7.59999999999999964E+000, 3.56700000000000017E+000, 3.59999999999999973E-002, 1.29999999999999994E-002
R5_2,46, 7.70000000000000018E+000, 3.60400000000000009E+000, 4.20000000000000026E-002, 1.40000000000000003E-002
R5_2,47, 7.79999999999999982E+000, 3.57799999999999985E+000, 3.69999999999999982E-002, 1.29999999999999994E-002
R5_2,48, 7.90000000000000036E+000, 3.58099999999999996E+000, 3.69999999999999982E-002, 1.40000000000000003E-002
R5_2,49, 8.00000000000000000E+000, 3.57799999999999985E+000, 3.69999999999999982E-002, 1.40000000000000003E-002
R5_2,50, 8.09999999999999964E+000, 3.58599999999999985E+000, 3.50000000000000033E-002, 1.40000000000000003E-002
R5_2,51, 8.19999999999999929E+000, 3.58099999999999996E+000, 3.50000000000000033E-002, 1.40000000000000003E-002
R5_2,52, 8.30000000000000071E+000, 3.56400000000000006E+000, 3.59999999999999973E-002, 1.40000000000000003E-002
R5_2,53, 8.40000000000000036E+000, 3.58499999999999996E+000, 3.50000000000000033E-002, 1.40000000000000003E-002
R5_2,54, 8.50000000000000000E+000, 3.56800000000000006E+000, 3.50000000000000033E-002, 1.40000000000000003E-002
R5_2,55, 8.59999999999999964E+000, 3.56599999999999984E+000, 3.40000000000000024E-002, 1.49999999999999994E-002
R5_2,56, 8.69999999999999929E+000, 3.53399999999999981E+000, 2.69999999999999997E-002, 1.49999999999999994E-002
R5_2,57, 8.80000000000000071E+000, 3.54199999999999982E+000, 2.59999999999999988E-002, 1.60000000000000003E-002
R5_2,58, 8.90000000000000036E+000, 3.55200000000000005E+000, 2.69999999999999997E-002, 1.60000000000000003E-002
R5_2,59, 8.91000000000000014E+000, 3.54999999999999982E+000, 2.80000000000000006E-002, 1.49999999999999994E-002
R5_2,60, 9.00000000000000000E+000, 3.54400000000000004E+000, 2.90000000000000015E-002, 1.60000000000000003E-002
R5_2,61, 9.09999999999999964E+000, 3.52999999999999980E+000, 2.90000000000000015E-002, 1.60000000000000003E-002
R5_2,62, 9.19999999999999929E+000, 3.51399999999999979E+000, 2.90000000000000015E-002, 1.60000000000000003E-002
R5_2,63, 9.27999999999999936E+000, 3.49900000000000011E+000, 3.09999999999999998E-002, 1.60000000000000003E-002
R5_2,64, 9.30000000000000071E+000, 3.50199999999999978E+000, 3.79999999999999991E-002, 1.49999999999999994E-002
R5_2,65, 9.34999999999999964E+000, 3.50700000000000012E+000, 4.00000000000000008E-002, 1.49999999999999994E-002
R5_2,66, 9.39000000000000057E+000, 3.50400000000000000E+000, 4.00000000000000008E-002, 1.49999999999999994E-002
R5_2,67, 9.40000000000000036E+000, 3.50000000000000000E+000, 3.50000000000000033E-002, 1.49999999999999994E-002
R5_2,68, 9.41000000000000014E+000, 3.50199999999999978E+000, 4.39999999999999974E-002, 1.40000000000000003E-002
R5_2,69, 9.41499999999999915E+000, 3.50599999999999978E+000, 4.59999999999999992E-002, 1.40000000000000003E-002
R5_2,70, 9.41999999999999993E+000, 3.51100000000000012E+000, 4.49999999999999983E-002, 1.40000000000000003E-002
R5_2,71, 9.42999999999999972E+000, 3.51799999999999979E+000, 4.39999999999999974E-002, 1.40000000000000003E-002
R5_2,72, 9.43999999999999950E+000, 3.51399999999999979E+000, 4.29999999999999966E-002, 1.49999999999999994E-002
R5_2,73, 9.44999999999999929E+000, 3.52199999999999980E+000, 3.50000000000000033E-002, 1.60000000000000003E-002
R5_2,74, 9.46000000000000085E+000, 3.52099999999999991E+000, 2.99999999999999989E-002, 1.70000000000000012E-002
