resonance,index,E_GeV,factor,frac_error
2,1, 8.08000000000000052E-001, 9.47956800460815430E-001, 4.56554349511861801E-004
2,2, 4.18711000000000000E-001, 9.85581219196319580E-001, 2.87185339402640238E-005
2,3, 4.19999999999999984E-001, 9.85568583011627197E-001, 2.87728162220446393E-005
2,4, 4.23999999999999988E-001, 9.85592782497406006E-001, 2.94463407044531778E-005
2,5, 4.27999999999999992E-001, 9.85622942447662354E-001, 3.01714044326217845E-005
2,6, 4.31999999999999995E-001, 9.85654532909393311E-001, 3.07941481878515333E-005
2,7, 4.35999999999999999E-001, 9.85688745975494385E-001, 3.15405231958720833E-005
2,8, 4.40000000000000002E-001, 9.85726416110992432E-001, 3.23078311339486390E-005
2,9, 4.44000000000000006E-001, 9.85771417617797852E-001, 3.31015107803978026E-005
2,10, 4.48000000000000009E-001, 9.85819041728973389E-001, 3.39226207870524377E-005
2,11, 4.52000000000000013E-001, 9.85869944095611572E-001, 3.47944696841295809E-005
2,12, 4.56000000000000016E-001, 9.85920310020446777E-001, 3.57431672455277294E-005
2,13, 4.60000000000000020E-001, 9.85984981060028076E-001, 3.66720996680669487E-005
2,14, 4.64000000000000024E-001, 9.86050784587860107E-001, 3.76399111701175570E-005
2,15, 4.67000000000000026E-001, 9.86101984977722168E-001, 3.84589875466190279E-005
2,16, 4.70999999999999974E-001, 9.86170530319213867E-001, 3.95080096495803446E-005
2,17, 4.74999999999999978E-001, 9.86104190349578857E-001, 3.97530166083015501E-005
2,18, 4.77999999999999980E-001, 9.86296355724334717E-001, 4.16575057897716761E-005
2,19, 4.81999999999999984E-001, 9.86292183399200439E-001, 4.25414255005307496E-005
2,20, 4.85999999999999988E-001, 9.86452639102935791E-001, 4.49794351879972965E-005
2,21, 4.88999999999999990E-001, 9.86516773700714111E-001, 4.64700897282455117E-005
2,22, 4.92999999999999994E-001, 9.86609876155853271E-001, 4.76007189718075097E-005
2,23, 4.95999999999999996E-001, 9.86680924892425537E-001, 4.82685572933405638E-005
2,24, 5.00000000000000000E-001, 9.86784398555755615E-001, 4.89530430058948696E-005
2,25, 5.20000000000000018E-001, 9.87395823001861572E-001, 5.61893175472505391E-005
2,26, 5.40000000000000036E-001, 9.88094925880432129E-001, 6.47037086309865117E-005
2,27, 5.65999999999999948E-001, 9.89147663116455078E-001, 7.65051372582092881E-005
2,28, 5.91999999999999971E-001, 9.90612566471099854E-001, 9.02671672520227730E-005
2,29, 5.99999999999999978E-001, 9.91117417812347412E-001, 9.90512198768556118E-005
2,30, 6.01999999999999980E-001, 9.91269826889038086E-001, 1.01053003163542598E-004
2,31, 6.07999999999999985E-001, 9.91656363010406494E-001, 1.03952865174505860E-004
2,32, 6.15999999999999992E-001, 9.92200553417205811E-001, 1.06171384686604142E-004
2,33, 6.23999999999999999E-001, 9.92780864238739014E-001, 1.09950400656089187E-004
2,34, 6.32000000000000006E-001, 9.93376374244689941E-001, 1.11280285636894405E-004
2,35, 6.40000000000000013E-001, 9.94013607501983643E-001, 1.13790934847202152E-004
2,36, 6.43000000000000016E-001, 9.94226932525634766E-001, 1.14779402792919427E-004
2,37, 6.48000000000000020E-001, 9.94614660739898682E-001, 1.17417526780627668E-004
2,38, 6.56000000000000028E-001, 9.95255172252655029E-001, 1.22110184747725725E-004
2,39, 6.63000000000000034E-001, 9.95804965496063232E-001, 1.26877552247606218E-004
2,40, 6.71000000000000041E-001, 9.96377348899841309E-001, 1.32639426738023758E-004
2,41, 6.78000000000000047E-001, 9.96854186058044434E-001, 1.38271483592689037E-004
2,42, 6.86000000000000054E-001, 9.97271835803985596E-001, 1.42083008540794253E-004
2,43, 6.87999999999999945E-001, 9.97339189052581787E-001, 1.44265257404185832E-004
2,44, 6.92999999999999949E-001, 9.97457981109619141E-001, 1.47887330967932940E-004
2,45, 6.95999999999999952E-001, 9.97488200664520264E-001, 1.49246203363873065E-004
2,46, 6.99999999999999956E-001, 9.97500896453857422E-001, 1.48099468788132071E-004
2,47, 7.06999999999999962E-001, 9.97262358665466309E-001, 1.54206878505647182E-004
2,48, 7.13999999999999968E-001, 9.96728539466857910E-001, 1.59831004566513002E-004
2,49, 7.20999999999999974E-001, 9.95914638042449951E-001, 1.67600315762683749E-004
2,50, 7.27999999999999980E-001, 9.94697093963623047E-001, 1.79936585482209921E-004
2,51, 7.34999999999999987E-001, 9.92134630680084229E-001, 1.73603155417367816E-004
2,52, 7.41999999999999993E-001, 9.91250336170196533E-001, 2.17311142478138208E-004
2,53, 7.47999999999999998E-001, 9.89535570144653320E-001, 2.44016977376304567E-004
2,54, 7.50000000000000000E-001, 9.88992333412170410E-001, 2.75584403425455093E-004
2,55, 7.55000000000000004E-001, 9.87522780895233154E-001, 3.05045483401045203E-004
2,56, 7.57440000000000002E-001, 9.87016260623931885E-001, 3.26249399222433567E-004
2,57, 7.60072999999999999E-001, 9.86673772335052490E-001, 3.53278999682515860E-004
2,58, 7.62073000000000000E-001, 9.86481487751007080E-001, 3.75408737454563379E-004
2,59, 7.65073000000000003E-001, 9.86405789852142334E-001, 4.24954108893871307E-004
2,60, 7.68517000000000006E-001, 9.87075209617614746E-001, 5.11483463924378157E-004
2,61, 7.70604999999999984E-001, 9.87967491149902344E-001, 5.79229439608752728E-004
2,62, 7.72054000000000018E-001, 9.88747000694274902E-001, 6.33272575214505196E-004
2,63, 7.73143000000000025E-001, 9.89463686943054199E-001, 6.80621364153921604E-004
2,64, 7.74002999999999997E-001, 9.90285575389862061E-001, 7.27926148101687431E-004
2,65, 7.74708999999999981E-001, 9.90666210651397705E-001, 7.59395363274961710E-004
2,66, 7.75305000000000022E-001, 9.91062998771667480E-001, 7.89278012234717607E-004
2,67, 7.75819999999999954E-001, 9.91378724575042725E-001, 8.17738589830696583E-004
2,68, 7.76271000000000044E-001, 9.91575956344604492E-001, 8.43063637148588896E-004
2,69, 7.76672999999999947E-001, 9.91544783115386963E-001, 7.12277251295745373E-004
2,70, 7.77266000000000012E-001, 9.91514086723327637E-001, 8.96392506547272205E-004
2,71, 7.77465999999999990E-001, 9.91353988647460938E-001, 8.10788653325289488E-004
2,72, 7.77669000000000055E-001, 9.91194427013397217E-001, 9.11531853489577770E-004
2,73, 7.77950999999999948E-001, 9.90859150886535645E-001, 9.19371435884386301E-004
2,74, 7.78214999999999990E-001, 9.90521252155303955E-001, 9.25701868254691362E-004
2,75, 7.78463000000000016E-001, 9.89942312240600586E-001, 9.29293863009661436E-004
2,76, 7.78698000000000001E-001, 9.89391922950744629E-001, 9.30390029679983854E-004
2,77, 7.78922000000000003E-001, 9.88769590854644775E-001, 9.28954337723553181E-004
2,78, 7.79136999999999968E-001, 9.88059043884277344E-001, 9.23971005249768496E-004
2,79, 7.79344000000000037E-001, 9.87274885177612305E-001, 9.15882410481572151E-004
2,80, 7.79545000000000043E-001, 9.86433386802673340E-001, 9.04851011000573635E-004
2,81, 7.79742000000000046E-001, 9.85404491424560547E-001, 6.25465123448520899E-004
2,82, 7.79935000000000045E-001, 9.84399616718292236E-001, 8.73483193572610617E-004
2,83, 7.80127000000000015E-001, 9.83223557472229004E-001, 8.51773598697036505E-004
2,84, 7.80317999999999956E-001, 9.81900036334991455E-001, 8.26432718895375729E-004
2,85, 7.80510000000000037E-001, 9.80456233024597168E-001, 7.96489184722304344E-004
2,86, 7.80706000000000011E-001, 9.78749334812164307E-001, 4.87019511638209224E-004
2,87, 7.80908000000000047E-001, 9.76990342140197754E-001, 7.18684459570795298E-004
2,88, 7.81120999999999954E-001, 9.74850177764892578E-001, 6.67559506837278605E-004
2,89, 7.81351000000000018E-001, 9.72319483757019043E-001, 6.04833068791776896E-004
2,90, 7.81611999999999973E-001, 9.69285786151885986E-001, 5.25836250744760036E-004
2,91, 7.81935999999999964E-001, 9.65203344821929932E-001, 4.19658201280981302E-004
2,92, 7.82680000000000042E-001, 9.55048978328704834E-001, 2.53945414442569017E-004
2,93, 7.83414999999999973E-001, 9.45596337318420410E-001, 4.57212532637640834E-004
2,94, 7.83734000000000042E-001, 9.41958963871002197E-001, 5.65081834793090820E-004
2,95, 7.83990999999999993E-001, 9.39311742782592773E-001, 6.45654101390391588E-004
2,96, 7.84217000000000053E-001, 9.37257170677185059E-001, 7.10039166733622551E-004
2,97, 7.84425999999999957E-001, 9.35555815696716309E-001, 7.63518270105123520E-004
2,98, 7.84625000000000017E-001, 9.34179902076721191E-001, 8.08670418336987495E-004
2,99, 7.84816999999999987E-001, 9.33043301105499268E-001, 8.46221868414431810E-004
2,100, 7.85004999999999953E-001, 9.32104289531707764E-001, 8.77644692081958055E-004
2,101, 7.85190999999999972E-001, 9.31341409683227539E-001, 9.04146232642233372E-004
2,102, 7.85378000000000021E-001, 9.30725991725921631E-001, 9.26483771763741970E-004
2,103, 7.85565999999999987E-001, 9.30223047733306885E-001, 9.45031410083174706E-004
2,104, 7.85756000000000010E-001, 9.29938733577728271E-001, 9.59971104748547077E-004
2,105, 7.85950999999999955E-001, 9.29640948772430420E-001, 9.71888191998004913E-004
2,106, 7.86151000000000044E-001, 9.29461002349853516E-001, 9.80826909653842449E-004
2,107, 7.86358000000000001E-001, 9.29356932640075684E-001, 9.87013801932334900E-004
2,108, 7.86572999999999967E-001, 9.29318726062774658E-001, 9.90490545518696308E-004
2,109, 7.86797999999999997E-001, 9.29384469985961914E-001, 9.91188222542405128E-004
2,110, 7.87034000000000011E-001, 9.29268419742584229E-001, 9.94946807622909546E-004
2,111, 7.87283999999999984E-001, 9.29709613323211670E-001, 9.81745892204344273E-004
2,112, 7.87549999999999972E-001, 9.30022835731506348E-001, 9.69674845691770315E-004
2,113, 7.87734999999999963E-001, 9.30042624473571777E-001, 9.65142971836030483E-004
2,114, 7.87935000000000052E-001, 9.30254161357879639E-001, 9.55202907789498568E-004
2,115, 7.88143000000000038E-001, 9.30561304092407227E-001, 9.44992818403989077E-004
2,116, 7.88479000000000041E-001, 9.31065201759338379E-001, 9.28452878724783659E-004
2,117, 7.88847999999999994E-001, 9.31740641593933105E-001, 9.07193520106375217E-004
2,118, 7.89258000000000015E-001, 9.32643473148345947E-001, 8.78930732142180204E-004
2,119, 7.89718999999999949E-001, 9.33475017547607422E-001, 8.54950980283319950E-004
2,120, 7.90246000000000004E-001, 9.34455096721649170E-001, 8.24306276626884937E-004
2,121, 7.90858999999999979E-001, 9.35589611530303955E-001, 7.89540761616080999E-004
2,122, 7.91587999999999958E-001, 9.36863660812377930E-001, 7.50530802179127932E-004
2,123, 7.92479999999999962E-001, 9.38356339931488037E-001, 7.05963000655174255E-004
2,124, 7.93614999999999959E-001, 9.39758360385894775E-001, 6.63818616885691881E-004
2,125, 7.95139000000000040E-001, 9.41849589347839355E-001, 5.96519210375845432E-004
2,126, 7.97363000000000044E-001, 9.43848192691802979E-001, 5.27670839801430702E-004
2,127, 7.98000000000000043E-001, 9.44284379482269287E-001, 5.10960817337036133E-004
2,128, 8.00000000000000044E-001, 9.45643782615661621E-001, 3.84998071240261197E-004
2,129, 8.02000000000000046E-001, 9.47008669376373291E-001, 4.07165178330615163E-004
2,130, 8.04000000000000048E-001, 9.47373151779174805E-001, 3.94688482629135251E-004
2,131, 8.06000000000000050E-001, 9.47945415973663330E-001, 3.71471949620172381E-004
3,1, 1.03998999999999997E+000, 9.37280058860778809E-001, 8.20140296127647161E-004
3,2, 1.00001000000000007E+000, 9.87806439399719238E-001, 8.82930355146527290E-004
3,3, 1.00029999999999997E+000, 9.88396346569061279E-001, 7.97225569840520620E-004
3,4, 1.00099999999999989E+000, 9.89127039909362793E-001, 7.94485444203019142E-004
3,5, 1.00170000000000003E+000, 9.90951299667358398E-001, 8.30100325401872396E-004
3,6, 1.00239999999999996E+000, 9.91499662399291992E-001, 8.34424165077507496E-004
3,7, 1.00310000000000010E+000, 9.92812037467956543E-001, 8.63956112880259752E-004
3,8, 1.00380000000000003E+000, 9.94311034679412842E-001, 8.95805656909942627E-004
3,9, 1.00449999999999995E+000, 9.96003329753875732E-001, 9.34323295950889587E-004
3,10, 1.00520000000000009E+000, 9.97521042823791504E-001, 9.71144356299191713E-004
3,11, 1.00590000000000002E+000, 9.99373197555541992E-001, 1.01513753179460764E-003
3,12, 1.00659999999999994E+000, 1.00135350227355957E+000, 1.06399029027670622E-003
3,13, 1.00730000000000008E+000, 1.00323033332824707E+000, 1.10851274803280830E-003
3,14, 1.00800000000000001E+000, 1.00601243972778320E+000, 1.24026730190962553E-003
3,15, 1.00869999999999993E+000, 1.00880062580108643E+000, 1.24661310110241175E-003
3,16, 1.00940000000000007E+000, 1.01173472404479980E+000, 1.32293137721717358E-003
3,17, 1.01010000000000000E+000, 1.01527249813079834E+000, 1.40901422128081322E-003
3,18, 1.01079999999999992E+000, 1.01917648315429688E+000, 1.50689133442938328E-003
3,19, 1.01150000000000007E+000, 1.02364277839660645E+000, 1.61871407181024551E-003
3,20, 1.01219999999999999E+000, 1.02876818180084229E+000, 1.74725742544978857E-003
3,21, 1.01289999999999991E+000, 1.03470528125762939E+000, 1.89567205961793661E-003
3,22, 1.01360000000000006E+000, 1.04163825511932373E+000, 2.06789188086986542E-003
3,23, 1.01429999999999998E+000, 1.04972267150878906E+000, 2.26772320456802845E-003
3,24, 1.01499999999999990E+000, 1.05763459205627441E+000, 2.46389443054795265E-003
3,25, 1.01520000000000010E+000, 1.06193184852600098E+000, 2.56965588778257370E-003
3,26, 1.01540000000000008E+000, 1.06490945816040039E+000, 2.64322431758046150E-003
3,27, 1.01560000000000006E+000, 1.06797373294830322E+000, 2.71873036399483681E-003
3,28, 1.01580000000000004E+000, 1.07108473777770996E+000, 2.79605621472001076E-003
3,29, 1.01600000000000001E+000, 1.07016420364379883E+000, 2.77759577147662640E-003
3,30, 1.01619999999999999E+000, 1.07742881774902344E+000, 2.95398919843137264E-003
3,31, 1.01639999999999997E+000, 1.08051621913909912E+000, 3.03237978368997574E-003
3,32, 1.01659999999999995E+000, 1.08341157436370850E+000, 3.10701294802129269E-003
3,33, 1.01679999999999993E+000, 1.08607125282287598E+000, 3.17766843363642693E-003
3,34, 1.01699999999999990E+000, 1.08839607238769531E+000, 3.24071152135729790E-003
3,35, 1.01720000000000010E+000, 1.09005951881408691E+000, 3.29273776151239872E-003
3,36, 1.01740000000000008E+000, 1.09092855453491211E+000, 3.32847633399069309E-003
3,37, 1.01770000000000005E+000, 1.09013140201568604E+000, 3.33970785140991211E-003
3,38, 1.01790000000000003E+000, 1.08751714229583740E+000, 3.30370850861072540E-003
3,39, 1.01800000000000002E+000, 1.08551132678985596E+000, 3.27082001604139805E-003
3,40, 1.01819999999999999E+000, 1.07974445819854736E+000, 3.16705019213259220E-003
3,41, 1.01839999999999997E+000, 1.07130897045135498E+000, 3.00318165682256222E-003
3,42, 1.01859999999999995E+000, 1.05986762046813965E+000, 2.76805786415934563E-003
3,43, 1.01879999999999993E+000, 1.04531311988830566E+000, 2.45344149880111217E-003
3,44, 1.01899999999999991E+000, 1.02774429321289062E+000, 2.05588759854435921E-003
3,45, 1.01920000000000011E+000, 1.00772762298583984E+000, 1.58151681534945965E-003
3,46, 1.01940000000000008E+000, 9.86006855964660645E-001, 1.08628114685416222E-003
3,47, 1.01960000000000006E+000, 9.63691473007202148E-001, 1.37186609208583832E-003
3,48, 1.01980000000000004E+000, 9.41912531852722168E-001, 1.94933312013745308E-003
3,49, 1.02000000000000002E+000, 9.21737968921661377E-001, 2.47286027297377586E-003
3,50, 1.02020000000000000E+000, 9.03955936431884766E-001, 2.91447178460657597E-003
3,51, 1.02039999999999997E+000, 8.88980746269226074E-001, 3.26469773426651955E-003
3,52, 1.02059999999999995E+000, 8.76958131790161133E-001, 3.52519867010414600E-003
3,53, 1.02079999999999993E+000, 8.67759823799133301E-001, 3.70174762792885303E-003
3,54, 1.02099999999999991E+000, 8.61106574535369873E-001, 3.80779104307293892E-003
3,55, 1.02120000000000011E+000, 8.56619894504547119E-001, 3.85610992088913918E-003
3,56, 1.02140000000000009E+000, 8.53894829750061035E-001, 3.85893904604017735E-003
3,57, 1.02160000000000006E+000, 8.52603852748870850E-001, 3.82733880542218685E-003
3,58, 1.02180000000000004E+000, 8.52415442466735840E-001, 3.77057073637843132E-003
3,59, 1.02200000000000002E+000, 8.53086709976196289E-001, 3.69600811973214149E-003
3,60, 1.02220000000000000E+000, 8.54352593421936035E-001, 3.60970734618604183E-003
3,61, 1.02239999999999998E+000, 8.57147634029388428E-001, 3.48010472953319550E-003
3,62, 1.02269999999999994E+000, 8.59936833381652832E-001, 3.34526575170457363E-003
3,63, 1.02289999999999992E+000, 8.61904501914978027E-001, 3.25782177969813347E-003
3,64, 1.02299999999999991E+000, 8.62938821315765381E-001, 3.21442517451941967E-003
3,65, 1.02320000000000011E+000, 8.65214169025421143E-001, 3.12251667492091656E-003
3,66, 1.02340000000000009E+000, 8.67705285549163818E-001, 3.02709336392581463E-003
3,67, 1.02360000000000007E+000, 8.70190620422363281E-001, 2.93483119457960129E-003
3,68, 1.02380000000000004E+000, 8.72630834579467773E-001, 2.84570571966469288E-003
3,69, 1.02400000000000002E+000, 8.75049829483032227E-001, 2.75975768454372883E-003
3,70, 1.02420000000000000E+000, 8.77365708351135254E-001, 2.67745810560882092E-003
3,71, 1.02439999999999998E+000, 8.77563714981079102E-001, 2.66492995433509350E-003
3,72, 1.02459999999999996E+000, 8.81825208663940430E-001, 2.52346042543649673E-003
3,73, 1.02479999999999993E+000, 8.83941233158111572E-001, 2.45166989043354988E-003
3,74, 1.02499999999999991E+000, 8.85995924472808838E-001, 2.38313572481274605E-003
3,75, 1.02570000000000006E+000, 8.92597198486328125E-001, 2.16705654747784138E-003
3,76, 1.02639999999999998E+000, 8.98294329643249512E-001, 1.98367377743124962E-003
3,77, 1.02709999999999990E+000, 9.03283476829528809E-001, 1.82721938472241163E-003
3,78, 1.02780000000000005E+000, 9.07651066780090332E-001, 1.69284513685852289E-003
3,79, 1.02849999999999997E+000, 9.11432087421417236E-001, 1.57668604515492916E-003
3,80, 1.02919999999999989E+000, 9.15500342845916748E-001, 1.45302596502006054E-003
3,81, 1.02990000000000004E+000, 9.17777776718139648E-001, 1.38687901198863983E-003
3,82, 1.03059999999999996E+000, 9.20419871807098389E-001, 1.30875397007912397E-003
3,83, 1.03130000000000011E+000, 9.22786951065063477E-001, 1.23954657465219498E-003
3,84, 1.03200000000000003E+000, 9.24918532371520996E-001, 1.17794715333729982E-003
3,85, 1.03269999999999995E+000, 9.26854312419891357E-001, 1.12290831748396158E-003
3,86, 1.03340000000000010E+000, 9.28602278232574463E-001, 1.07361201662570238E-003
3,87, 1.03410000000000002E+000, 9.30129408836364746E-001, 1.02940551005303860E-003
3,88, 1.03479999999999994E+000, 9.31675791740417480E-001, 9.89651307463645935E-004
3,89, 1.03550000000000009E+000, 9.32985007762908936E-001, 9.54124960117042065E-004
3,90, 1.03620000000000001E+000, 9.34231698513031006E-001, 9.22500737942755222E-004
3,91, 1.03689999999999993E+000, 9.35342967510223389E-001, 8.95524630323052406E-004
3,92, 1.03760000000000008E+000, 9.36378479003906250E-001, 8.72094125952571630E-004
3,93, 1.03830000000000000E+000, 9.36413645744323730E-001, 8.80070729181170464E-004
3,94, 1.03899999999999992E+000, 9.38252091407775879E-001, 8.44816036988049746E-004
3,95, 1.03970000000000007E+000, 9.39083397388458252E-001, 8.65765090566128492E-004
4,1, 3.10194800000000015E+000, 9.50695574283599854E-001, 1.65116784046404064E-004
4,2, 2.10000000000000009E+000, 9.62585389614105225E-001, 8.15435196273028851E-004
4,3, 2.15010000000000012E+000, 9.61896479129791260E-001, 7.15680653229355812E-004
4,4, 2.22000000000000020E+000, 9.61176455020904541E-001, 6.77249510772526264E-004
4,5, 2.25999999999999979E+000, 9.60830509662628174E-001, 6.51392329018563032E-004
4,6, 2.29999999999999982E+000, 9.60678160190582275E-001, 6.49182300549000502E-004
4,7, 2.39999999999999991E+000, 9.60645139217376709E-001, 5.97498379647731781E-004
4,8, 2.45000000000000018E+000, 9.60777282714843750E-001, 5.55222446564584970E-004
4,9, 2.50000000000000000E+000, 9.61041092872619629E-001, 5.25775365531444550E-004
4,10, 2.54999999999999982E+000, 9.61376428604125977E-001, 5.11020887643098831E-004
4,11, 2.60000000000000009E+000, 9.61719334125518799E-001, 5.12070429977029562E-004
4,12, 2.64999999999999991E+000, 9.62140440940856934E-001, 5.23742113728076220E-004
4,13, 2.70000000000000018E+000, 9.62694883346557617E-001, 5.48039737623184919E-004
4,14, 2.75000000000000000E+000, 9.63437020778656006E-001, 5.83446060772985220E-004
4,15, 2.79999999999999982E+000, 9.64459836483001709E-001, 6.32570416200906038E-004
4,16, 2.85000000000000009E+000, 9.65927541255950928E-001, 7.10413733031600714E-004
4,17, 2.89999999999999991E+000, 9.68163132667541504E-001, 8.41094180941581726E-004
4,18, 2.91000000000000014E+000, 9.68753993511199951E-001, 8.77556973136961460E-004
4,19, 2.91999999999999993E+000, 9.69411253929138184E-001, 9.18409787118434906E-004
4,20, 2.93000000000000016E+000, 9.70147132873535156E-001, 9.64923237916082144E-004
4,21, 2.93999999999999995E+000, 9.70977604389190674E-001, 1.01804523728787899E-003
4,22, 2.95000000000000018E+000, 9.71920609474182129E-001, 1.07907608617097139E-003
4,23, 2.95999999999999996E+000, 9.73000168800354004E-001, 1.14970002323389053E-003
4,24, 2.97000000000000020E+000, 9.74244296550750732E-001, 1.23226770665496588E-003
4,25, 2.97199999999999998E+000, 9.74517643451690674E-001, 1.25043990556150675E-003
4,26, 2.97400000000000020E+000, 9.74799633026123047E-001, 1.26924621872603893E-003
4,27, 2.97599999999999998E+000, 9.75091457366943359E-001, 1.28871283959597349E-003
4,28, 2.97800000000000020E+000, 9.75395381450653076E-001, 1.30886887200176716E-003
4,29, 2.97999999999999998E+000, 9.75703895092010498E-001, 1.32975378073751926E-003
4,30, 2.98200000000000021E+000, 9.76026117801666260E-001, 1.35134230367839336E-003
4,31, 2.98399999999999999E+000, 9.76359903812408447E-001, 1.37373455800116062E-003
4,32, 2.98600000000000021E+000, 9.76705193519592285E-001, 1.39697361737489700E-003
4,33, 2.98799999999999999E+000, 9.77063298225402832E-001, 1.42110628075897694E-003
4,34, 2.99000000000000021E+000, 9.77434813976287842E-001, 1.44617224577814341E-003
4,35, 2.99900000000000011E+000, 9.79297637939453125E-001, 1.57154700718820095E-003
4,36, 3.00499999999999989E+000, 9.80739116668701172E-001, 1.66970689315348864E-003
4,37, 3.00800000000000001E+000, 9.81532216072082520E-001, 1.72385270707309246E-003
4,38, 3.00999999999999979E+000, 9.82091546058654785E-001, 1.76203879527747631E-003
4,39, 3.01200000000000001E+000, 9.82677340507507324E-001, 1.80201232433319092E-003
4,40, 3.01399999999999979E+000, 9.83291387557983398E-001, 1.84394768439233303E-003
4,41, 3.01600000000000001E+000, 9.83935952186584473E-001, 1.88797747250646353E-003
4,42, 3.01799999999999979E+000, 9.84613180160522461E-001, 1.93426420446485281E-003
4,43, 3.02000000000000002E+000, 9.85325634479522705E-001, 1.98297947645187378E-003
4,44, 3.02099999999999991E+000, 9.85695898532867432E-001, 2.00830795802175999E-003
4,45, 3.02199999999999980E+000, 9.86076116561889648E-001, 2.03431979753077030E-003
4,46, 3.02300000000000013E+000, 9.86466586589813232E-001, 2.06103874370455742E-003
4,47, 3.02400000000000002E+000, 9.86867725849151611E-001, 2.08849716000258923E-003
4,48, 3.02499999999999991E+000, 9.87280428409576416E-001, 2.11672182194888592E-003
4,49, 3.02599999999999980E+000, 9.87704455852508545E-001, 2.14574858546257019E-003
4,50, 3.02700000000000014E+000, 9.88140404224395752E-001, 2.17560795135796070E-003
4,51, 3.02800000000000002E+000, 9.88589286804199219E-001, 2.20633833669126034E-003
4,52, 3.02899999999999991E+000, 9.89051342010498047E-001, 2.23797489888966084E-003
4,53, 3.02999999999999980E+000, 9.89527344703674316E-001, 2.27056071162223816E-003
4,54, 3.03100000000000014E+000, 9.90017831325531006E-001, 2.30413512326776981E-003
4,55, 3.03200000000000003E+000, 9.90523397922515869E-001, 2.33874516561627388E-003
4,56, 3.03299999999999992E+000, 9.91044878959655762E-001, 2.37443833611905575E-003
4,57, 3.03399999999999981E+000, 9.91582989692687988E-001, 2.41126632317900658E-003
4,58, 3.03500000000000014E+000, 9.92138564586639404E-001, 2.44928221218287945E-003
4,59, 3.03600000000000003E+000, 9.92712318897247314E-001, 2.48854327946901321E-003
4,60, 3.03699999999999992E+000, 9.93305921554565430E-001, 2.52911075949668884E-003
4,61, 3.03799999999999981E+000, 9.93919074535369873E-001, 2.57105217315256596E-003
4,62, 3.03900000000000015E+000, 9.94553685188293457E-001, 2.61443527415394783E-003
4,63, 3.04000000000000004E+000, 9.95210707187652588E-001, 2.65933549962937832E-003
4,64, 3.04099999999999993E+000, 9.95891332626342773E-001, 2.70583247765898705E-003
4,65, 3.04199999999999982E+000, 9.96596872806549072E-001, 2.75401258841156960E-003
4,66, 3.04300000000000015E+000, 9.97328698635101318E-001, 2.80396686866879463E-003
4,67, 3.04400000000000004E+000, 9.98088359832763672E-001, 2.85579473711550236E-003
4,68, 3.04499999999999993E+000, 9.98877406120300293E-001, 2.90960189886391163E-003
4,69, 3.04599999999999982E+000, 9.99697923660278320E-001, 2.96550220809876919E-003
4,70, 3.04700000000000015E+000, 1.00055098533630371E+000, 3.02361999638378620E-003
4,71, 3.04800000000000004E+000, 1.00143933296203613E+000, 3.08408797718584538E-003
4,72, 3.04899999999999993E+000, 1.00236511230468750E+000, 3.14704934135079384E-003
4,73, 3.04999999999999982E+000, 1.00333070755004883E+000, 3.21266031824052334E-003
4,74, 3.05100000000000016E+000, 1.00433886051177979E+000, 3.28109064139425755E-003
4,75, 3.05200000000000005E+000, 1.00539207458496094E+000, 3.35252401418983936E-003
4,76, 3.05299999999999994E+000, 1.00649380683898926E+000, 3.42716067098081112E-003
4,77, 3.05399999999999983E+000, 1.00764715671539307E+000, 3.50521923974156380E-003
4,78, 3.05500000000000016E+000, 1.00885629653930664E+000, 3.58693767338991165E-003
4,79, 3.05600000000000005E+000, 1.01012480258941650E+000, 3.67257907055318356E-003
4,80, 3.05699999999999994E+000, 1.01145756244659424E+000, 3.76242888160049915E-003
4,81, 3.05799999999999983E+000, 1.01285970211029053E+000, 3.85680375620722771E-003
4,82, 3.05900000000000016E+000, 1.01433646678924561E+000, 3.95605107769370079E-003
4,83, 3.06000000000000005E+000, 1.01589429378509521E+000, 4.06055618077516556E-003
4,84, 3.06050000000000022E+000, 1.01670563220977783E+000, 4.11491142585873604E-003
4,85, 3.06099999999999994E+000, 1.01753997802734375E+000, 4.17074421420693398E-003
4,86, 3.06150000000000011E+000, 1.01839804649353027E+000, 4.22811601310968399E-003
4,87, 3.06199999999999983E+000, 1.01928102970123291E+000, 4.28709061816334724E-003
4,88, 3.06250000000000000E+000, 1.02019011974334717E+000, 4.34773461893200874E-003
4,89, 3.06300000000000017E+000, 1.02112627029418945E+000, 4.41012065857648849E-003
4,90, 3.06349999999999989E+000, 1.02209091186523438E+000, 4.47432463988661766E-003
4,91, 3.06400000000000006E+000, 1.02308475971221924E+000, 4.54042712226510048E-003
4,92, 3.06449999999999978E+000, 1.02411043643951416E+000, 4.60851099342107773E-003
4,93, 3.06499999999999995E+000, 1.02516841888427734E+000, 4.67866752296686172E-003
4,94, 3.06550000000000011E+000, 1.02626025676727295E+000, 4.75099403411149979E-003
4,95, 3.06599999999999984E+000, 1.02738845348358154E+000, 4.82558924704790115E-003
4,96, 3.06650000000000000E+000, 1.02855420112609863E+000, 4.90256259217858315E-003
4,97, 3.06700000000000017E+000, 1.02975940704345703E+000, 4.98202908784151077E-003
4,98, 3.06749999999999989E+000, 1.03100621700286865E+000, 5.06411213427782059E-003
4,99, 3.06800000000000006E+000, 1.03229677677154541E+000, 5.14894118532538414E-003
4,100, 3.06849999999999978E+000, 1.03363370895385742E+000, 5.23665593937039375E-003
4,101, 3.06899999999999995E+000, 1.03501915931701660E+000, 5.32740680500864983E-003
4,102, 3.06950000000000012E+000, 1.03645610809326172E+000, 5.42135164141654968E-003
4,103, 3.06999999999999984E+000, 1.03794741630554199E+000, 5.51866320893168449E-003
4,104, 3.07050000000000001E+000, 1.03949582576751709E+000, 5.61952497810125351E-003
4,105, 3.07100000000000017E+000, 1.04110562801361084E+000, 5.72413252666592598E-003
4,106, 3.07149999999999990E+000, 1.04278004169464111E+000, 5.83269773051142693E-003
4,107, 3.07200000000000006E+000, 1.04452288150787354E+000, 5.94545062631368637E-003
4,108, 3.07249999999999979E+000, 1.04633867740631104E+000, 6.06263568624854088E-003
4,109, 3.07299999999999995E+000, 1.04823184013366699E+000, 6.18452019989490509E-003
4,110, 3.07350000000000012E+000, 1.05020761489868164E+000, 6.31139101460576057E-003
4,111, 3.07399999999999984E+000, 1.05227148532867432E+000, 6.44355919212102890E-003
4,112, 3.07450000000000001E+000, 1.05442941188812256E+000, 6.58136326819658279E-003
4,113, 3.07500000000000018E+000, 1.05668830871582031E+000, 6.72517018392682076E-003
4,114, 3.07549999999999990E+000, 1.05905485153198242E+000, 6.87538040801882744E-003
4,115, 3.07600000000000007E+000, 1.06153726577758789E+000, 7.03242933377623558E-003
4,116, 3.07649999999999979E+000, 1.06414425373077393E+000, 7.19679426401853561E-003
4,117, 3.07699999999999996E+000, 1.06688523292541504E+000, 7.36899860203266144E-003
4,118, 3.07750000000000012E+000, 1.06977128982543945E+000, 7.54961324855685234E-003
4,119, 3.07799999999999985E+000, 1.07281410694122314E+000, 7.73926917463541031E-003
4,120, 3.07850000000000001E+000, 1.07602667808532715E+000, 7.93866161257028580E-003
4,121, 3.07900000000000018E+000, 1.07942354679107666E+000, 8.14855843782424927E-003
4,122, 3.07969999999999988E+000, 1.08452057838439941E+000, 8.46169795840978622E-003
4,123, 3.08000000000000007E+000, 1.08683776855468750E+000, 8.60336236655712128E-003
4,124, 3.08049999999999979E+000, 1.09089410305023193E+000, 8.85026901960372925E-003
4,125, 3.08099999999999996E+000, 1.09521341323852539E+000, 9.11170709878206253E-003
4,126, 3.08150000000000013E+000, 1.09982204437255859E+000, 9.38899628818035126E-003
4,127, 3.08199999999999985E+000, 1.10475003719329834E+000, 9.68362018465995789E-003
4,128, 3.08250000000000002E+000, 1.11003184318542480E+000, 9.99725610017776489E-003
4,129, 3.08300000000000018E+000, 1.11570703983306885E+000, 1.03318011388182640E-002
4,130, 3.08349999999999991E+000, 1.12182116508483887E+000, 1.06894169002771378E-002
4,131, 3.08400000000000007E+000, 1.12842702865600586E+000, 1.10725713893771172E-002
4,132, 3.08449999999999980E+000, 1.13558650016784668E+000, 1.14840995520353317E-002
4,133, 3.08499999999999996E+000, 1.14337205886840820E+000, 1.19272703304886818E-002
4,134, 3.08550000000000013E+000, 1.15186953544616699E+000, 1.24058760702610016E-002
4,135, 3.08586999999999989E+000, 1.15867519378662109E+000, 1.27854282036423683E-002
4,136, 3.08688299999999982E+000, 1.18000423908233643E+000, 1.39537490904331207E-002
4,137, 3.08789600000000020E+000, 1.20638716220855713E+000, 1.53560768812894821E-002
4,138, 3.08890900000000013E+000, 1.23985540866851807E+000, 1.70704852789640427E-002
4,139, 3.08992200000000006E+000, 1.28369200229644775E+000, 1.92141104489564896E-002
4,140, 3.09093499999999999E+000, 1.34356606006622314E+000, 2.19711028039455414E-002
4,141, 3.09194799999999992E+000, 1.43016397953033447E+000, 2.56484877318143845E-002
4,142, 3.09296099999999985E+000, 1.56624519824981689E+000, 3.07992491871118546E-002
4,143, 3.09397399999999978E+000, 1.81003057956695557E+000, 3.85301597416400909E-002
4,144, 3.09498700000000015E+000, 2.36471819877624512E+000, 5.14263585209846497E-002
4,145, 3.09600000000000009E+000, 4.64169836044311523E+000, 7.72558152675628662E-002
4,146, 3.09604999999999997E+000, 4.93777322769165039E+000, 7.92184472084045410E-002
4,147, 3.09609999999999985E+000, 5.28083658218383789E+000, 8.12832713127136230E-002
4,148, 3.09615000000000018E+000, 5.68228387832641602E+000, 8.34584906697273254E-002
4,149, 3.09620000000000006E+000, 6.15733480453491211E+000, 8.57532247900962830E-002
4,150, 3.09624999999999995E+000, 6.72671985626220703E+000, 8.81775990128517151E-002
4,151, 3.09629999999999983E+000, 7.41931676864624023E+000, 9.07429605722427368E-002
4,152, 3.09635000000000016E+000, 8.27640151977539062E+000, 9.34619978070259094E-002
4,153, 3.09640000000000004E+000, 9.35877037048339844E+000, 9.63490307331085205E-002
4,154, 3.09644999999999992E+000, 1.07591934204101562E+001, 9.94202196598052979E-002
4,155, 3.09649999999999981E+000, 1.26253252029418945E+001, 1.02693937718868256E-001
4,156, 3.09655000000000014E+000, 1.52045402526855469E+001, 1.06191158294677734E-001
4,157, 3.09660000000000002E+000, 1.89383869171142578E+001, 1.09936133027076721E-001
4,158, 3.09664999999999990E+000, 2.46811428070068359E+001, 1.13957062363624573E-001
4,159, 3.09665500000000016E+000, 2.54223880767822266E+001, 1.14375576376914978E-001
4,160, 3.09673499999999979E+000, 4.54719772338867188E+001, 1.21524438261985779E-001
4,161, 3.09677099999999994E+000, 6.49010696411132812E+001, 1.25050976872444153E-001
4,162, 3.09679299999999991E+000, 8.42601318359375000E+001, 1.27313926815986633E-001
4,163, 3.09680899999999992E+000, 1.04628448486328125E+002, 1.29015162587165833E-001
4,164, 3.09682000000000013E+000, 1.23296127319335938E+002, 1.30213171243667603E-001
4,165, 3.09682900000000005E+000, 1.42488372802734375E+002, 1.31210997700691223E-001
4,166, 3.09683600000000014E+000, 1.60557235717773438E+002, 1.31998121738433838E-001
4,167, 3.09684299999999979E+000, 1.82044464111328125E+002, 1.32794827222824097E-001
4,168, 3.09684800000000005E+000, 1.99890960693359375E+002, 1.33369550108909607E-001
4,169, 3.09685299999999986E+000, 2.20162109375000000E+002, 1.33948773145675659E-001
4,170, 3.09685699999999997E+000, 2.38342224121093750E+002, 1.34415149688720703E-001
4,171, 3.09686100000000009E+000, 2.58447570800781250E+002, 1.34883940219879150E-001
4,172, 3.09686400000000006E+000, 2.74883270263671875E+002, 1.35236933827400208E-001
4,173, 3.09686800000000018E+000, 2.98708801269531250E+002, 1.35709136724472046E-001
4,174, 3.09687000000000001E+000, 3.11464874267578125E+002, 1.35945752263069153E-001
4,175, 3.09687299999999999E+000, 3.31662445068359375E+002, 1.36301159858703613E-001
4,176, 3.09687599999999996E+000, 3.53114379882812500E+002, 1.36656910181045532E-001
4,177, 3.09687799999999980E+000, 3.68080841064453125E+002, 1.36894106864929199E-001
4,178, 3.09688100000000022E+000, 3.91439392089843750E+002, 1.37249767780303955E-001
4,179, 3.09688300000000005E+000, 4.07538848876953125E+002, 1.37486621737480164E-001
4,180, 3.09688499999999989E+000, 4.23973937988281250E+002, 1.37723162770271301E-001
4,181, 3.09688700000000017E+000, 4.40648559570312500E+002, 1.37959316372871399E-001
4,182, 3.09688900000000000E+000, 4.57444549560546875E+002, 1.38194963335990906E-001
4,183, 3.09689099999999984E+000, 4.74220489501953125E+002, 1.38430058956146240E-001
4,184, 3.09689300000000012E+000, 4.90810943603515625E+002, 1.38664498925209045E-001
4,185, 3.09689499999999995E+000, 5.07026855468750000E+002, 1.38898268342018127E-001
4,186, 3.09689699999999979E+000, 5.22657470703125000E+002, 1.39131307601928711E-001
4,187, 3.09689900000000007E+000, 5.37473449707031250E+002, 1.39363631606101990E-001
4,188, 3.09690099999999990E+000, 5.51232299804687500E+002, 1.39595255255699158E-001
4,189, 3.09690399999999988E+000, 5.69343627929687500E+002, 1.39941528439521790E-001
4,190, 3.09690600000000016E+000, 5.79377075195312500E+002, 1.40171751379966736E-001
4,191, 3.09690900000000013E+000, 5.90806152343750000E+002, 1.40516504645347595E-001
4,192, 3.09691200000000011E+000, 5.97342651367187500E+002, 1.40861123800277710E-001
4,193, 3.09691999999999990E+000, 5.88580810546875000E+002, 1.40825942158699036E-001
4,194, 3.09692800000000013E+000, 5.44823852539062500E+002, 1.29156783223152161E-001
4,195, 3.09693100000000010E+000, 5.21826721191406250E+002, 1.21679179370403290E-001
4,196, 3.09693400000000008E+000, 4.96557647705078125E+002, 1.12923301756381989E-001
4,197, 3.09693599999999991E+000, 4.78868103027343750E+002, 1.06521971523761749E-001
4,198, 3.09693899999999989E+000, 4.51644165039062500E+002, 9.62896570563316345E-002
4,199, 3.09694100000000017E+000, 4.33331542968750000E+002, 8.91668200492858887E-002
4,200, 3.09694300000000000E+000, 4.15093109130859375E+002, 8.18905159831047058E-002
4,201, 3.09694499999999984E+000, 3.97075561523437500E+002, 7.45280757546424866E-002
4,202, 3.09694700000000012E+000, 3.79400573730468750E+002, 6.71392753720283508E-002
4,203, 3.09694899999999995E+000, 3.62166107177734375E+002, 5.97762167453765869E-002
4,204, 3.09695099999999979E+000, 3.45448455810546875E+002, 5.24834170937538147E-002
4,205, 3.09695300000000007E+000, 3.29304565429687500E+002, 4.52981665730476379E-002
4,206, 3.09695499999999990E+000, 3.13774322509765625E+002, 3.82510274648666382E-002
4,207, 3.09695700000000018E+000, 2.98883331298828125E+002, 3.13664190471172333E-002
4,208, 3.09695900000000002E+000, 2.84644897460937500E+002, 2.46632788330316544E-002
4,209, 3.09696199999999999E+000, 2.64515991210937500E+002, 1.49784768000245094E-002
4,210, 3.09696399999999983E+000, 2.51906616210937500E+002, 8.78166686743497849E-003
4,211, 3.09696699999999980E+000, 2.34173522949218750E+002, 1.11977300548460335E-004
4,212, 3.09696999999999978E+000, 2.17800262451171875E+002, 8.52029677480459213E-003
4,213, 3.09697200000000006E+000, 2.07602874755859375E+002, 1.38586228713393211E-002
4,214, 3.09697600000000017E+000, 1.88820907592773438E+002, 2.39106323570013046E-002
4,215, 3.09697900000000015E+000, 1.76045272827148438E+002, 3.09238824993371964E-002
4,216, 3.09698299999999982E+000, 1.60596420288085938E+002, 3.96146848797798157E-002
4,217, 3.09698699999999993E+000, 1.46781372070312500E+002, 4.76024597883224487E-002
4,218, 3.09699200000000019E+000, 1.31535568237304688E+002, 5.66865876317024231E-002
4,219, 3.09699700000000000E+000, 1.18242240905761719E+002, 6.48732185363769531E-002
4,220, 3.09700400000000009E+000, 1.02390350341796875E+002, 7.50228986144065857E-002
4,221, 3.09701100000000018E+000, 8.91897506713867188E+001, 8.38704332709312439E-002
4,222, 3.09702000000000011E+000, 7.53054351806640625E+001, 9.36774685978889465E-002
4,223, 3.09703099999999987E+000, 6.19545249938964844E+001, 1.03765033185482025E-001
4,224, 3.09704699999999988E+000, 4.76048126220703125E+001, 1.15684852004051208E-001
4,225, 3.09706899999999985E+000, 3.42625656127929688E+001, 1.28487586975097656E-001
4,226, 3.09710500000000000E+000, 2.13448047637939453E+001, 1.44304677844047546E-001
4,227, 3.09715000000000007E+000, 1.28170270919799805E+001, 1.59770846366882324E-001
4,228, 3.09719999999999995E+000, 7.81618261337280273E+000, 1.74858182668685913E-001
4,229, 3.09724999999999984E+000, 5.01672124862670898E+000, 1.89606264233589172E-001
4,230, 3.09730000000000016E+000, 3.33355975151062012E+000, 2.05054163932800293E-001
4,231, 3.09735000000000005E+000, 2.26749205589294434E+000, 2.21927389502525330E-001
4,232, 3.09739999999999993E+000, 1.56559872627258301E+000, 2.40885511040687561E-001
4,233, 3.09744999999999981E+000, 1.08985579013824463E+000, 2.62654930353164673E-001
4,234, 3.09750000000000014E+000, 7.60372340679168701E-001, 2.88136124610900879E-001
4,235, 3.09755000000000003E+000, 5.28647661209106445E-001, 3.18529427051544189E-001
4,236, 3.09759999999999991E+000, 3.64057302474975586E-001, 3.55516016483306885E-001
4,237, 3.09764999999999979E+000, 2.46616765856742859E-001, 4.01549845933914185E-001
4,238, 3.09770000000000012E+000, 1.62916019558906555E-001, 4.60353225469589233E-001
4,239, 3.09775000000000000E+000, 1.03738889098167419E-001, 5.37781655788421631E-001
4,240, 3.09779999999999989E+000, 6.26199617981910706E-002, 6.43276572227478027E-001
4,241, 3.09785000000000021E+000, 3.49412076175212860E-002, 7.91568994522094727E-001
4,242, 3.09790000000000010E+000, 1.73523034900426865E-002, 9.97374475002288818E-001
4,243, 3.09794999999999998E+000, 7.38898012787103653E-003, 1.18614923954010010E+000
4,244, 3.09799999999999986E+000, 3.21676768362522125E-003, 5.21287441253662109E-001
4,245, 3.09898700000000016E+000, 2.10474550724029541E-001, 1.60834744572639465E-001
4,246, 3.09997400000000001E+000, 3.92306864261627197E-001, 7.98542648553848267E-002
4,247, 3.10096099999999986E+000, 5.07358551025390625E-001, 5.31160645186901093E-002
4,248, 3.10194800000000015E+000, 5.84538877010345459E-001, 3.98012287914752960E-002
4,249, 3.10293500000000000E+000, 6.39491736888885498E-001, 3.18305604159832001E-002
4,250, 3.10392199999999985E+000, 6.80491685867309570E-001, 2.65246722847223282E-002
4,251, 3.10490900000000014E+000, 7.12210953235626221E-001, 2.27387901395559311E-002
4,252, 3.10589599999999999E+000, 7.37462222576141357E-001, 1.99016947299242020E-002
4,253, 3.10688299999999984E+000, 7.58032321929931641E-001, 1.76965203136205673E-002
4,254, 3.10787000000000013E+000, 7.75108158588409424E-001, 1.59333609044551849E-002
4,255, 3.10800000000000010E+000, 7.77143299579620361E-001, 1.57271325588226318E-002
4,256, 3.10899999999999999E+000, 7.91409313678741455E-001, 1.43040856346487999E-002
4,257, 3.10999999999999988E+000, 8.03597331047058105E-001, 1.31187355145812035E-002
4,258, 3.11100000000000021E+000, 8.14129889011383057E-001, 1.21161574497818947E-002
4,259, 3.11200000000000010E+000, 8.23322296142578125E-001, 1.12571390345692635E-002
4,260, 3.11299999999999999E+000, 8.31414818763732910E-001, 1.05129368603229523E-002
4,261, 3.11399999999999988E+000, 8.38593602180480957E-001, 9.86200105398893356E-003
4,262, 3.11500000000000021E+000, 8.45004975795745850E-001, 9.28785838186740875E-003
4,263, 3.11600000000000010E+000, 8.50765585899353027E-001, 8.77769943326711655E-003
4,264, 3.11699999999999999E+000, 8.55970263481140137E-001, 8.32141004502773285E-003
4,265, 3.11799999999999988E+000, 8.60695362091064453E-001, 7.91090819984674454E-003
4,266, 3.11900000000000022E+000, 8.65004122257232666E-001, 7.53964856266975403E-003
4,267, 3.12000000000000011E+000, 8.68949532508850098E-001, 7.20227649435400963E-003
4,268, 3.12100000000000000E+000, 8.72575640678405762E-001, 6.89437007531523705E-003
4,269, 3.12199999999999989E+000, 8.75919818878173828E-001, 6.61224406212568283E-003
4,270, 3.12300000000000022E+000, 8.79013597965240479E-001, 6.35280553251504898E-003
4,271, 3.12400000000000011E+000, 8.81884217262268066E-001, 6.11343607306480408E-003
4,272, 3.12500000000000000E+000, 8.84554803371429443E-001, 5.89190609753131866E-003
4,273, 3.12599999999999989E+000, 8.87045860290527344E-001, 5.68630406633019447E-003
4,274, 3.12699999999999978E+000, 8.89374792575836182E-001, 5.49498246982693672E-003
4,275, 3.12800000000000011E+000, 8.91557037830352783E-001, 5.31651452183723450E-003
4,276, 3.12900000000000000E+000, 8.93605947494506836E-001, 5.14965830370783806E-003
4,277, 3.12999999999999989E+000, 8.95533323287963867E-001, 4.99332556501030922E-003
4,278, 3.13099999999999978E+000, 8.97349834442138672E-001, 4.84656030312180519E-003
4,279, 3.13200000000000012E+000, 8.99064838886260986E-001, 4.70851967111229897E-003
4,280, 3.13300000000000001E+000, 9.00686502456665039E-001, 4.57845814526081085E-003
4,281, 3.13399999999999990E+000, 9.02222335338592529E-001, 4.45571169257164001E-003
4,282, 3.13499999999999979E+000, 9.03678894042968750E-001, 4.33968892320990562E-003
4,283, 3.13600000000000012E+000, 9.05062198638916016E-001, 4.22985991463065147E-003
4,284, 3.13700000000000001E+000, 9.06377673149108887E-001, 4.12575062364339828E-003
4,285, 3.13799999999999990E+000, 9.07630205154418945E-001, 4.02693403884768486E-003
4,286, 3.13899999999999979E+000, 9.08824205398559570E-001, 3.93302459269762039E-003
4,287, 3.14000000000000012E+000, 9.09963786602020264E-001, 3.84367443621158600E-003
4,288, 3.14100000000000001E+000, 9.11052525043487549E-001, 3.75856668688356876E-003
4,289, 3.14199999999999990E+000, 9.12093758583068848E-001, 3.67741496302187443E-003
4,290, 3.14299999999999979E+000, 9.13090527057647705E-001, 3.59995756298303604E-003
4,291, 3.14400000000000013E+000, 9.14045512676239014E-001, 3.52595653384923935E-003
4,292, 3.14500000000000002E+000, 9.14961397647857666E-001, 3.45519348047673702E-003
4,293, 3.14599999999999991E+000, 9.15840625762939453E-001, 3.38746909983456135E-003
4,294, 3.14699999999999980E+000, 9.16685223579406738E-001, 3.32259992137551308E-003
4,295, 3.14800000000000013E+000, 9.17497277259826660E-001, 3.26041737571358681E-003
4,296, 3.14900000000000002E+000, 9.18278634548187256E-001, 3.20076732896268368E-003
4,297, 3.14999999999999991E+000, 9.19030845165252686E-001, 3.14350682310760021E-003
4,298, 3.15099999999999980E+000, 9.19755697250366211E-001, 3.08850384317338467E-003
4,299, 3.15200000000000014E+000, 9.20454621315002441E-001, 3.03563685156404972E-003
4,300, 3.15300000000000002E+000, 9.21128869056701660E-001, 2.98479362390935421E-003
4,301, 3.15399999999999991E+000, 9.21779811382293701E-001, 2.93586938641965389E-003
4,302, 3.15499999999999980E+000, 9.22408759593963623E-001, 2.88876867853105068E-003
4,303, 3.15600000000000014E+000, 9.23016607761383057E-001, 2.84340046346187592E-003
4,304, 3.15700000000000003E+000, 9.23604488372802734E-001, 2.79968231916427612E-003
4,305, 3.15799999999999992E+000, 9.24173355102539062E-001, 2.75753578171133995E-003
4,306, 3.15899999999999981E+000, 9.24724161624908447E-001, 2.71689100190997124E-003
4,307, 3.16000000000000014E+000, 9.25257682800292969E-001, 2.67768092453479767E-003
4,308, 3.16100000000000003E+000, 9.25774633884429932E-001, 2.63984338380396366E-003
4,309, 3.16199999999999992E+000, 9.26275849342346191E-001, 2.60332110337913036E-003
4,310, 3.16299999999999981E+000, 9.26762044429779053E-001, 2.56806053221225739E-003
4,311, 3.16400000000000015E+000, 9.27233815193176270E-001, 2.53401184454560280E-003
4,312, 3.16500000000000004E+000, 9.27691757678985596E-001, 2.50112987123429775E-003
4,313, 3.16599999999999993E+000, 9.28136587142944336E-001, 2.46937153860926628E-003
4,314, 3.16699999999999982E+000, 9.28568780422210693E-001, 2.43870075792074203E-003
4,315, 3.16800000000000015E+000, 9.28988814353942871E-001, 2.40907398983836174E-003
4,316, 3.16900000000000004E+000, 9.29397165775299072E-001, 2.38046608865261078E-003
4,317, 3.16999999999999993E+000, 9.29794311523437500E-001, 2.35284445807337761E-003
4,318, 3.17099999999999982E+000, 9.30180490016937256E-001, 2.32618208974599838E-003
4,319, 3.17200000000000015E+000, 9.30556297302246094E-001, 2.30045523494482040E-003
4,320, 3.17300000000000004E+000, 9.30922091007232666E-001, 2.27564224041998386E-003
4,321, 3.17399999999999993E+000, 9.31278228759765625E-001, 2.25172517821192741E-003
4,322, 3.17499999999999982E+000, 9.31624948978424072E-001, 2.22868914715945721E-003
4,323, 3.17600000000000016E+000, 9.31962609291076660E-001, 2.20651994459331036E-003
4,324, 3.17700000000000005E+000, 9.32291507720947266E-001, 2.18521058559417725E-003
4,325, 3.17799999999999994E+000, 9.32611823081970215E-001, 2.16475571505725384E-003
4,326, 3.17899999999999983E+000, 9.32923734188079834E-001, 2.14515347033739090E-003
4,327, 3.18000000000000016E+000, 9.33227479457855225E-001, 2.12640687823295593E-003
4,328, 3.18100000000000005E+000, 9.33523237705230713E-001, 2.10852315649390221E-003
4,329, 3.18199999999999994E+000, 9.33811128139495850E-001, 2.09151557646691799E-003
4,330, 3.18299999999999983E+000, 9.34091269969940186E-001, 2.07540392875671387E-003
4,331, 3.18400000000000016E+000, 9.34363663196563721E-001, 2.06021522171795368E-003
4,332, 3.18500000000000005E+000, 9.34628367424011230E-001, 2.04598600976169109E-003
4,333, 3.18599999999999994E+000, 9.34885203838348389E-001, 2.03274819068610668E-003
4,334, 3.18699999999999983E+000, 9.35133993625640869E-001, 2.02059303410351276E-003
4,335, 3.18800000000000017E+000, 9.35374438762664795E-001, 2.00961041264235973E-003
4,336, 3.18900000000000006E+000, 9.35605883598327637E-001, 1.99986388906836510E-003
4,337, 3.18999999999999995E+000, 9.35827672481536865E-001, 1.99150945991277695E-003
4,338, 3.19099999999999984E+000, 9.36385631561279297E-001, 1.98433035984635353E-003
4,339, 3.19200000000000017E+000, 9.36624646186828613E-001, 1.97003898210823536E-003
4,340, 3.19300000000000006E+000, 9.36858773231506348E-001, 1.95622770115733147E-003
4,341, 3.19399999999999995E+000, 9.37088191509246826E-001, 1.94293970707803965E-003
4,342, 3.19499999999999984E+000, 9.37313079833984375E-001, 1.93002796731889248E-003
4,343, 3.19600000000000017E+000, 9.37533497810363770E-001, 1.91767164506018162E-003
4,344, 3.19700000000000006E+000, 9.37749207019805908E-001, 1.90592580474913120E-003
4,345, 3.19799999999999995E+000, 9.37961220741271973E-001, 1.89453875645995140E-003
4,346, 3.19899999999999984E+000, 9.38168346881866455E-001, 1.88391387928277254E-003
4,347, 3.19989999999999997E+000, 9.38348770141601562E-001, 1.87537365127354860E-003
4,348, 3.20100000000000007E+000, 9.38573479652404785E-001, 1.87182496301829815E-003
4,349, 3.20199999999999996E+000, 9.38771247863769531E-001, 1.86018331442028284E-003
4,350, 3.20299999999999985E+000, 9.38964903354644775E-001, 1.84852047823369503E-003
4,351, 3.20400000000000018E+000, 9.39155578613281250E-001, 1.83728092815726995E-003
4,352, 3.20500000000000007E+000, 9.39342439174652100E-001, 1.82615430094301701E-003
4,353, 3.20599999999999996E+000, 9.39525902271270752E-001, 1.81532884016633034E-003
4,354, 3.20699999999999985E+000, 9.39706146717071533E-001, 1.80494494270533323E-003
4,355, 3.20800000000000018E+000, 9.39883232116699219E-001, 1.79441855289041996E-003
4,356, 3.20900000000000007E+000, 9.40057277679443359E-001, 1.78430031519383192E-003
4,357, 3.20999999999999996E+000, 9.40228402614593506E-001, 1.77441525738686323E-003
4,358, 3.25000000000000000E+000, 9.45368587970733643E-001, 1.36780983302742243E-003
4,359, 3.29999999999999982E+000, 9.49031054973602295E-001, 1.17138703353703022E-003
5,1, 3.68760999999999983E+000, 9.47794318199157715E-001, 1.84562595677562058E-004
5,2, 3.60499999999999998E+000, 9.65651392936706543E-001, 2.31965654529631138E-003
5,3, 3.60999999999999988E+000, 9.66482758522033691E-001, 2.44232406839728355E-003
5,4, 3.61500000000000021E+000, 9.67435956001281738E-001, 2.57389410398900509E-003
5,5, 3.62000000000000011E+000, 9.68504548072814941E-001, 2.72876024246215820E-003
5,6, 3.62500000000000000E+000, 9.69725549221038818E-001, 2.91901780292391777E-003
5,7, 3.62999999999999989E+000, 9.71144020557403564E-001, 3.15010873600840569E-003
5,8, 3.63499999999999979E+000, 9.72820520401000977E-001, 3.43170831911265850E-003
5,9, 3.64000000000000012E+000, 9.74841713905334473E-001, 3.77882597967982292E-003
5,10, 3.64500000000000002E+000, 9.77332830429077148E-001, 4.21383744105696678E-003
5,11, 3.64999999999999991E+000, 9.80491518974304199E-001, 4.77218208834528923E-003
5,12, 3.65200000000000014E+000, 9.82008159160614014E-001, 5.04195131361484528E-003
5,13, 3.65399999999999991E+000, 9.83710408210754395E-001, 5.34555362537503242E-003
5,14, 3.65600000000000014E+000, 9.85635340213775635E-001, 5.68959861993789673E-003
5,15, 3.65799999999999992E+000, 9.87830996513366699E-001, 6.08256505802273750E-003
5,16, 3.66000000000000014E+000, 9.90359961986541748E-001, 6.53548538684844971E-003
5,17, 3.66199999999999992E+000, 9.93305981159210205E-001, 7.06296553835272789E-003
5,18, 3.66299999999999981E+000, 9.94969546794891357E-001, 7.36060459166765213E-003
5,19, 3.66400000000000015E+000, 9.96783375740051270E-001, 7.68484873697161674E-003
5,20, 3.66500000000000004E+000, 9.98768985271453857E-001, 8.03939811885356903E-003
5,21, 3.66599999999999993E+000, 1.00095236301422119E+000, 8.42867325991392136E-003
5,22, 3.66699999999999982E+000, 1.00336492061614990E+000, 8.85800085961818695E-003
5,23, 3.66800000000000015E+000, 1.00604498386383057E+000, 9.33385081589221954E-003
5,24, 3.66900000000000004E+000, 1.00904023647308350E+000, 9.86417289823293686E-003
5,25, 3.66999999999999993E+000, 1.01241016387939453E+000, 1.04588316753506660E-002
5,26, 3.67099999999999982E+000, 1.01623034477233887E+000, 1.11302183941006660E-002
5,27, 3.67200000000000015E+000, 1.02059793472290039E+000, 1.18941562250256538E-002
5,28, 3.67300000000000004E+000, 1.02564060688018799E+000, 1.27711193636059761E-002
5,29, 3.67399999999999993E+000, 1.03152871131896973E+000, 1.37880947440862656E-002
5,30, 3.67496000000000000E+000, 1.03819227218627930E+000, 1.49297229945659637E-002
5,31, 3.67551000000000005E+000, 1.04256403446197510E+000, 1.56733244657516479E-002
5,32, 3.67606000000000011E+000, 1.04742431640625000E+000, 1.64949502795934677E-002
5,33, 3.67661000000000016E+000, 1.05285990238189697E+000, 1.74075309187173843E-002
5,34, 3.67716000000000021E+000, 1.05897939205169678E+000, 1.84270273894071579E-002
5,35, 3.67770999999999981E+000, 1.06592106819152832E+000, 1.95733569562435150E-002
5,36, 3.67825999999999986E+000, 1.07386267185211182E+000, 2.08717212080955505E-002
5,37, 3.67880999999999991E+000, 1.08303713798522949E+000, 2.23544519394636154E-002
5,38, 3.67935999999999996E+000, 1.09375596046447754E+000, 2.40637622773647308E-002
5,39, 3.67991000000000001E+000, 1.10644495487213135E+000, 2.60557960718870163E-002
5,40, 3.68046000000000006E+000, 1.12170195579528809E+000, 2.84069031476974487E-002
5,41, 3.68101000000000012E+000, 1.14039313793182373E+000, 3.12236305326223373E-002
5,42, 3.68156000000000017E+000, 1.16382265090942383E+000, 3.46592552959918976E-002
5,43, 3.68211000000000022E+000, 1.19404816627502441E+000, 3.89425195753574371E-002
5,44, 3.68265999999999982E+000, 1.23451316356658936E+000, 4.44305539131164551E-002
5,45, 3.68320999999999987E+000, 1.29144346714019775E+000, 5.17133772373199463E-002
5,46, 3.68375999999999992E+000, 1.37733697891235352E+000, 6.18401169776916504E-002
5,47, 3.68430999999999997E+000, 1.52137649059295654E+000, 7.68710225820541382E-002
5,48, 3.68486000000000002E+000, 1.81014549732208252E+000, 1.01470753550529480E-001
5,49, 3.68527300000000002E+000, 2.32097125053405762E+000, 1.33384585380554199E-001
5,50, 3.68541000000000007E+000, 2.64567732810974121E+000, 1.48848220705986023E-001
5,51, 3.68551999999999991E+000, 3.03166770935058594E+000, 1.64080724120140076E-001
5,52, 3.68569900000000006E+000, 4.15910816192626953E+000, 1.96715310215950012E-001
5,53, 3.68574599999999997E+000, 4.64948940277099609E+000, 2.07517370581626892E-001
5,54, 3.68578099999999997E+000, 5.10357809066772461E+000, 2.16353431344032288E-001
5,55, 3.68580899999999989E+000, 5.53680133819580078E+000, 2.23974809050559998E-001
5,56, 3.68583200000000000E+000, 5.94894218444824219E+000, 2.30641931295394897E-001
5,57, 3.68585099999999999E+000, 6.33376264572143555E+000, 2.36450195312500000E-001
5,58, 3.68586800000000014E+000, 6.71613788604736328E+000, 2.41894245147705078E-001
5,59, 3.68588300000000002E+000, 7.08593177795410156E+000, 2.46903285384178162E-001
5,60, 3.68589499999999992E+000, 7.40483188629150391E+000, 2.51055985689163208E-001
5,61, 3.68590699999999982E+000, 7.74477291107177734E+000, 2.55343317985534668E-001
5,62, 3.68591800000000003E+000, 8.07483482360839844E+000, 2.59395450353622437E-001
5,63, 3.68592800000000009E+000, 8.38969516754150391E+000, 2.63183355331420898E-001
5,64, 3.68593700000000002E+000, 8.68429183959960938E+000, 2.66678988933563232E-001
5,65, 3.68594599999999994E+000, 8.98828697204589844E+000, 2.70257830619812012E-001
5,66, 3.68595300000000003E+000, 9.23011970520019531E+000, 2.73099422454833984E-001
5,67, 3.68596099999999982E+000, 9.51073360443115234E+000, 2.76409447193145752E-001
5,68, 3.68596799999999991E+000, 9.75837421417236328E+000, 2.79360383749008179E-001
5,69, 3.68597500000000000E+000, 1.00061225891113281E+001, 2.82362073659896851E-001
5,70, 3.68598200000000009E+000, 1.02518215179443359E+001, 2.85414129495620728E-001
5,71, 3.68598800000000004E+000, 1.04588594436645508E+001, 2.88069665431976318E-001
5,72, 3.68599500000000013E+000, 1.06936292648315430E+001, 2.91213124990463257E-001
5,73, 3.68600100000000008E+000, 1.08866281509399414E+001, 2.93945521116256714E-001
5,74, 3.68600700000000003E+000, 1.10695323944091797E+001, 2.96712100505828857E-001
5,75, 3.68601299999999998E+000, 1.12397489547729492E+001, 2.99511969089508057E-001
5,76, 3.68602000000000007E+000, 1.14185724258422852E+001, 3.02819162607192993E-001
5,77, 3.68602600000000002E+000, 1.15515413284301758E+001, 3.05687576532363892E-001
5,78, 3.68603300000000011E+000, 1.16787099838256836E+001, 3.09071898460388184E-001
5,79, 3.68603900000000007E+000, 1.17602634429931641E+001, 3.12004089355468750E-001
5,80, 3.68604699999999985E+000, 1.18242692947387695E+001, 3.15957158803939819E-001
5,81, 3.68605500000000008E+000, 1.18313751220703125E+001, 3.19958746433258057E-001
5,82, 3.68606599999999984E+000, 1.17389287948608398E+001, 3.25539231300354004E-001
5,83, 3.68607500000000021E+000, 1.15700511932373047E+001, 3.30173939466476440E-001
5,84, 3.68608499999999983E+000, 1.12827701568603516E+001, 3.35401058197021484E-001
5,85, 3.68609000000000009E+000, 1.11009254455566406E+001, 3.38125050067901611E-001
5,86, 3.68609499999999990E+000, 1.08949451446533203E+001, 3.46625685691833496E-001
5,87, 3.68610000000000015E+000, 1.06662607192993164E+001, 3.54112833738327026E-001
5,88, 3.68611399999999989E+000, 9.92093086242675781E+000, 3.68945360183715820E-001
5,89, 3.68612500000000010E+000, 9.25122928619384766E+000, 3.74220460653305054E-001
5,90, 3.68613299999999988E+000, 8.73404502868652344E+000, 3.74673932790756226E-001
5,91, 3.68614100000000011E+000, 8.20284938812255859E+000, 3.72482001781463623E-001
5,92, 3.68614700000000006E+000, 7.80098438262939453E+000, 3.69244694709777832E-001
5,93, 3.68615400000000015E+000, 7.33376169204711914E+000, 3.63910406827926636E-001
5,94, 3.68616000000000010E+000, 6.93835353851318359E+000, 3.58143538236618042E-001
5,95, 3.68616700000000019E+000, 6.48683118820190430E+000, 3.50198954343795776E-001
5,96, 3.68617300000000014E+000, 6.11081504821777344E+000, 3.42490643262863159E-001
5,97, 3.68617900000000009E+000, 5.74689579010009766E+000, 3.34082633256912231E-001
5,98, 3.68618500000000004E+000, 5.39648771286010742E+000, 3.25092881917953491E-001
5,99, 3.68619200000000014E+000, 5.00612449645996094E+000, 3.14017683267593384E-001
5,100, 3.68619800000000009E+000, 4.68811511993408203E+000, 3.04139405488967896E-001
5,101, 3.68620500000000018E+000, 4.33697271347045898E+000, 2.92297750711441040E-001
5,102, 3.68621199999999982E+000, 4.00737142562866211E+000, 2.80243247747421265E-001
5,103, 3.68621899999999991E+000, 3.69911265373229980E+000, 2.68096059560775757E-001
5,104, 3.68622700000000014E+000, 3.37231850624084473E+000, 2.54234969615936279E-001
5,105, 3.68623399999999979E+000, 3.10788917541503906E+000, 2.42227688431739807E-001
5,106, 3.68624300000000016E+000, 2.79594802856445312E+000, 2.27087005972862244E-001
5,107, 3.68625200000000008E+000, 2.51362204551696777E+000, 2.12410166859626770E-001
5,108, 3.68626200000000015E+000, 2.23198127746582031E+000, 1.96789011359214783E-001
5,109, 3.68627299999999991E+000, 1.95762217044830322E+000, 1.80594235658645630E-001
5,110, 3.68628499999999981E+000, 1.69617068767547607E+000, 1.64278343319892883E-001
5,111, 3.68629700000000016E+000, 1.46953415870666504E+000, 1.49536445736885071E-001
5,112, 3.68631200000000003E+000, 1.22853374481201172E+000, 1.33561119437217712E-001
5,113, 3.68632900000000019E+000, 1.00334370136260986E+000, 1.19117528200149536E-001
5,114, 3.68634800000000018E+000, 8.00981879234313965E-001, 1.08183048665523529E-001
5,115, 3.68637099999999984E+000, 6.11146032810211182E-001, 1.03518173098564148E-001
5,116, 3.68639900000000020E+000, 4.41847145557403564E-001, 1.13272771239280701E-001
5,117, 3.68643400000000021E+000, 2.98469662666320801E-001, 1.55955314636230469E-001
5,118, 3.68648100000000012E+000, 1.84498056769371033E-001, 2.81167000532150269E-001
5,119, 3.68654800000000016E+000, 1.11133925616741180E-001, 5.53641796112060547E-001
5,120, 3.68651000000000018E+000, 1.43675297498703003E-001, 3.97929698228836060E-001
5,121, 3.68665999999999983E+000, 1.01669616997241974E-001, 7.97275662422180176E-001
5,122, 3.68690700000000016E+000, 2.04716116189956665E-001, 4.51476246118545532E-001
5,123, 3.68705999999999978E+000, 2.75755822658538818E-001, 3.29856872558593750E-001
5,124, 3.68760999999999983E+000, 4.64347004890441895E-001, 1.63138225674629211E-001
5,125, 3.68815999999999988E+000, 5.75737237930297852E-001, 1.07837602496147156E-001
5,126, 3.68870999999999993E+000, 6.46950125694274902E-001, 8.04858207702636719E-002
5,127, 3.68925999999999998E+000, 6.96022093296051025E-001, 6.41930103302001953E-002
5,128, 3.68981000000000003E+000, 7.31789588928222656E-001, 5.33855110406875610E-002
5,129, 3.69036000000000008E+000, 7.58983731269836426E-001, 4.56942953169345856E-002
5,130, 3.69091000000000014E+000, 7.80343592166900635E-001, 3.99422496557235718E-002
5,131, 3.69146000000000019E+000, 7.97559082508087158E-001, 3.54785844683647156E-002
5,132, 3.69200999999999979E+000, 8.11727225780487061E-001, 3.19143272936344147E-002
5,133, 3.69255999999999984E+000, 8.23590099811553955E-001, 2.90027186274528503E-002
5,134, 3.69310999999999989E+000, 8.33667576313018799E-001, 2.65796836465597153E-002
5,135, 3.69365999999999994E+000, 8.42334389686584473E-001, 2.45318897068500519E-002
5,136, 3.69420999999999999E+000, 8.49867284297943115E-001, 2.27785166352987289E-002
5,137, 3.69476000000000004E+000, 8.56475293636322021E-001, 2.12604049593210220E-002
5,138, 3.69531000000000009E+000, 8.62319052219390869E-001, 1.99332442134618759E-002
5,139, 3.69586000000000015E+000, 8.67523908615112305E-001, 1.87631901353597641E-002
5,140, 3.69641000000000020E+000, 8.72189342975616455E-001, 1.77239552140235901E-002
5,141, 3.69695999999999980E+000, 8.76395404338836670E-001, 1.67947988957166672E-002
5,142, 3.69796000000000014E+000, 8.83068740367889404E-001, 1.53355002403259277E-002
5,143, 3.69950000000000001E+000, 8.91442596912384033E-001, 1.35302431881427765E-002
5,144, 3.70049999999999990E+000, 8.95946145057678223E-001, 1.25718340277671814E-002
5,145, 3.70250000000000012E+000, 9.03355598449707031E-001, 1.10204126685857773E-002
5,146, 3.70449999999999990E+000, 9.09203290939331055E-001, 9.81687661260366440E-003
5,147, 3.70699999999999985E+000, 9.15017426013946533E-001, 8.64852406084537506E-003
5,148, 3.71200000000000019E+000, 9.23337876796722412E-001, 7.00637418776750565E-003
5,149, 3.72128099999999984E+000, 9.32520747184753418E-001, 5.20018581300973892E-003
5,150, 3.73082799999999981E+000, 9.38310086727142334E-001, 4.13755467161536217E-003
5,151, 3.73660199999999998E+000, 9.40911591053009033E-001, 3.69407096877694130E-003
5,152, 3.74060199999999998E+000, 9.42470610141754150E-001, 3.44553543254733086E-003
5,153, 3.74360299999999979E+000, 9.43541526794433594E-001, 3.28369322232902050E-003
5,154, 3.74597300000000022E+000, 9.44334745407104492E-001, 3.16966790705919266E-003
5,155, 3.74791700000000017E+000, 9.44956123828887939E-001, 3.08383884839713573E-003
5,156, 3.74955600000000011E+000, 9.45459604263305664E-001, 3.01660294644534588E-003
5,157, 3.75096799999999986E+000, 9.45878326892852783E-001, 2.96213035471737385E-003
5,158, 3.75220600000000015E+000, 9.46233153343200684E-001, 2.91666015982627869E-003
5,159, 3.75330899999999978E+000, 9.46538567543029785E-001, 2.87796277552843094E-003
5,160, 3.75430099999999989E+000, 9.46803629398345947E-001, 2.84433830529451370E-003
5,161, 3.75520500000000013E+000, 9.47036087512969971E-001, 2.81463051214814186E-003
5,162, 3.75603599999999993E+000, 9.47241067886352539E-001, 2.78802518732845783E-003
5,163, 3.75680499999999995E+000, 9.47422385215759277E-001, 2.76380823925137520E-003
5,164, 3.75752299999999995E+000, 9.47583675384521484E-001, 2.74156429804861546E-003
5,165, 3.75819800000000015E+000, 9.47726786136627197E-001, 2.72084446623921394E-003
5,166, 3.75883700000000021E+000, 9.47853684425354004E-001, 2.70128948614001274E-003
5,167, 3.75944399999999979E+000, 9.47966635227203369E-001, 2.68279691226780415E-003
5,168, 3.76002599999999987E+000, 9.48065578937530518E-001, 2.66502168960869312E-003
5,169, 3.76058599999999998E+000, 9.48152959346771240E-001, 2.64778989367187023E-003
5,170, 3.76112799999999980E+000, 9.48227822780609131E-001, 2.63099302537739277E-003
5,171, 3.76165500000000019E+000, 9.48292434215545654E-001, 2.61440128087997437E-003
5,172, 3.76217200000000007E+000, 9.48345720767974854E-001, 2.59807892143726349E-003
5,173, 3.76268100000000016E+000, 9.48387444019317627E-001, 2.58164759725332260E-003
5,174, 3.76318699999999984E+000, 9.48420107364654541E-001, 2.56503606215119362E-003
5,175, 3.76369199999999982E+000, 9.48439836502075195E-001, 2.54812138155102730E-003
5,176, 3.76420200000000005E+000, 9.48448240756988525E-001, 2.53069028258323669E-003
5,177, 3.76472199999999990E+000, 9.48442935943603516E-001, 2.51251389272511005E-003
5,178, 3.76526100000000019E+000, 9.48422193527221680E-001, 2.49326135963201523E-003
5,179, 3.76582799999999995E+000, 9.48382854461669922E-001, 2.47254432179033756E-003
5,180, 3.76644200000000007E+000, 9.48319137096405029E-001, 2.44963378645479679E-003
5,181, 3.76713800000000010E+000, 9.48219120502471924E-001, 2.42318143136799335E-003
5,182, 3.76800500000000005E+000, 9.48053359985351562E-001, 2.38982494920492172E-003
5,183, 3.77000000000000002E+000, 9.47502851486206055E-001, 2.31473217718303204E-003
5,184, 3.77199499999999999E+000, 9.46761488914489746E-001, 2.24940036423504353E-003
5,185, 3.77286199999999994E+000, 9.46406006813049316E-001, 2.22662882879376411E-003
5,186, 3.77355799999999997E+000, 9.46116507053375244E-001, 2.21125152893364429E-003
5,187, 3.77417200000000008E+000, 9.45863187313079834E-001, 2.19983351416885853E-003
5,188, 3.77473999999999998E+000, 9.45634067058563232E-001, 2.19096965156495571E-003
5,189, 3.77527800000000013E+000, 9.45424258708953857E-001, 2.18392303213477135E-003
5,190, 3.77579799999999999E+000, 9.45230305194854736E-001, 2.17820797115564346E-003
5,191, 3.77630800000000022E+000, 9.45050060749053955E-001, 2.17344239354133606E-003
5,192, 3.77681399999999989E+000, 9.44882333278656006E-001, 2.16936157085001469E-003
5,193, 3.77731899999999987E+000, 9.44726109504699707E-001, 2.16547562740743160E-003
5,194, 3.77782799999999996E+000, 9.44583296775817871E-001, 2.16226372867822647E-003
5,195, 3.77834499999999984E+000, 9.44450855255126953E-001, 2.15872819535434246E-003
5,196, 3.77887199999999979E+000, 9.44329679012298584E-001, 2.15485179796814919E-003
5,197, 3.77941400000000005E+000, 9.44217979907989502E-001, 2.15003616176545620E-003
5,198, 3.77997400000000017E+000, 9.44089651107788086E-001, 2.13962350971996784E-003
5,199, 3.78055599999999981E+000, 9.44052696228027344E-001, 2.14365217834711075E-003
5,200, 3.78116299999999983E+000, 9.44000601768493652E-001, 2.13890452869236469E-003
5,201, 3.78180199999999989E+000, 9.43960011005401611E-001, 2.13437527418136597E-003
5,202, 3.78247700000000009E+000, 9.43934619426727295E-001, 2.12844088673591614E-003
5,203, 3.78319500000000009E+000, 9.43926513195037842E-001, 2.12104013189673424E-003
5,204, 3.78396400000000011E+000, 9.43937480449676514E-001, 2.11201584897935390E-003
5,205, 3.78479499999999991E+000, 9.43970441818237305E-001, 2.10119411349296570E-003
5,206, 3.78569900000000015E+000, 9.44025099277496338E-001, 2.08754488267004490E-003
5,207, 3.78669099999999981E+000, 9.44106400012969971E-001, 2.07250751554965973E-003
5,208, 3.78779399999999988E+000, 9.44216966629028320E-001, 2.05410039052367210E-003
5,209, 3.78903200000000018E+000, 9.44360017776489258E-001, 2.03261780552566051E-003
5,210, 3.79044399999999992E+000, 9.44539904594421387E-001, 2.00716033577919006E-003
5,211, 3.79208299999999987E+000, 9.44762110710144043E-001, 1.97697710245847702E-003
5,212, 3.79402699999999982E+000, 9.45034861564636230E-001, 1.94156507495790720E-003
5,213, 3.79639699999999980E+000, 9.45368349552154541E-001, 1.89944845624268055E-003
6,1, 3.90799999999999992E+000, 9.46797907352447510E-001, 1.91043247468769550E-004
6,2, 3.64000000000000012E+000, 9.74841713905334473E-001, 3.77882597967982292E-003
6,3, 3.64500000000000002E+000, 9.77332830429077148E-001, 4.21383744105696678E-003
6,4, 3.64999999999999991E+000, 9.80491518974304199E-001, 4.77218208834528923E-003
6,5, 3.65200000000000014E+000, 9.82008159160614014E-001, 5.04195131361484528E-003
6,6, 3.65399999999999991E+000, 9.83710408210754395E-001, 5.34555362537503242E-003
6,7, 3.65600000000000014E+000, 9.85635340213775635E-001, 5.68959861993789673E-003
6,8, 3.65799999999999992E+000, 9.87830996513366699E-001, 6.08256505802273750E-003
6,9, 3.66000000000000014E+000, 9.90359961986541748E-001, 6.53548538684844971E-003
6,10, 3.66199999999999992E+000, 9.93305981159210205E-001, 7.06296553835272789E-003
6,11, 3.66299999999999981E+000, 9.94969546794891357E-001, 7.36060459166765213E-003
6,12, 3.66400000000000015E+000, 9.96783375740051270E-001, 7.68484873697161674E-003
6,13, 3.66500000000000004E+000, 9.98768985271453857E-001, 8.03939811885356903E-003
6,14, 3.66599999999999993E+000, 1.00095236301422119E+000, 8.42867325991392136E-003
6,15, 3.66699999999999982E+000, 1.00336492061614990E+000, 8.85800085961818695E-003
6,16, 3.66800000000000015E+000, 1.00604498386383057E+000, 9.33385081589221954E-003
6,17, 3.66900000000000004E+000, 1.00904023647308350E+000, 9.86417289823293686E-003
6,18, 3.66999999999999993E+000, 1.01241016387939453E+000, 1.04588316753506660E-002
6,19, 3.67099999999999982E+000, 1.01623034477233887E+000, 1.11302183941006660E-002
6,20, 3.67200000000000015E+000, 1.02059793472290039E+000, 1.18941562250256538E-002
6,21, 3.67300000000000004E+000, 1.02564060688018799E+000, 1.27711193636059761E-002
6,22, 3.67399999999999993E+000, 1.03152871131896973E+000, 1.37880947440862656E-002
6,23, 3.67496000000000000E+000, 1.03819227218627930E+000, 1.49297229945659637E-002
6,24, 3.67551000000000005E+000, 1.04256403446197510E+000, 1.56733244657516479E-002
6,25, 3.67606000000000011E+000, 1.04742431640625000E+000, 1.64949502795934677E-002
6,26, 3.67661000000000016E+000, 1.05285990238189697E+000, 1.74075309187173843E-002
6,27, 3.67716000000000021E+000, 1.05897939205169678E+000, 1.84270273894071579E-002
6,28, 3.67770999999999981E+000, 1.06592106819152832E+000, 1.95733569562435150E-002
6,29, 3.67825999999999986E+000, 1.07386267185211182E+000, 2.08717212080955505E-002
6,30, 3.67880999999999991E+000, 1.08303713798522949E+000, 2.23544519394636154E-002
6,31, 3.67935999999999996E+000, 1.09375596046447754E+000, 2.40637622773647308E-002
6,32, 3.67991000000000001E+000, 1.10644495487213135E+000, 2.60557960718870163E-002
6,33, 3.68046000000000006E+000, 1.12170195579528809E+000, 2.84069031476974487E-002
6,34, 3.68101000000000012E+000, 1.14039313793182373E+000, 3.12236305326223373E-002
6,35, 3.68156000000000017E+000, 1.16382265090942383E+000, 3.46592552959918976E-002
6,36, 3.68211000000000022E+000, 1.19404816627502441E+000, 3.89425195753574371E-002
6,37, 3.68265999999999982E+000, 1.23451316356658936E+000, 4.44305539131164551E-002
6,38, 3.68320999999999987E+000, 1.29144346714019775E+000, 5.17133772373199463E-002
6,39, 3.68375999999999992E+000, 1.37733697891235352E+000, 6.18401169776916504E-002
6,40, 3.68430999999999997E+000, 1.52137649059295654E+000, 7.68710225820541382E-002
6,41, 3.68486000000000002E+000, 1.81014549732208252E+000, 1.01470753550529480E-001
6,42, 3.68527300000000002E+000, 2.32097125053405762E+000, 1.33384585380554199E-001
6,43, 3.68541000000000007E+000, 2.64567732810974121E+000, 1.48848220705986023E-001
6,44, 3.68551999999999991E+000, 3.03166770935058594E+000, 1.64080724120140076E-001
6,45, 3.68569900000000006E+000, 4.15910816192626953E+000, 1.96715310215950012E-001
6,46, 3.68574599999999997E+000, 4.64948940277099609E+000, 2.07517370581626892E-001
6,47, 3.68578099999999997E+000, 5.10357809066772461E+000, 2.16353431344032288E-001
6,48, 3.68580899999999989E+000, 5.53680133819580078E+000, 2.23974809050559998E-001
6,49, 3.68583200000000000E+000, 5.94894218444824219E+000, 2.30641931295394897E-001
6,50, 3.68585099999999999E+000, 6.33376264572143555E+000, 2.36450195312500000E-001
6,51, 3.68586800000000014E+000, 6.71613788604736328E+000, 2.41894245147705078E-001
6,52, 3.68588300000000002E+000, 7.08593177795410156E+000, 2.46903285384178162E-001
6,53, 3.68589499999999992E+000, 7.40483188629150391E+000, 2.51055985689163208E-001
6,54, 3.68590699999999982E+000, 7.74477291107177734E+000, 2.55343317985534668E-001
6,55, 3.68591800000000003E+000, 8.07483482360839844E+000, 2.59395450353622437E-001
6,56, 3.68592800000000009E+000, 8.38969516754150391E+000, 2.63183355331420898E-001
6,57, 3.68593700000000002E+000, 8.68429183959960938E+000, 2.66678988933563232E-001
6,58, 3.68594599999999994E+000, 8.98828697204589844E+000, 2.70257830619812012E-001
6,59, 3.68595300000000003E+000, 9.23011970520019531E+000, 2.73099422454833984E-001
6,60, 3.68596099999999982E+000, 9.51073360443115234E+000, 2.76409447193145752E-001
6,61, 3.68596799999999991E+000, 9.75837421417236328E+000, 2.79360383749008179E-001
6,62, 3.68597500000000000E+000, 1.00061225891113281E+001, 2.82362073659896851E-001
6,63, 3.68598200000000009E+000, 1.02518215179443359E+001, 2.85414129495620728E-001
6,64, 3.68598800000000004E+000, 1.04588594436645508E+001, 2.88069665431976318E-001
6,65, 3.68599500000000013E+000, 1.06936292648315430E+001, 2.91213124990463257E-001
6,66, 3.68600100000000008E+000, 1.08866281509399414E+001, 2.93945521116256714E-001
6,67, 3.68600700000000003E+000, 1.10695323944091797E+001, 2.96712100505828857E-001
6,68, 3.68601299999999998E+000, 1.12397489547729492E+001, 2.99511969089508057E-001
6,69, 3.68602000000000007E+000, 1.14185724258422852E+001, 3.02819162607192993E-001
6,70, 3.68602600000000002E+000, 1.15515413284301758E+001, 3.05687576532363892E-001
6,71, 3.68603300000000011E+000, 1.16787099838256836E+001, 3.09071898460388184E-001
6,72, 3.68603900000000007E+000, 1.17602634429931641E+001, 3.12004089355468750E-001
6,73, 3.68604699999999985E+000, 1.18242692947387695E+001, 3.15957158803939819E-001
6,74, 3.68605500000000008E+000, 1.18313751220703125E+001, 3.19958746433258057E-001
6,75, 3.68606599999999984E+000, 1.17389287948608398E+001, 3.25539231300354004E-001
6,76, 3.68607500000000021E+000, 1.15700511932373047E+001, 3.30173939466476440E-001
6,77, 3.68608499999999983E+000, 1.12827701568603516E+001, 3.35401058197021484E-001
6,78, 3.68609000000000009E+000, 1.11009254455566406E+001, 3.38125050067901611E-001
6,79, 3.68609499999999990E+000, 1.08949451446533203E+001, 3.46625685691833496E-001
6,80, 3.68610000000000015E+000, 1.06662607192993164E+001, 3.54112833738327026E-001
6,81, 3.68611399999999989E+000, 9.92093086242675781E+000, 3.68945360183715820E-001
6,82, 3.68612500000000010E+000, 9.25122928619384766E+000, 3.74220460653305054E-001
6,83, 3.68613299999999988E+000, 8.73404502868652344E+000, 3.74673932790756226E-001
6,84, 3.68614100000000011E+000, 8.20284938812255859E+000, 3.72482001781463623E-001
6,85, 3.68614700000000006E+000, 7.80098438262939453E+000, 3.69244694709777832E-001
6,86, 3.68615400000000015E+000, 7.33376169204711914E+000, 3.63910406827926636E-001
6,87, 3.68616000000000010E+000, 6.93835353851318359E+000, 3.58143538236618042E-001
6,88, 3.68616700000000019E+000, 6.48683118820190430E+000, 3.50198954343795776E-001
6,89, 3.68617300000000014E+000, 6.11081504821777344E+000, 3.42490643262863159E-001
6,90, 3.68617900000000009E+000, 5.74689579010009766E+000, 3.34082633256912231E-001
6,91, 3.68618500000000004E+000, 5.39648771286010742E+000, 3.25092881917953491E-001
6,92, 3.68619200000000014E+000, 5.00612449645996094E+000, 3.14017683267593384E-001
6,93, 3.68619800000000009E+000, 4.68811511993408203E+000, 3.04139405488967896E-001
6,94, 3.68620500000000018E+000, 4.33697271347045898E+000, 2.92297750711441040E-001
6,95, 3.68621199999999982E+000, 4.00737142562866211E+000, 2.80243247747421265E-001
6,96, 3.68621899999999991E+000, 3.69911265373229980E+000, 2.68096059560775757E-001
6,97, 3.68622700000000014E+000, 3.37231850624084473E+000, 2.54234969615936279E-001
6,98, 3.68623399999999979E+000, 3.10788917541503906E+000, 2.42227688431739807E-001
6,99, 3.68624300000000016E+000, 2.79594802856445312E+000, 2.27087005972862244E-001
6,100, 3.68625200000000008E+000, 2.51362204551696777E+000, 2.12410166859626770E-001
6,101, 3.68626200000000015E+000, 2.23198127746582031E+000, 1.96789011359214783E-001
6,102, 3.68627299999999991E+000, 1.95762217044830322E+000, 1.80594235658645630E-001
6,103, 3.68628499999999981E+000, 1.69617068767547607E+000, 1.64278343319892883E-001
6,104, 3.68629700000000016E+000, 1.46953415870666504E+000, 1.49536445736885071E-001
6,105, 3.68631200000000003E+000, 1.22853374481201172E+000, 1.33561119437217712E-001
6,106, 3.68632900000000019E+000, 1.00334370136260986E+000, 1.19117528200149536E-001
6,107, 3.68634800000000018E+000, 8.00981879234313965E-001, 1.08183048665523529E-001
6,108, 3.68637099999999984E+000, 6.11146032810211182E-001, 1.03518173098564148E-001
6,109, 3.68639900000000020E+000, 4.41847145557403564E-001, 1.13272771239280701E-001
6,110, 3.68643400000000021E+000, 2.98469662666320801E-001, 1.55955314636230469E-001
6,111, 3.68648100000000012E+000, 1.84498056769371033E-001, 2.81167000532150269E-001
6,112, 3.68654800000000016E+000, 1.11133925616741180E-001, 5.53641796112060547E-001
6,113, 3.68651000000000018E+000, 1.43675297498703003E-001, 3.97929698228836060E-001
6,114, 3.68665999999999983E+000, 1.01669616997241974E-001, 7.97275662422180176E-001
6,115, 3.68690700000000016E+000, 2.04716116189956665E-001, 4.51476246118545532E-001
6,116, 3.68705999999999978E+000, 2.75755822658538818E-001, 3.29856872558593750E-001
6,117, 3.68760999999999983E+000, 4.64347004890441895E-001, 1.63138225674629211E-001
6,118, 3.68815999999999988E+000, 5.75737237930297852E-001, 1.07837602496147156E-001
6,119, 3.68870999999999993E+000, 6.46950125694274902E-001, 8.04858207702636719E-002
6,120, 3.68925999999999998E+000, 6.96022093296051025E-001, 6.41930103302001953E-002
6,121, 3.68981000000000003E+000, 7.31789588928222656E-001, 5.33855110406875610E-002
6,122, 3.69036000000000008E+000, 7.58983731269836426E-001, 4.56942953169345856E-002
6,123, 3.69091000000000014E+000, 7.80343592166900635E-001, 3.99422496557235718E-002
6,124, 3.69146000000000019E+000, 7.97559082508087158E-001, 3.54785844683647156E-002
6,125, 3.69200999999999979E+000, 8.11727225780487061E-001, 3.19143272936344147E-002
6,126, 3.69255999999999984E+000, 8.23590099811553955E-001, 2.90027186274528503E-002
6,127, 3.69310999999999989E+000, 8.33667576313018799E-001, 2.65796836465597153E-002
6,128, 3.69365999999999994E+000, 8.42334389686584473E-001, 2.45318897068500519E-002
6,129, 3.69420999999999999E+000, 8.49867284297943115E-001, 2.27785166352987289E-002
6,130, 3.69476000000000004E+000, 8.56475293636322021E-001, 2.12604049593210220E-002
6,131, 3.69531000000000009E+000, 8.62319052219390869E-001, 1.99332442134618759E-002
6,132, 3.69586000000000015E+000, 8.67523908615112305E-001, 1.87631901353597641E-002
6,133, 3.69641000000000020E+000, 8.72189342975616455E-001, 1.77239552140235901E-002
6,134, 3.69695999999999980E+000, 8.76395404338836670E-001, 1.67947988957166672E-002
6,135, 3.69796000000000014E+000, 8.83068740367889404E-001, 1.53355002403259277E-002
6,136, 3.69950000000000001E+000, 8.91442596912384033E-001, 1.35302431881427765E-002
6,137, 3.70049999999999990E+000, 8.95946145057678223E-001, 1.25718340277671814E-002
6,138, 3.70250000000000012E+000, 9.03355598449707031E-001, 1.10204126685857773E-002
6,139, 3.70449999999999990E+000, 9.09203290939331055E-001, 9.81687661260366440E-003
6,140, 3.70699999999999985E+000, 9.15017426013946533E-001, 8.64852406084537506E-003
6,141, 3.71200000000000019E+000, 9.23337876796722412E-001, 7.00637418776750565E-003
6,142, 3.72128099999999984E+000, 9.32520747184753418E-001, 5.20018581300973892E-003
6,143, 3.73082799999999981E+000, 9.38310086727142334E-001, 4.13755467161536217E-003
6,144, 3.73660199999999998E+000, 9.40911591053009033E-001, 3.69407096877694130E-003
6,145, 3.74060199999999998E+000, 9.42470610141754150E-001, 3.44553543254733086E-003
6,146, 3.74360299999999979E+000, 9.43541526794433594E-001, 3.28369322232902050E-003
6,147, 3.74597300000000022E+000, 9.44334745407104492E-001, 3.16966790705919266E-003
6,148, 3.74791700000000017E+000, 9.44956123828887939E-001, 3.08383884839713573E-003
6,149, 3.74955600000000011E+000, 9.45459604263305664E-001, 3.01660294644534588E-003
6,150, 3.75096799999999986E+000, 9.45878326892852783E-001, 2.96213035471737385E-003
6,151, 3.75220600000000015E+000, 9.46233153343200684E-001, 2.91666015982627869E-003
6,152, 3.75330899999999978E+000, 9.46538567543029785E-001, 2.87796277552843094E-003
6,153, 3.75430099999999989E+000, 9.46803629398345947E-001, 2.84433830529451370E-003
6,154, 3.75520500000000013E+000, 9.47036087512969971E-001, 2.81463051214814186E-003
6,155, 3.75603599999999993E+000, 9.47241067886352539E-001, 2.78802518732845783E-003
6,156, 3.75680499999999995E+000, 9.47422385215759277E-001, 2.76380823925137520E-003
6,157, 3.75752299999999995E+000, 9.47583675384521484E-001, 2.74156429804861546E-003
6,158, 3.75819800000000015E+000, 9.47726786136627197E-001, 2.72084446623921394E-003
6,159, 3.75883700000000021E+000, 9.47853684425354004E-001, 2.70128948614001274E-003
6,160, 3.75944399999999979E+000, 9.47966635227203369E-001, 2.68279691226780415E-003
6,161, 3.76002599999999987E+000, 9.48065578937530518E-001, 2.66502168960869312E-003
6,162, 3.76058599999999998E+000, 9.48152959346771240E-001, 2.64778989367187023E-003
6,163, 3.76112799999999980E+000, 9.48227822780609131E-001, 2.63099302537739277E-003
6,164, 3.76165500000000019E+000, 9.48292434215545654E-001, 2.61440128087997437E-003
6,165, 3.76217200000000007E+000, 9.48345720767974854E-001, 2.59807892143726349E-003
6,166, 3.76268100000000016E+000, 9.48387444019317627E-001, 2.58164759725332260E-003
6,167, 3.76318699999999984E+000, 9.48420107364654541E-001, 2.56503606215119362E-003
6,168, 3.76369199999999982E+000, 9.48439836502075195E-001, 2.54812138155102730E-003
6,169, 3.76420200000000005E+000, 9.48448240756988525E-001, 2.53069028258323669E-003
6,170, 3.76472199999999990E+000, 9.48442935943603516E-001, 2.51251389272511005E-003
6,171, 3.76526100000000019E+000, 9.48422193527221680E-001, 2.49326135963201523E-003
6,172, 3.76582799999999995E+000, 9.48382854461669922E-001, 2.47254432179033756E-003
6,173, 3.76644200000000007E+000, 9.48319137096405029E-001, 2.44963378645479679E-003
6,174, 3.76713800000000010E+000, 9.48219120502471924E-001, 2.42318143136799335E-003
6,175, 3.76800500000000005E+000, 9.48053359985351562E-001, 2.38982494920492172E-003
6,176, 3.77000000000000002E+000, 9.47502851486206055E-001, 2.31473217718303204E-003
6,177, 3.77199499999999999E+000, 9.46761488914489746E-001, 2.24940036423504353E-003
6,178, 3.77286199999999994E+000, 9.46406006813049316E-001, 2.22662882879376411E-003
6,179, 3.77355799999999997E+000, 9.46116507053375244E-001, 2.21125152893364429E-003
6,180, 3.77417200000000008E+000, 9.45863187313079834E-001, 2.19983351416885853E-003
6,181, 3.77473999999999998E+000, 9.45634067058563232E-001, 2.19096965156495571E-003
6,182, 3.77527800000000013E+000, 9.45424258708953857E-001, 2.18392303213477135E-003
6,183, 3.77579799999999999E+000, 9.45230305194854736E-001, 2.17820797115564346E-003
6,184, 3.77630800000000022E+000, 9.45050060749053955E-001, 2.17344239354133606E-003
6,185, 3.77681399999999989E+000, 9.44882333278656006E-001, 2.16936157085001469E-003
6,186, 3.77731899999999987E+000, 9.44726109504699707E-001, 2.16547562740743160E-003
6,187, 3.77782799999999996E+000, 9.44583296775817871E-001, 2.16226372867822647E-003
6,188, 3.77834499999999984E+000, 9.44450855255126953E-001, 2.15872819535434246E-003
6,189, 3.77887199999999979E+000, 9.44329679012298584E-001, 2.15485179796814919E-003
6,190, 3.77941400000000005E+000, 9.44217979907989502E-001, 2.15003616176545620E-003
6,191, 3.77997400000000017E+000, 9.44089651107788086E-001, 2.13962350971996784E-003
6,192, 3.78055599999999981E+000, 9.44052696228027344E-001, 2.14365217834711075E-003
6,193, 3.78116299999999983E+000, 9.44000601768493652E-001, 2.13890452869236469E-003
6,194, 3.78180199999999989E+000, 9.43960011005401611E-001, 2.13437527418136597E-003
6,195, 3.78247700000000009E+000, 9.43934619426727295E-001, 2.12844088673591614E-003
6,196, 3.78319500000000009E+000, 9.43926513195037842E-001, 2.12104013189673424E-003
6,197, 3.78396400000000011E+000, 9.43937480449676514E-001, 2.11201584897935390E-003
6,198, 3.78479499999999991E+000, 9.43970441818237305E-001, 2.10119411349296570E-003
6,199, 3.78569900000000015E+000, 9.44025099277496338E-001, 2.08754488267004490E-003
6,200, 3.78669099999999981E+000, 9.44106400012969971E-001, 2.07250751554965973E-003
6,201, 3.78779399999999988E+000, 9.44216966629028320E-001, 2.05410039052367210E-003
6,202, 3.78903200000000018E+000, 9.44360017776489258E-001, 2.03261780552566051E-003
6,203, 3.79044399999999992E+000, 9.44539904594421387E-001, 2.00716033577919006E-003
6,204, 3.79208299999999987E+000, 9.44762110710144043E-001, 1.97697710245847702E-003
6,205, 3.79402699999999982E+000, 9.45034861564636230E-001, 1.94156507495790720E-003
6,206, 3.79639699999999980E+000, 9.45368349552154541E-001, 1.89944845624268055E-003
6,207, 3.79939800000000005E+000, 9.45770680904388428E-001, 1.85025134123861790E-003
6,208, 3.80339800000000006E+000, 9.46268320083618164E-001, 1.78992189466953278E-003
6,209, 3.80917199999999978E+000, 9.46995079517364502E-001, 1.71177007723599672E-003
6,210, 3.81871900000000020E+000, 9.48076248168945312E-001, 1.60333374515175819E-003
6,211, 3.82200000000000006E+000, 9.48394954204559326E-001, 1.57203432172536850E-003
6,212, 3.83199999999999985E+000, 9.49264764785766602E-001, 1.48172269109636545E-003
6,213, 3.85000000000000009E+000, 9.50601398944854736E-001, 1.35735049843788147E-003
6,214, 3.85199999999999987E+000, 9.50744032859802246E-001, 1.34583446197211742E-003
6,215, 3.86699999999999999E+000, 9.51694905757904053E-001, 1.26756075769662857E-003
6,216, 3.87300000000000022E+000, 9.52069103717803955E-001, 1.24144018627703190E-003
6,217, 3.87800000000000011E+000, 9.52439665794372559E-001, 1.22273759916424751E-003
6,218, 3.88399999999999990E+000, 9.52734529972076416E-001, 1.19805498979985714E-003
6,219, 3.89000000000000012E+000, 9.53073620796203613E-001, 1.17417250294238329E-003
6,220, 3.89599999999999991E+000, 9.53605234622955322E-001, 1.15648924838751554E-003
6,221, 3.89999999999999991E+000, 9.53823745250701904E-001, 1.14698580000549555E-003
6,222, 3.90200000000000014E+000, 9.53799128532409668E-001, 1.13851681817322969E-003
7,1, 4.43599999999999994E+000, 9.48601961135864258E-001, 5.27388241607695818E-004
7,2, 3.64000000000000012E+000, 9.74841713905334473E-001, 3.77882597967982292E-003
7,3, 3.64500000000000002E+000, 9.77332830429077148E-001, 4.21383744105696678E-003
7,4, 3.64999999999999991E+000, 9.80491518974304199E-001, 4.77218208834528923E-003
7,5, 3.65200000000000014E+000, 9.82008159160614014E-001, 5.04195131361484528E-003
7,6, 3.65399999999999991E+000, 9.83710408210754395E-001, 5.34555362537503242E-003
7,7, 3.65600000000000014E+000, 9.85635340213775635E-001, 5.68959861993789673E-003
7,8, 3.65799999999999992E+000, 9.87830996513366699E-001, 6.08256505802273750E-003
7,9, 3.66000000000000014E+000, 9.90359961986541748E-001, 6.53548538684844971E-003
7,10, 3.66199999999999992E+000, 9.93305981159210205E-001, 7.06296553835272789E-003
7,11, 3.66299999999999981E+000, 9.94969546794891357E-001, 7.36060459166765213E-003
7,12, 3.66400000000000015E+000, 9.96783375740051270E-001, 7.68484873697161674E-003
7,13, 3.66500000000000004E+000, 9.98768985271453857E-001, 8.03939811885356903E-003
7,14, 3.66599999999999993E+000, 1.00095236301422119E+000, 8.42867325991392136E-003
7,15, 3.66699999999999982E+000, 1.00336492061614990E+000, 8.85800085961818695E-003
7,16, 3.66800000000000015E+000, 1.00604498386383057E+000, 9.33385081589221954E-003
7,17, 3.66900000000000004E+000, 1.00904023647308350E+000, 9.86417289823293686E-003
7,18, 3.66999999999999993E+000, 1.01241016387939453E+000, 1.04588316753506660E-002
7,19, 3.67099999999999982E+000, 1.01623034477233887E+000, 1.11302183941006660E-002
7,20, 3.67200000000000015E+000, 1.02059793472290039E+000, 1.18941562250256538E-002
7,21, 3.67300000000000004E+000, 1.02564060688018799E+000, 1.27711193636059761E-002
7,22, 3.67399999999999993E+000, 1.03152871131896973E+000, 1.37880947440862656E-002
7,23, 3.67496000000000000E+000, 1.03819227218627930E+000, 1.49297229945659637E-002
7,24, 3.67551000000000005E+000, 1.04256403446197510E+000, 1.56733244657516479E-002
7,25, 3.67606000000000011E+000, 1.04742431640625000E+000, 1.64949502795934677E-002
7,26, 3.67661000000000016E+000, 1.05285990238189697E+000, 1.74075309187173843E-002
7,27, 3.67716000000000021E+000, 1.05897939205169678E+000, 1.84270273894071579E-002
7,28, 3.67770999999999981E+000, 1.06592106819152832E+000, 1.95733569562435150E-002
7,29, 3.67825999999999986E+000, 1.07386267185211182E+000, 2.08717212080955505E-002
7,30, 3.67880999999999991E+000, 1.08303713798522949E+000, 2.23544519394636154E-002
7,31, 3.67935999999999996E+000, 1.09375596046447754E+000, 2.40637622773647308E-002
7,32, 3.67991000000000001E+000, 1.10644495487213135E+000, 2.60557960718870163E-002
7,33, 3.68046000000000006E+000, 1.12170195579528809E+000, 2.84069031476974487E-002
7,34, 3.68101000000000012E+000, 1.14039313793182373E+000, 3.12236305326223373E-002
7,35, 3.68156000000000017E+000, 1.16382265090942383E+000, 3.46592552959918976E-002
7,36, 3.68211000000000022E+000, 1.19404816627502441E+000, 3.89425195753574371E-002
7,37, 3.68265999999999982E+000, 1.23451316356658936E+000, 4.44305539131164551E-002
7,38, 3.68320999999999987E+000, 1.29144346714019775E+000, 5.17133772373199463E-002
7,39, 3.68375999999999992E+000, 1.37733697891235352E+000, 6.18401169776916504E-002
7,40, 3.68430999999999997E+000, 1.52137649059295654E+000, 7.68710225820541382E-002
7,41, 3.68486000000000002E+000, 1.81014549732208252E+000, 1.01470753550529480E-001
7,42, 3.68527300000000002E+000, 2.32097125053405762E+000, 1.33384585380554199E-001
7,43, 3.68541000000000007E+000, 2.64567732810974121E+000, 1.48848220705986023E-001
7,44, 3.68551999999999991E+000, 3.03166770935058594E+000, 1.64080724120140076E-001
7,45, 3.68569900000000006E+000, 4.15910816192626953E+000, 1.96715310215950012E-001
7,46, 3.68574599999999997E+000, 4.64948940277099609E+000, 2.07517370581626892E-001
7,47, 3.68578099999999997E+000, 5.10357809066772461E+000, 2.16353431344032288E-001
7,48, 3.68580899999999989E+000, 5.53680133819580078E+000, 2.23974809050559998E-001
7,49, 3.68583200000000000E+000, 5.94894218444824219E+000, 2.30641931295394897E-001
7,50, 3.68585099999999999E+000, 6.33376264572143555E+000, 2.36450195312500000E-001
7,51, 3.68586800000000014E+000, 6.71613788604736328E+000, 2.41894245147705078E-001
7,52, 3.68588300000000002E+000, 7.08593177795410156E+000, 2.46903285384178162E-001
7,53, 3.68589499999999992E+000, 7.40483188629150391E+000, 2.51055985689163208E-001
7,54, 3.68590699999999982E+000, 7.74477291107177734E+000, 2.55343317985534668E-001
7,55, 3.68591800000000003E+000, 8.07483482360839844E+000, 2.59395450353622437E-001
7,56, 3.68592800000000009E+000, 8.38969516754150391E+000, 2.63183355331420898E-001
7,57, 3.68593700000000002E+000, 8.68429183959960938E+000, 2.66678988933563232E-001
7,58, 3.68594599999999994E+000, 8.98828697204589844E+000, 2.70257830619812012E-001
7,59, 3.68595300000000003E+000, 9.23011970520019531E+000, 2.73099422454833984E-001
7,60, 3.68596099999999982E+000, 9.51073360443115234E+000, 2.76409447193145752E-001
7,61, 3.68596799999999991E+000, 9.75837421417236328E+000, 2.79360383749008179E-001
7,62, 3.68597500000000000E+000, 1.00061225891113281E+001, 2.82362073659896851E-001
7,63, 3.68598200000000009E+000, 1.02518215179443359E+001, 2.85414129495620728E-001
7,64, 3.68598800000000004E+000, 1.04588594436645508E+001, 2.88069665431976318E-001
7,65, 3.68599500000000013E+000, 1.06936292648315430E+001, 2.91213124990463257E-001
7,66, 3.68600100000000008E+000, 1.08866281509399414E+001, 2.93945521116256714E-001
7,67, 3.68600700000000003E+000, 1.10695323944091797E+001, 2.96712100505828857E-001
7,68, 3.68601299999999998E+000, 1.12397489547729492E+001, 2.99511969089508057E-001
7,69, 3.68602000000000007E+000, 1.14185724258422852E+001, 3.02819162607192993E-001
7,70, 3.68602600000000002E+000, 1.15515413284301758E+001, 3.05687576532363892E-001
7,71, 3.68603300000000011E+000, 1.16787099838256836E+001, 3.09071898460388184E-001
7,72, 3.68603900000000007E+000, 1.17602634429931641E+001, 3.12004089355468750E-001
7,73, 3.68604699999999985E+000, 1.18242692947387695E+001, 3.15957158803939819E-001
7,74, 3.68605500000000008E+000, 1.18313751220703125E+001, 3.19958746433258057E-001
7,75, 3.68606599999999984E+000, 1.17389287948608398E+001, 3.25539231300354004E-001
7,76, 3.68607500000000021E+000, 1.15700511932373047E+001, 3.30173939466476440E-001
7,77, 3.68608499999999983E+000, 1.12827701568603516E+001, 3.35401058197021484E-001
7,78, 3.68609000000000009E+000, 1.11009254455566406E+001, 3.38125050067901611E-001
7,79, 3.68609499999999990E+000, 1.08949451446533203E+001, 3.46625685691833496E-001
7,80, 3.68610000000000015E+000, 1.06662607192993164E+001, 3.54112833738327026E-001
7,81, 3.68611399999999989E+000, 9.92093086242675781E+000, 3.68945360183715820E-001
7,82, 3.68612500000000010E+000, 9.25122928619384766E+000, 3.74220460653305054E-001
7,83, 3.68613299999999988E+000, 8.73404502868652344E+000, 3.74673932790756226E-001
7,84, 3.68614100000000011E+000, 8.20284938812255859E+000, 3.72482001781463623E-001
7,85, 3.68614700000000006E+000, 7.80098438262939453E+000, 3.69244694709777832E-001
7,86, 3.68615400000000015E+000, 7.33376169204711914E+000, 3.63910406827926636E-001
7,87, 3.68616000000000010E+000, 6.93835353851318359E+000, 3.58143538236618042E-001
7,88, 3.68616700000000019E+000, 6.48683118820190430E+000, 3.50198954343795776E-001
7,89, 3.68617300000000014E+000, 6.11081504821777344E+000, 3.42490643262863159E-001
7,90, 3.68617900000000009E+000, 5.74689579010009766E+000, 3.34082633256912231E-001
7,91, 3.68618500000000004E+000, 5.39648771286010742E+000, 3.25092881917953491E-001
7,92, 3.68619200000000014E+000, 5.00612449645996094E+000, 3.14017683267593384E-001
7,93, 3.68619800000000009E+000, 4.68811511993408203E+000, 3.04139405488967896E-001
7,94, 3.68620500000000018E+000, 4.33697271347045898E+000, 2.92297750711441040E-001
7,95, 3.68621199999999982E+000, 4.00737142562866211E+000, 2.80243247747421265E-001
7,96, 3.68621899999999991E+000, 3.69911265373229980E+000, 2.68096059560775757E-001
7,97, 3.68622700000000014E+000, 3.37231850624084473E+000, 2.54234969615936279E-001
7,98, 3.68623399999999979E+000, 3.10788917541503906E+000, 2.42227688431739807E-001
7,99, 3.68624300000000016E+000, 2.79594802856445312E+000, 2.27087005972862244E-001
7,100, 3.68625200000000008E+000, 2.51362204551696777E+000, 2.12410166859626770E-001
7,101, 3.68626200000000015E+000, 2.23198127746582031E+000, 1.96789011359214783E-001
7,102, 3.68627299999999991E+000, 1.95762217044830322E+000, 1.80594235658645630E-001
7,103, 3.68628499999999981E+000, 1.69617068767547607E+000, 1.64278343319892883E-001
7,104, 3.68629700000000016E+000, 1.46953415870666504E+000, 1.49536445736885071E-001
7,105, 3.68631200000000003E+000, 1.22853374481201172E+000, 1.33561119437217712E-001
7,106, 3.68632900000000019E+000, 1.00334370136260986E+000, 1.19117528200149536E-001
7,107, 3.68634800000000018E+000, 8.00981879234313965E-001, 1.08183048665523529E-001
7,108, 3.68637099999999984E+000, 6.11146032810211182E-001, 1.03518173098564148E-001
7,109, 3.68639900000000020E+000, 4.41847145557403564E-001, 1.13272771239280701E-001
7,110, 3.68643400000000021E+000, 2.98469662666320801E-001, 1.55955314636230469E-001
7,111, 3.68648100000000012E+000, 1.84498056769371033E-001, 2.81167000532150269E-001
7,112, 3.68654800000000016E+000, 1.11133925616741180E-001, 5.53641796112060547E-001
7,113, 3.68651000000000018E+000, 1.43675297498703003E-001, 3.97929698228836060E-001
7,114, 3.68665999999999983E+000, 1.01669616997241974E-001, 7.97275662422180176E-001
7,115, 3.68690700000000016E+000, 2.04716116189956665E-001, 4.51476246118545532E-001
7,116, 3.68705999999999978E+000, 2.75755822658538818E-001, 3.29856872558593750E-001
7,117, 3.68760999999999983E+000, 4.64347004890441895E-001, 1.63138225674629211E-001
7,118, 3.68815999999999988E+000, 5.75737237930297852E-001, 1.07837602496147156E-001
7,119, 3.68870999999999993E+000, 6.46950125694274902E-001, 8.04858207702636719E-002
7,120, 3.68925999999999998E+000, 6.96022093296051025E-001, 6.41930103302001953E-002
7,121, 3.68981000000000003E+000, 7.31789588928222656E-001, 5.33855110406875610E-002
7,122, 3.69036000000000008E+000, 7.58983731269836426E-001, 4.56942953169345856E-002
7,123, 3.69091000000000014E+000, 7.80343592166900635E-001, 3.99422496557235718E-002
7,124, 3.69146000000000019E+000, 7.97559082508087158E-001, 3.54785844683647156E-002
7,125, 3.69200999999999979E+000, 8.11727225780487061E-001, 3.19143272936344147E-002
7,126, 3.69255999999999984E+000, 8.23590099811553955E-001, 2.90027186274528503E-002
7,127, 3.69310999999999989E+000, 8.33667576313018799E-001, 2.65796836465597153E-002
7,128, 3.69365999999999994E+000, 8.42334389686584473E-001, 2.45318897068500519E-002
7,129, 3.69420999999999999E+000, 8.49867284297943115E-001, 2.27785166352987289E-002
7,130, 3.69476000000000004E+000, 8.56475293636322021E-001, 2.12604049593210220E-002
7,131, 3.69531000000000009E+000, 8.62319052219390869E-001, 1.99332442134618759E-002
7,132, 3.69586000000000015E+000, 8.67523908615112305E-001, 1.87631901353597641E-002
7,133, 3.69641000000000020E+000, 8.72189342975616455E-001, 1.77239552140235901E-002
7,134, 3.69695999999999980E+000, 8.76395404338836670E-001, 1.67947988957166672E-002
7,135, 3.69796000000000014E+000, 8.83068740367889404E-001, 1.53355002403259277E-002
7,136, 3.69950000000000001E+000, 8.91442596912384033E-001, 1.35302431881427765E-002
7,137, 3.70049999999999990E+000, 8.95946145057678223E-001, 1.25718340277671814E-002
7,138, 3.70250000000000012E+000, 9.03355598449707031E-001, 1.10204126685857773E-002
7,139, 3.70449999999999990E+000, 9.09203290939331055E-001, 9.81687661260366440E-003
7,140, 3.70699999999999985E+000, 9.15017426013946533E-001, 8.64852406084537506E-003
7,141, 3.71200000000000019E+000, 9.23337876796722412E-001, 7.00637418776750565E-003
7,142, 3.72128099999999984E+000, 9.32520747184753418E-001, 5.20018581300973892E-003
7,143, 3.73082799999999981E+000, 9.38310086727142334E-001, 4.13755467161536217E-003
7,144, 3.73660199999999998E+000, 9.40911591053009033E-001, 3.69407096877694130E-003
7,145, 3.74060199999999998E+000, 9.42470610141754150E-001, 3.44553543254733086E-003
7,146, 3.74360299999999979E+000, 9.43541526794433594E-001, 3.28369322232902050E-003
7,147, 3.74597300000000022E+000, 9.44334745407104492E-001, 3.16966790705919266E-003
7,148, 3.74791700000000017E+000, 9.44956123828887939E-001, 3.08383884839713573E-003
7,149, 3.74955600000000011E+000, 9.45459604263305664E-001, 3.01660294644534588E-003
7,150, 3.75096799999999986E+000, 9.45878326892852783E-001, 2.96213035471737385E-003
7,151, 3.75220600000000015E+000, 9.46233153343200684E-001, 2.91666015982627869E-003
7,152, 3.75330899999999978E+000, 9.46538567543029785E-001, 2.87796277552843094E-003
7,153, 3.75430099999999989E+000, 9.46803629398345947E-001, 2.84433830529451370E-003
7,154, 3.75520500000000013E+000, 9.47036087512969971E-001, 2.81463051214814186E-003
7,155, 3.75603599999999993E+000, 9.47241067886352539E-001, 2.78802518732845783E-003
7,156, 3.75680499999999995E+000, 9.47422385215759277E-001, 2.76380823925137520E-003
7,157, 3.75752299999999995E+000, 9.47583675384521484E-001, 2.74156429804861546E-003
7,158, 3.75819800000000015E+000, 9.47726786136627197E-001, 2.72084446623921394E-003
7,159, 3.75883700000000021E+000, 9.47853684425354004E-001, 2.70128948614001274E-003
7,160, 3.75944399999999979E+000, 9.47966635227203369E-001, 2.68279691226780415E-003
7,161, 3.76002599999999987E+000, 9.48065578937530518E-001, 2.66502168960869312E-003
7,162, 3.76058599999999998E+000, 9.48152959346771240E-001, 2.64778989367187023E-003
7,163, 3.76112799999999980E+000, 9.48227822780609131E-001, 2.63099302537739277E-003
7,164, 3.76165500000000019E+000, 9.48292434215545654E-001, 2.61440128087997437E-003
7,165, 3.76217200000000007E+000, 9.48345720767974854E-001, 2.59807892143726349E-003
7,166, 3.76268100000000016E+000, 9.48387444019317627E-001, 2.58164759725332260E-003
7,167, 3.76318699999999984E+000, 9.48420107364654541E-001, 2.56503606215119362E-003
7,168, 3.76369199999999982E+000, 9.48439836502075195E-001, 2.54812138155102730E-003
7,169, 3.76420200000000005E+000, 9.48448240756988525E-001, 2.53069028258323669E-003
7,170, 3.76472199999999990E+000, 9.48442935943603516E-001, 2.51251389272511005E-003
7,171, 3.76526100000000019E+000, 9.48422193527221680E-001, 2.49326135963201523E-003
7,172, 3.76582799999999995E+000, 9.48382854461669922E-001, 2.47254432179033756E-003
7,173, 3.76644200000000007E+000, 9.48319137096405029E-001, 2.44963378645479679E-003
7,174, 3.76713800000000010E+000, 9.48219120502471924E-001, 2.42318143136799335E-003
7,175, 3.76800500000000005E+000, 9.48053359985351562E-001, 2.38982494920492172E-003
7,176, 3.77000000000000002E+000, 9.47502851486206055E-001, 2.31473217718303204E-003
7,177, 3.77199499999999999E+000, 9.46761488914489746E-001, 2.24940036423504353E-003
7,178, 3.77286199999999994E+000, 9.46406006813049316E-001, 2.22662882879376411E-003
7,179, 3.77355799999999997E+000, 9.46116507053375244E-001, 2.21125152893364429E-003
7,180, 3.77417200000000008E+000, 9.45863187313079834E-001, 2.19983351416885853E-003
7,181, 3.77473999999999998E+000, 9.45634067058563232E-001, 2.19096965156495571E-003
7,182, 3.77527800000000013E+000, 9.45424258708953857E-001, 2.18392303213477135E-003
7,183, 3.77579799999999999E+000, 9.45230305194854736E-001, 2.17820797115564346E-003
7,184, 3.77630800000000022E+000, 9.45050060749053955E-001, 2.17344239354133606E-003
7,185, 3.77681399999999989E+000, 9.44882333278656006E-001, 2.16936157085001469E-003
7,186, 3.77731899999999987E+000, 9.44726109504699707E-001, 2.16547562740743160E-003
7,187, 3.77782799999999996E+000, 9.44583296775817871E-001, 2.16226372867822647E-003
7,188, 3.77834499999999984E+000, 9.44450855255126953E-001, 2.15872819535434246E-003
7,189, 3.77887199999999979E+000, 9.44329679012298584E-001, 2.15485179796814919E-003
7,190, 3.77941400000000005E+000, 9.44217979907989502E-001, 2.15003616176545620E-003
7,191, 3.77997400000000017E+000, 9.44089651107788086E-001, 2.13962350971996784E-003
7,192, 3.78055599999999981E+000, 9.44052696228027344E-001, 2.14365217834711075E-003
7,193, 3.78116299999999983E+000, 9.44000601768493652E-001, 2.13890452869236469E-003
7,194, 3.78180199999999989E+000, 9.43960011005401611E-001, 2.13437527418136597E-003
7,195, 3.78247700000000009E+000, 9.43934619426727295E-001, 2.12844088673591614E-003
7,196, 3.78319500000000009E+000, 9.43926513195037842E-001, 2.12104013189673424E-003
7,197, 3.78396400000000011E+000, 9.43937480449676514E-001, 2.11201584897935390E-003
7,198, 3.78479499999999991E+000, 9.43970441818237305E-001, 2.10119411349296570E-003
7,199, 3.78569900000000015E+000, 9.44025099277496338E-001, 2.08754488267004490E-003
7,200, 3.78669099999999981E+000, 9.44106400012969971E-001, 2.07250751554965973E-003
7,201, 3.78779399999999988E+000, 9.44216966629028320E-001, 2.05410039052367210E-003
7,202, 3.78903200000000018E+000, 9.44360017776489258E-001, 2.03261780552566051E-003
7,203, 3.79044399999999992E+000, 9.44539904594421387E-001, 2.00716033577919006E-003
7,204, 3.79208299999999987E+000, 9.44762110710144043E-001, 1.97697710245847702E-003
7,205, 3.79402699999999982E+000, 9.45034861564636230E-001, 1.94156507495790720E-003
7,206, 3.79639699999999980E+000, 9.45368349552154541E-001, 1.89944845624268055E-003
7,207, 3.79939800000000005E+000, 9.45770680904388428E-001, 1.85025134123861790E-003
7,208, 3.80339800000000006E+000, 9.46268320083618164E-001, 1.78992189466953278E-003
7,209, 3.80917199999999978E+000, 9.46995079517364502E-001, 1.71177007723599672E-003
7,210, 3.81871900000000020E+000, 9.48076248168945312E-001, 1.60333374515175819E-003
7,211, 3.82200000000000006E+000, 9.48394954204559326E-001, 1.57203432172536850E-003
7,212, 3.83199999999999985E+000, 9.49264764785766602E-001, 1.48172269109636545E-003
7,213, 3.85000000000000009E+000, 9.50601398944854736E-001, 1.35735049843788147E-003
7,214, 3.85199999999999987E+000, 9.50744032859802246E-001, 1.34583446197211742E-003
7,215, 3.86699999999999999E+000, 9.51694905757904053E-001, 1.26756075769662857E-003
7,216, 3.87300000000000022E+000, 9.52069103717803955E-001, 1.24144018627703190E-003
7,217, 3.87800000000000011E+000, 9.52439665794372559E-001, 1.22273759916424751E-003
7,218, 3.88399999999999990E+000, 9.52734529972076416E-001, 1.19805498979985714E-003
7,219, 3.89000000000000012E+000, 9.53073620796203613E-001, 1.17417250294238329E-003
7,220, 3.89599999999999991E+000, 9.53605234622955322E-001, 1.15648924838751554E-003
7,221, 3.89999999999999991E+000, 9.53823745250701904E-001, 1.14698580000549555E-003
7,222, 3.90200000000000014E+000, 9.53799128532409668E-001, 1.13851681817322969E-003
7,223, 3.90799999999999992E+000, 9.54165816307067871E-001, 1.12531369086354971E-003
7,224, 3.91400000000000015E+000, 9.54152405261993408E-001, 1.10584474168717861E-003
7,225, 3.91999999999999993E+000, 9.53662991523742676E-001, 1.09724316280335188E-003
7,226, 3.92600000000000016E+000, 9.53867554664611816E-001, 1.06332055293023586E-003
7,227, 3.93199999999999994E+000, 9.53586399555206299E-001, 1.02215632796287537E-003
7,228, 3.93800000000000017E+000, 9.53838109970092773E-001, 1.01907085627317429E-003
7,229, 3.94399999999999995E+000, 9.54282224178314209E-001, 9.91028733551502228E-004
7,230, 3.95000000000000018E+000, 9.53810095787048340E-001, 9.62320656981319189E-004
7,231, 3.95599999999999996E+000, 9.54353153705596924E-001, 9.58645599894225597E-004
7,232, 3.96200000000000019E+000, 9.55473661422729492E-001, 9.51697118580341339E-004
7,233, 3.96799999999999997E+000, 9.55789327621459961E-001, 9.59686411079019308E-004
7,234, 3.97400000000000020E+000, 9.55398082733154297E-001, 9.88716259598731995E-004
7,235, 3.97999999999999998E+000, 9.55350458621978760E-001, 1.07690645381808281E-003
7,236, 3.98600000000000021E+000, 9.55411970615386963E-001, 9.35747928451746702E-004
7,237, 3.99199999999999999E+000, 9.55647349357604980E-001, 8.51014803629368544E-004
7,238, 3.99800000000000022E+000, 9.56404983997344971E-001, 8.66936345119029284E-004
7,239, 4.00000000000000000E+000, 9.56764042377471924E-001, 8.84650740772485733E-004
7,240, 4.00399999999999956E+000, 9.57610368728637695E-001, 9.16550576221197844E-004
7,241, 4.00999999999999979E+000, 9.58313107490539551E-001, 9.13478143047541380E-004
7,242, 4.01600000000000001E+000, 9.58631336688995361E-001, 8.90658586286008358E-004
7,243, 4.01999999999999957E+000, 9.58136498928070068E-001, 8.91803414560854435E-004
7,244, 4.02200000000000024E+000, 9.57264184951782227E-001, 8.84968903847038746E-004
7,245, 4.02799999999999958E+000, 9.55412030220031738E-001, 8.54248704854398966E-004
7,246, 4.03000000000000025E+000, 9.54751312732696533E-001, 8.39282642118632793E-004
7,247, 4.03399999999999981E+000, 9.53913390636444092E-001, 7.98973836936056614E-004
7,248, 4.04000000000000004E+000, 9.53375458717346191E-001, 7.88899313192814589E-004
7,249, 4.04600000000000026E+000, 9.52785611152648926E-001, 7.89688085205852985E-004
7,250, 4.04999999999999982E+000, 9.52609717845916748E-001, 7.73199833929538727E-004
7,251, 4.05199999999999960E+000, 9.52628612518310547E-001, 7.61709699872881174E-004
7,252, 4.05799999999999983E+000, 9.51828658580780029E-001, 7.53407715819776058E-004
7,253, 4.06400000000000006E+000, 9.51067864894866943E-001, 7.37508176825940609E-004
7,254, 4.07000000000000028E+000, 9.51205432415008545E-001, 7.22418364603072405E-004
7,255, 4.07599999999999962E+000, 9.51270103454589844E-001, 7.16325419489294291E-004
7,256, 4.08199999999999985E+000, 9.51130092144012451E-001, 7.13299843482673168E-004
7,257, 4.08800000000000008E+000, 9.51019585132598877E-001, 7.10457621607929468E-004
7,258, 4.08999999999999986E+000, 9.50938165187835693E-001, 7.10149819497019053E-004
7,259, 4.09400000000000031E+000, 9.50953900814056396E-001, 7.06339371390640736E-004
7,260, 4.09999999999999964E+000, 9.50891077518463135E-001, 7.01425364241003990E-004
7,261, 4.10500000000000043E+000, 9.50884699821472168E-001, 6.95550057571381330E-004
7,262, 4.10899999999999999E+000, 9.51094329357147217E-001, 6.95724680554121733E-004
7,263, 4.11000000000000032E+000, 9.51192498207092285E-001, 6.98315154295414686E-004
7,264, 4.11300000000000043E+000, 9.51143503189086914E-001, 6.95715192705392838E-004
7,265, 4.11800000000000033E+000, 9.50978457927703857E-001, 6.79461343679577112E-004
7,266, 4.12100000000000044E+000, 9.50786650180816650E-001, 6.69565808493643999E-004
7,267, 4.12500000000000000E+000, 9.50287461280822754E-001, 6.63980899844318628E-004
7,268, 4.12899999999999956E+000, 9.50044393539428711E-001, 6.59024051856249571E-004
7,269, 4.12999999999999989E+000, 9.50026512145996094E-001, 6.56715012155473232E-004
7,270, 4.13300000000000001E+000, 9.50021684169769287E-001, 6.54273026157170534E-004
7,271, 4.13600000000000012E+000, 9.50185954570770264E-001, 6.53497001621872187E-004
7,272, 4.14100000000000001E+000, 9.50644910335540771E-001, 6.50440109893679619E-004
7,273, 4.14700000000000024E+000, 9.50668454170227051E-001, 6.44697342067956924E-004
7,274, 4.15000000000000036E+000, 9.50222969055175781E-001, 6.42230326775461435E-004
7,275, 4.15299999999999958E+000, 9.49698388576507568E-001, 6.38804165646433830E-004
7,276, 4.15899999999999981E+000, 9.49211239814758301E-001, 6.34293188340961933E-004
7,277, 4.16500000000000004E+000, 9.49159562587738037E-001, 6.29326386842876673E-004
7,278, 4.17100000000000026E+000, 9.48956429958343506E-001, 6.27426605205982924E-004
7,279, 4.17699999999999960E+000, 9.48649048805236816E-001, 6.25363783910870552E-004
7,280, 4.17999999999999972E+000, 9.48353767395019531E-001, 6.25926477368921041E-004
7,281, 4.18200000000000038E+000, 9.47828829288482666E-001, 6.25839224085211754E-004
7,282, 4.18499999999999961E+000, 9.47266221046447754E-001, 6.27816189080476761E-004
7,283, 4.19000000000000039E+000, 9.47009742259979248E-001, 6.17786019574850798E-004
7,284, 4.19500000000000028E+000, 9.46763873100280762E-001, 6.11585506703704596E-004
7,285, 4.19899999999999984E+000, 9.46374177932739258E-001, 6.10532471910119057E-004
7,286, 4.20099999999999962E+000, 9.46121811866760254E-001, 6.09909766353666782E-004
7,287, 4.20800000000000018E+000, 9.46281969547271729E-001, 6.06578192673623562E-004
7,288, 4.21199999999999974E+000, 9.46697890758514404E-001, 6.06426270678639412E-004
7,289, 4.21400000000000041E+000, 9.46837127208709717E-001, 6.07162772212177515E-004
7,290, 4.21999999999999975E+000, 9.46566522121429443E-001, 5.99350314587354660E-004
7,291, 4.22599999999999998E+000, 9.46619868278503418E-001, 6.08586007729172707E-004
7,292, 4.23200000000000021E+000, 9.47343051433563232E-001, 6.19335623923689127E-004
7,293, 4.23800000000000043E+000, 9.47575807571411133E-001, 5.94444747548550367E-004
7,294, 4.24000000000000021E+000, 9.47413921356201172E-001, 5.92326454352587461E-004
7,295, 4.24399999999999977E+000, 9.47392165660858154E-001, 5.83916320465505123E-004
7,296, 4.25000000000000000E+000, 9.48254346847534180E-001, 5.86302136071026325E-004
7,297, 4.25600000000000023E+000, 9.49138343334197998E-001, 5.90075098443776369E-004
7,298, 4.26199999999999957E+000, 9.49412941932678223E-001, 5.77767263166606426E-004
7,299, 4.26799999999999979E+000, 9.49531137943267822E-001, 5.73989294935017824E-004
7,300, 4.27400000000000002E+000, 9.49625074863433838E-001, 5.71372918784618378E-004
7,301, 4.28000000000000025E+000, 9.49706375598907471E-001, 5.68213174119591713E-004
7,302, 4.29199999999999982E+000, 9.50193166732788086E-001, 5.62082685064524412E-004
7,303, 4.29999999999999982E+000, 9.50430870056152344E-001, 5.64384565223008394E-004
7,304, 4.30400000000000027E+000, 9.50331747531890869E-001, 5.64476067665964365E-004
7,305, 4.30999999999999961E+000, 9.50341045856475830E-001, 5.63484209123998880E-004
7,306, 4.31599999999999984E+000, 9.50697481632232666E-001, 5.59785985387861729E-004
7,307, 4.32800000000000029E+000, 9.51409161090850830E-001, 5.61991124413907528E-004
7,308, 4.33000000000000007E+000, 9.51503753662109375E-001, 5.63609646633267403E-004
7,309, 4.33999999999999986E+000, 9.51684415340423584E-001, 5.57233637664467096E-004
7,310, 4.34999999999999964E+000, 9.51525986194610596E-001, 5.55372622329741716E-004
7,311, 4.35200000000000031E+000, 9.51462984085083008E-001, 5.55329082999378443E-004
7,312, 4.36399999999999988E+000, 9.51316654682159424E-001, 5.48549927771091461E-004
7,313, 4.37600000000000033E+000, 9.51175391674041748E-001, 5.49197138752788305E-004
7,314, 4.37999999999999989E+000, 9.51127886772155762E-001, 5.51339006051421165E-004
7,315, 4.38199999999999967E+000, 9.51092958450317383E-001, 5.49671065527945757E-004
7,316, 4.38799999999999990E+000, 9.51207995414733887E-001, 5.50521363038569689E-004
7,317, 4.38999999999999968E+000, 9.51407194137573242E-001, 5.54435653612017632E-004
7,318, 4.39400000000000013E+000, 9.51561808586120605E-001, 5.44385460671037436E-004
7,319, 4.40000000000000036E+000, 9.50850367546081543E-001, 5.43578527867794037E-004
7,320, 4.40599999999999969E+000, 9.50248420238494873E-001, 5.43882313650101423E-004
7,321, 4.41000000000000014E+000, 9.50261473655700684E-001, 5.54392987396568060E-004
7,322, 4.41199999999999992E+000, 9.50196206569671631E-001, 5.49033400602638721E-004
7,323, 4.41800000000000015E+000, 9.50158119201660156E-001, 5.47569419723004103E-004
7,324, 4.42400000000000038E+000, 9.50195431709289551E-001, 5.44145179446786642E-004
7,325, 4.42999999999999972E+000, 9.49597001075744629E-001, 5.55446487851440907E-004
8,1, 4.66000000000000014E+000, 9.48548018932342529E-001, 5.57285675313323736E-004
8,2, 3.64000000000000012E+000, 9.74841713905334473E-001, 3.77882597967982292E-003
8,3, 3.64500000000000002E+000, 9.77332830429077148E-001, 4.21383744105696678E-003
8,4, 3.64999999999999991E+000, 9.80491518974304199E-001, 4.77218208834528923E-003
8,5, 3.65200000000000014E+000, 9.82008159160614014E-001, 5.04195131361484528E-003
8,6, 3.65399999999999991E+000, 9.83710408210754395E-001, 5.34555362537503242E-003
8,7, 3.65600000000000014E+000, 9.85635340213775635E-001, 5.68959861993789673E-003
8,8, 3.65799999999999992E+000, 9.87830996513366699E-001, 6.08256505802273750E-003
8,9, 3.66000000000000014E+000, 9.90359961986541748E-001, 6.53548538684844971E-003
8,10, 3.66199999999999992E+000, 9.93305981159210205E-001, 7.06296553835272789E-003
8,11, 3.66299999999999981E+000, 9.94969546794891357E-001, 7.36060459166765213E-003
8,12, 3.66400000000000015E+000, 9.96783375740051270E-001, 7.68484873697161674E-003
8,13, 3.66500000000000004E+000, 9.98768985271453857E-001, 8.03939811885356903E-003
8,14, 3.66599999999999993E+000, 1.00095236301422119E+000, 8.42867325991392136E-003
8,15, 3.66699999999999982E+000, 1.00336492061614990E+000, 8.85800085961818695E-003
8,16, 3.66800000000000015E+000, 1.00604498386383057E+000, 9.33385081589221954E-003
8,17, 3.66900000000000004E+000, 1.00904023647308350E+000, 9.86417289823293686E-003
8,18, 3.66999999999999993E+000, 1.01241016387939453E+000, 1.04588316753506660E-002
8,19, 3.67099999999999982E+000, 1.01623034477233887E+000, 1.11302183941006660E-002
8,20, 3.67200000000000015E+000, 1.02059793472290039E+000, 1.18941562250256538E-002
8,21, 3.67300000000000004E+000, 1.02564060688018799E+000, 1.27711193636059761E-002
8,22, 3.67399999999999993E+000, 1.03152871131896973E+000, 1.37880947440862656E-002
8,23, 3.67496000000000000E+000, 1.03819227218627930E+000, 1.49297229945659637E-002
8,24, 3.67551000000000005E+000, 1.04256403446197510E+000, 1.56733244657516479E-002
8,25, 3.67606000000000011E+000, 1.04742431640625000E+000, 1.64949502795934677E-002
8,26, 3.67661000000000016E+000, 1.05285990238189697E+000, 1.74075309187173843E-002
8,27, 3.67716000000000021E+000, 1.05897939205169678E+000, 1.84270273894071579E-002
8,28, 3.67770999999999981E+000, 1.06592106819152832E+000, 1.95733569562435150E-002
8,29, 3.67825999999999986E+000, 1.07386267185211182E+000, 2.08717212080955505E-002
8,30, 3.67880999999999991E+000, 1.08303713798522949E+000, 2.23544519394636154E-002
8,31, 3.67935999999999996E+000, 1.09375596046447754E+000, 2.40637622773647308E-002
8,32, 3.67991000000000001E+000, 1.10644495487213135E+000, 2.60557960718870163E-002
8,33, 3.68046000000000006E+000, 1.12170195579528809E+000, 2.84069031476974487E-002
8,34, 3.68101000000000012E+000, 1.14039313793182373E+000, 3.12236305326223373E-002
8,35, 3.68156000000000017E+000, 1.16382265090942383E+000, 3.46592552959918976E-002
8,36, 3.68211000000000022E+000, 1.19404816627502441E+000, 3.89425195753574371E-002
8,37, 3.68265999999999982E+000, 1.23451316356658936E+000, 4.44305539131164551E-002
8,38, 3.68320999999999987E+000, 1.29144346714019775E+000, 5.17133772373199463E-002
8,39, 3.68375999999999992E+000, 1.37733697891235352E+000, 6.18401169776916504E-002
8,40, 3.68430999999999997E+000, 1.52137649059295654E+000, 7.68710225820541382E-002
8,41, 3.68486000000000002E+000, 1.81014549732208252E+000, 1.01470753550529480E-001
8,42, 3.68527300000000002E+000, 2.32097125053405762E+000, 1.33384585380554199E-001
8,43, 3.68541000000000007E+000, 2.64567732810974121E+000, 1.48848220705986023E-001
8,44, 3.68551999999999991E+000, 3.03166770935058594E+000, 1.64080724120140076E-001
8,45, 3.68569900000000006E+000, 4.15910816192626953E+000, 1.96715310215950012E-001
8,46, 3.68574599999999997E+000, 4.64948940277099609E+000, 2.07517370581626892E-001
8,47, 3.68578099999999997E+000, 5.10357809066772461E+000, 2.16353431344032288E-001
8,48, 3.68580899999999989E+000, 5.53680133819580078E+000, 2.23974809050559998E-001
8,49, 3.68583200000000000E+000, 5.94894218444824219E+000, 2.30641931295394897E-001
8,50, 3.68585099999999999E+000, 6.33376264572143555E+000, 2.36450195312500000E-001
8,51, 3.68586800000000014E+000, 6.71613788604736328E+000, 2.41894245147705078E-001
8,52, 3.68588300000000002E+000, 7.08593177795410156E+000, 2.46903285384178162E-001
8,53, 3.68589499999999992E+000, 7.40483188629150391E+000, 2.51055985689163208E-001
8,54, 3.68590699999999982E+000, 7.74477291107177734E+000, 2.55343317985534668E-001
8,55, 3.68591800000000003E+000, 8.07483482360839844E+000, 2.59395450353622437E-001
8,56, 3.68592800000000009E+000, 8.38969516754150391E+000, 2.63183355331420898E-001
8,57, 3.68593700000000002E+000, 8.68429183959960938E+000, 2.66678988933563232E-001
8,58, 3.68594599999999994E+000, 8.98828697204589844E+000, 2.70257830619812012E-001
8,59, 3.68595300000000003E+000, 9.23011970520019531E+000, 2.73099422454833984E-001
8,60, 3.68596099999999982E+000, 9.51073360443115234E+000, 2.76409447193145752E-001
8,61, 3.68596799999999991E+000, 9.75837421417236328E+000, 2.79360383749008179E-001
8,62, 3.68597500000000000E+000, 1.00061225891113281E+001, 2.82362073659896851E-001
8,63, 3.68598200000000009E+000, 1.02518215179443359E+001, 2.85414129495620728E-001
8,64, 3.68598800000000004E+000, 1.04588594436645508E+001, 2.88069665431976318E-001
8,65, 3.68599500000000013E+000, 1.06936292648315430E+001, 2.91213124990463257E-001
8,66, 3.68600100000000008E+000, 1.08866281509399414E+001, 2.93945521116256714E-001
8,67, 3.68600700000000003E+000, 1.10695323944091797E+001, 2.96712100505828857E-001
8,68, 3.68601299999999998E+000, 1.12397489547729492E+001, 2.99511969089508057E-001
8,69, 3.68602000000000007E+000, 1.14185724258422852E+001, 3.02819162607192993E-001
8,70, 3.68602600000000002E+000, 1.15515413284301758E+001, 3.05687576532363892E-001
8,71, 3.68603300000000011E+000, 1.16787099838256836E+001, 3.09071898460388184E-001
8,72, 3.68603900000000007E+000, 1.17602634429931641E+001, 3.12004089355468750E-001
8,73, 3.68604699999999985E+000, 1.18242692947387695E+001, 3.15957158803939819E-001
8,74, 3.68605500000000008E+000, 1.18313751220703125E+001, 3.19958746433258057E-001
8,75, 3.68606599999999984E+000, 1.17389287948608398E+001, 3.25539231300354004E-001
8,76, 3.68607500000000021E+000, 1.15700511932373047E+001, 3.30173939466476440E-001
8,77, 3.68608499999999983E+000, 1.12827701568603516E+001, 3.35401058197021484E-001
8,78, 3.68609000000000009E+000, 1.11009254455566406E+001, 3.38125050067901611E-001
8,79, 3.68609499999999990E+000, 1.08949451446533203E+001, 3.46625685691833496E-001
8,80, 3.68610000000000015E+000, 1.06662607192993164E+001, 3.54112833738327026E-001
8,81, 3.68611399999999989E+000, 9.92093086242675781E+000, 3.68945360183715820E-001
8,82, 3.68612500000000010E+000, 9.25122928619384766E+000, 3.74220460653305054E-001
8,83, 3.68613299999999988E+000, 8.73404502868652344E+000, 3.74673932790756226E-001
8,84, 3.68614100000000011E+000, 8.20284938812255859E+000, 3.72482001781463623E-001
8,85, 3.68614700000000006E+000, 7.80098438262939453E+000, 3.69244694709777832E-001
8,86, 3.68615400000000015E+000, 7.33376169204711914E+000, 3.63910406827926636E-001
8,87, 3.68616000000000010E+000, 6.93835353851318359E+000, 3.58143538236618042E-001
8,88, 3.68616700000000019E+000, 6.48683118820190430E+000, 3.50198954343795776E-001
8,89, 3.68617300000000014E+000, 6.11081504821777344E+000, 3.42490643262863159E-001
8,90, 3.68617900000000009E+000, 5.74689579010009766E+000, 3.34082633256912231E-001
8,91, 3.68618500000000004E+000, 5.39648771286010742E+000, 3.25092881917953491E-001
8,92, 3.68619200000000014E+000, 5.00612449645996094E+000, 3.14017683267593384E-001
8,93, 3.68619800000000009E+000, 4.68811511993408203E+000, 3.04139405488967896E-001
8,94, 3.68620500000000018E+000, 4.33697271347045898E+000, 2.92297750711441040E-001
8,95, 3.68621199999999982E+000, 4.00737142562866211E+000, 2.80243247747421265E-001
8,96, 3.68621899999999991E+000, 3.69911265373229980E+000, 2.68096059560775757E-001
8,97, 3.68622700000000014E+000, 3.37231850624084473E+000, 2.54234969615936279E-001
8,98, 3.68623399999999979E+000, 3.10788917541503906E+000, 2.42227688431739807E-001
8,99, 3.68624300000000016E+000, 2.79594802856445312E+000, 2.27087005972862244E-001
8,100, 3.68625200000000008E+000, 2.51362204551696777E+000, 2.12410166859626770E-001
8,101, 3.68626200000000015E+000, 2.23198127746582031E+000, 1.96789011359214783E-001
8,102, 3.68627299999999991E+000, 1.95762217044830322E+000, 1.80594235658645630E-001
8,103, 3.68628499999999981E+000, 1.69617068767547607E+000, 1.64278343319892883E-001
8,104, 3.68629700000000016E+000, 1.46953415870666504E+000, 1.49536445736885071E-001
8,105, 3.68631200000000003E+000, 1.22853374481201172E+000, 1.33561119437217712E-001
8,106, 3.68632900000000019E+000, 1.00334370136260986E+000, 1.19117528200149536E-001
8,107, 3.68634800000000018E+000, 8.00981879234313965E-001, 1.08183048665523529E-001
8,108, 3.68637099999999984E+000, 6.11146032810211182E-001, 1.03518173098564148E-001
8,109, 3.68639900000000020E+000, 4.41847145557403564E-001, 1.13272771239280701E-001
8,110, 3.68643400000000021E+000, 2.98469662666320801E-001, 1.55955314636230469E-001
8,111, 3.68648100000000012E+000, 1.84498056769371033E-001, 2.81167000532150269E-001
8,112, 3.68654800000000016E+000, 1.11133925616741180E-001, 5.53641796112060547E-001
8,113, 3.68651000000000018E+000, 1.43675297498703003E-001, 3.97929698228836060E-001
8,114, 3.68665999999999983E+000, 1.01669616997241974E-001, 7.97275662422180176E-001
8,115, 3.68690700000000016E+000, 2.04716116189956665E-001, 4.51476246118545532E-001
8,116, 3.68705999999999978E+000, 2.75755822658538818E-001, 3.29856872558593750E-001
8,117, 3.68760999999999983E+000, 4.64347004890441895E-001, 1.63138225674629211E-001
8,118, 3.68815999999999988E+000, 5.75737237930297852E-001, 1.07837602496147156E-001
8,119, 3.68870999999999993E+000, 6.46950125694274902E-001, 8.04858207702636719E-002
8,120, 3.68925999999999998E+000, 6.96022093296051025E-001, 6.41930103302001953E-002
8,121, 3.68981000000000003E+000, 7.31789588928222656E-001, 5.33855110406875610E-002
8,122, 3.69036000000000008E+000, 7.58983731269836426E-001, 4.56942953169345856E-002
8,123, 3.69091000000000014E+000, 7.80343592166900635E-001, 3.99422496557235718E-002
8,124, 3.69146000000000019E+000, 7.97559082508087158E-001, 3.54785844683647156E-002
8,125, 3.69200999999999979E+000, 8.11727225780487061E-001, 3.19143272936344147E-002
8,126, 3.69255999999999984E+000, 8.23590099811553955E-001, 2.90027186274528503E-002
8,127, 3.69310999999999989E+000, 8.33667576313018799E-001, 2.65796836465597153E-002
8,128, 3.69365999999999994E+000, 8.42334389686584473E-001, 2.45318897068500519E-002
8,129, 3.69420999999999999E+000, 8.49867284297943115E-001, 2.27785166352987289E-002
8,130, 3.69476000000000004E+000, 8.56475293636322021E-001, 2.12604049593210220E-002
8,131, 3.69531000000000009E+000, 8.62319052219390869E-001, 1.99332442134618759E-002
8,132, 3.69586000000000015E+000, 8.67523908615112305E-001, 1.87631901353597641E-002
8,133, 3.69641000000000020E+000, 8.72189342975616455E-001, 1.77239552140235901E-002
8,134, 3.69695999999999980E+000, 8.76395404338836670E-001, 1.67947988957166672E-002
8,135, 3.69796000000000014E+000, 8.83068740367889404E-001, 1.53355002403259277E-002
8,136, 3.69950000000000001E+000, 8.91442596912384033E-001, 1.35302431881427765E-002
8,137, 3.70049999999999990E+000, 8.95946145057678223E-001, 1.25718340277671814E-002
8,138, 3.70250000000000012E+000, 9.03355598449707031E-001, 1.10204126685857773E-002
8,139, 3.70449999999999990E+000, 9.09203290939331055E-001, 9.81687661260366440E-003
8,140, 3.70699999999999985E+000, 9.15017426013946533E-001, 8.64852406084537506E-003
8,141, 3.71200000000000019E+000, 9.23337876796722412E-001, 7.00637418776750565E-003
8,142, 3.72128099999999984E+000, 9.32520747184753418E-001, 5.20018581300973892E-003
8,143, 3.73082799999999981E+000, 9.38310086727142334E-001, 4.13755467161536217E-003
8,144, 3.73660199999999998E+000, 9.40911591053009033E-001, 3.69407096877694130E-003
8,145, 3.74060199999999998E+000, 9.42470610141754150E-001, 3.44553543254733086E-003
8,146, 3.74360299999999979E+000, 9.43541526794433594E-001, 3.28369322232902050E-003
8,147, 3.74597300000000022E+000, 9.44334745407104492E-001, 3.16966790705919266E-003
8,148, 3.74791700000000017E+000, 9.44956123828887939E-001, 3.08383884839713573E-003
8,149, 3.74955600000000011E+000, 9.45459604263305664E-001, 3.01660294644534588E-003
8,150, 3.75096799999999986E+000, 9.45878326892852783E-001, 2.96213035471737385E-003
8,151, 3.75220600000000015E+000, 9.46233153343200684E-001, 2.91666015982627869E-003
8,152, 3.75330899999999978E+000, 9.46538567543029785E-001, 2.87796277552843094E-003
8,153, 3.75430099999999989E+000, 9.46803629398345947E-001, 2.84433830529451370E-003
8,154, 3.75520500000000013E+000, 9.47036087512969971E-001, 2.81463051214814186E-003
8,155, 3.75603599999999993E+000, 9.47241067886352539E-001, 2.78802518732845783E-003
8,156, 3.75680499999999995E+000, 9.47422385215759277E-001, 2.76380823925137520E-003
8,157, 3.75752299999999995E+000, 9.47583675384521484E-001, 2.74156429804861546E-003
8,158, 3.75819800000000015E+000, 9.47726786136627197E-001, 2.72084446623921394E-003
8,159, 3.75883700000000021E+000, 9.47853684425354004E-001, 2.70128948614001274E-003
8,160, 3.75944399999999979E+000, 9.47966635227203369E-001, 2.68279691226780415E-003
8,161, 3.76002599999999987E+000, 9.48065578937530518E-001, 2.66502168960869312E-003
8,162, 3.76058599999999998E+000, 9.48152959346771240E-001, 2.64778989367187023E-003
8,163, 3.76112799999999980E+000, 9.48227822780609131E-001, 2.63099302537739277E-003
8,164, 3.76165500000000019E+000, 9.48292434215545654E-001, 2.61440128087997437E-003
8,165, 3.76217200000000007E+000, 9.48345720767974854E-001, 2.59807892143726349E-003
8,166, 3.76268100000000016E+000, 9.48387444019317627E-001, 2.58164759725332260E-003
8,167, 3.76318699999999984E+000, 9.48420107364654541E-001, 2.56503606215119362E-003
8,168, 3.76369199999999982E+000, 9.48439836502075195E-001, 2.54812138155102730E-003
8,169, 3.76420200000000005E+000, 9.48448240756988525E-001, 2.53069028258323669E-003
8,170, 3.76472199999999990E+000, 9.48442935943603516E-001, 2.51251389272511005E-003
8,171, 3.76526100000000019E+000, 9.48422193527221680E-001, 2.49326135963201523E-003
8,172, 3.76582799999999995E+000, 9.48382854461669922E-001, 2.47254432179033756E-003
8,173, 3.76644200000000007E+000, 9.48319137096405029E-001, 2.44963378645479679E-003
8,174, 3.76713800000000010E+000, 9.48219120502471924E-001, 2.42318143136799335E-003
8,175, 3.76800500000000005E+000, 9.48053359985351562E-001, 2.38982494920492172E-003
8,176, 3.77000000000000002E+000, 9.47502851486206055E-001, 2.31473217718303204E-003
8,177, 3.77199499999999999E+000, 9.46761488914489746E-001, 2.24940036423504353E-003
8,178, 3.77286199999999994E+000, 9.46406006813049316E-001, 2.22662882879376411E-003
8,179, 3.77355799999999997E+000, 9.46116507053375244E-001, 2.21125152893364429E-003
8,180, 3.77417200000000008E+000, 9.45863187313079834E-001, 2.19983351416885853E-003
8,181, 3.77473999999999998E+000, 9.45634067058563232E-001, 2.19096965156495571E-003
8,182, 3.77527800000000013E+000, 9.45424258708953857E-001, 2.18392303213477135E-003
8,183, 3.77579799999999999E+000, 9.45230305194854736E-001, 2.17820797115564346E-003
8,184, 3.77630800000000022E+000, 9.45050060749053955E-001, 2.17344239354133606E-003
8,185, 3.77681399999999989E+000, 9.44882333278656006E-001, 2.16936157085001469E-003
8,186, 3.77731899999999987E+000, 9.44726109504699707E-001, 2.16547562740743160E-003
8,187, 3.77782799999999996E+000, 9.44583296775817871E-001, 2.16226372867822647E-003
8,188, 3.77834499999999984E+000, 9.44450855255126953E-001, 2.15872819535434246E-003
8,189, 3.77887199999999979E+000, 9.44329679012298584E-001, 2.15485179796814919E-003
8,190, 3.77941400000000005E+000, 9.44217979907989502E-001, 2.15003616176545620E-003
8,191, 3.77997400000000017E+000, 9.44089651107788086E-001, 2.13962350971996784E-003
8,192, 3.78055599999999981E+000, 9.44052696228027344E-001, 2.14365217834711075E-003
8,193, 3.78116299999999983E+000, 9.44000601768493652E-001, 2.13890452869236469E-003
8,194, 3.78180199999999989E+000, 9.43960011005401611E-001, 2.13437527418136597E-003
8,195, 3.78247700000000009E+000, 9.43934619426727295E-001, 2.12844088673591614E-003
8,196, 3.78319500000000009E+000, 9.43926513195037842E-001, 2.12104013189673424E-003
8,197, 3.78396400000000011E+000, 9.43937480449676514E-001, 2.11201584897935390E-003
8,198, 3.78479499999999991E+000, 9.43970441818237305E-001, 2.10119411349296570E-003
8,199, 3.78569900000000015E+000, 9.44025099277496338E-001, 2.08754488267004490E-003
8,200, 3.78669099999999981E+000, 9.44106400012969971E-001, 2.07250751554965973E-003
8,201, 3.78779399999999988E+000, 9.44216966629028320E-001, 2.05410039052367210E-003
8,202, 3.78903200000000018E+000, 9.44360017776489258E-001, 2.03261780552566051E-003
8,203, 3.79044399999999992E+000, 9.44539904594421387E-001, 2.00716033577919006E-003
8,204, 3.79208299999999987E+000, 9.44762110710144043E-001, 1.97697710245847702E-003
8,205, 3.79402699999999982E+000, 9.45034861564636230E-001, 1.94156507495790720E-003
8,206, 3.79639699999999980E+000, 9.45368349552154541E-001, 1.89944845624268055E-003
8,207, 3.79939800000000005E+000, 9.45770680904388428E-001, 1.85025134123861790E-003
8,208, 3.80339800000000006E+000, 9.46268320083618164E-001, 1.78992189466953278E-003
8,209, 3.80917199999999978E+000, 9.46995079517364502E-001, 1.71177007723599672E-003
8,210, 3.81871900000000020E+000, 9.48076248168945312E-001, 1.60333374515175819E-003
8,211, 3.82200000000000006E+000, 9.48394954204559326E-001, 1.57203432172536850E-003
8,212, 3.83199999999999985E+000, 9.49264764785766602E-001, 1.48172269109636545E-003
8,213, 3.85000000000000009E+000, 9.50601398944854736E-001, 1.35735049843788147E-003
8,214, 3.85199999999999987E+000, 9.50744032859802246E-001, 1.34583446197211742E-003
8,215, 3.86699999999999999E+000, 9.51694905757904053E-001, 1.26756075769662857E-003
8,216, 3.87300000000000022E+000, 9.52069103717803955E-001, 1.24144018627703190E-003
8,217, 3.87800000000000011E+000, 9.52439665794372559E-001, 1.22273759916424751E-003
8,218, 3.88399999999999990E+000, 9.52734529972076416E-001, 1.19805498979985714E-003
8,219, 3.89000000000000012E+000, 9.53073620796203613E-001, 1.17417250294238329E-003
8,220, 3.89599999999999991E+000, 9.53605234622955322E-001, 1.15648924838751554E-003
8,221, 3.89999999999999991E+000, 9.53823745250701904E-001, 1.14698580000549555E-003
8,222, 3.90200000000000014E+000, 9.53799128532409668E-001, 1.13851681817322969E-003
8,223, 3.90799999999999992E+000, 9.54165816307067871E-001, 1.12531369086354971E-003
8,224, 3.91400000000000015E+000, 9.54152405261993408E-001, 1.10584474168717861E-003
8,225, 3.91999999999999993E+000, 9.53662991523742676E-001, 1.09724316280335188E-003
8,226, 3.92600000000000016E+000, 9.53867554664611816E-001, 1.06332055293023586E-003
8,227, 3.93199999999999994E+000, 9.53586399555206299E-001, 1.02215632796287537E-003
8,228, 3.93800000000000017E+000, 9.53838109970092773E-001, 1.01907085627317429E-003
8,229, 3.94399999999999995E+000, 9.54282224178314209E-001, 9.91028733551502228E-004
8,230, 3.95000000000000018E+000, 9.53810095787048340E-001, 9.62320656981319189E-004
8,231, 3.95599999999999996E+000, 9.54353153705596924E-001, 9.58645599894225597E-004
8,232, 3.96200000000000019E+000, 9.55473661422729492E-001, 9.51697118580341339E-004
8,233, 3.96799999999999997E+000, 9.55789327621459961E-001, 9.59686411079019308E-004
8,234, 3.97400000000000020E+000, 9.55398082733154297E-001, 9.88716259598731995E-004
8,235, 3.97999999999999998E+000, 9.55350458621978760E-001, 1.07690645381808281E-003
8,236, 3.98600000000000021E+000, 9.55411970615386963E-001, 9.35747928451746702E-004
8,237, 3.99199999999999999E+000, 9.55647349357604980E-001, 8.51014803629368544E-004
8,238, 3.99800000000000022E+000, 9.56404983997344971E-001, 8.66936345119029284E-004
8,239, 4.00000000000000000E+000, 9.56764042377471924E-001, 8.84650740772485733E-004
8,240, 4.00399999999999956E+000, 9.57610368728637695E-001, 9.16550576221197844E-004
8,241, 4.00999999999999979E+000, 9.58313107490539551E-001, 9.13478143047541380E-004
8,242, 4.01600000000000001E+000, 9.58631336688995361E-001, 8.90658586286008358E-004
8,243, 4.01999999999999957E+000, 9.58136498928070068E-001, 8.91803414560854435E-004
8,244, 4.02200000000000024E+000, 9.57264184951782227E-001, 8.84968903847038746E-004
8,245, 4.02799999999999958E+000, 9.55412030220031738E-001, 8.54248704854398966E-004
8,246, 4.03000000000000025E+000, 9.54751312732696533E-001, 8.39282642118632793E-004
8,247, 4.03399999999999981E+000, 9.53913390636444092E-001, 7.98973836936056614E-004
8,248, 4.04000000000000004E+000, 9.53375458717346191E-001, 7.88899313192814589E-004
8,249, 4.04600000000000026E+000, 9.52785611152648926E-001, 7.89688085205852985E-004
8,250, 4.04999999999999982E+000, 9.52609717845916748E-001, 7.73199833929538727E-004
8,251, 4.05199999999999960E+000, 9.52628612518310547E-001, 7.61709699872881174E-004
8,252, 4.05799999999999983E+000, 9.51828658580780029E-001, 7.53407715819776058E-004
8,253, 4.06400000000000006E+000, 9.51067864894866943E-001, 7.37508176825940609E-004
8,254, 4.07000000000000028E+000, 9.51205432415008545E-001, 7.22418364603072405E-004
8,255, 4.07599999999999962E+000, 9.51270103454589844E-001, 7.16325419489294291E-004
8,256, 4.08199999999999985E+000, 9.51130092144012451E-001, 7.13299843482673168E-004
8,257, 4.08800000000000008E+000, 9.51019585132598877E-001, 7.10457621607929468E-004
8,258, 4.08999999999999986E+000, 9.50938165187835693E-001, 7.10149819497019053E-004
8,259, 4.09400000000000031E+000, 9.50953900814056396E-001, 7.06339371390640736E-004
8,260, 4.09999999999999964E+000, 9.50891077518463135E-001, 7.01425364241003990E-004
8,261, 4.10500000000000043E+000, 9.50884699821472168E-001, 6.95550057571381330E-004
8,262, 4.10899999999999999E+000, 9.51094329357147217E-001, 6.95724680554121733E-004
8,263, 4.11000000000000032E+000, 9.51192498207092285E-001, 6.98315154295414686E-004
8,264, 4.11300000000000043E+000, 9.51143503189086914E-001, 6.95715192705392838E-004
8,265, 4.11800000000000033E+000, 9.50978457927703857E-001, 6.79461343679577112E-004
8,266, 4.12100000000000044E+000, 9.50786650180816650E-001, 6.69565808493643999E-004
8,267, 4.12500000000000000E+000, 9.50287461280822754E-001, 6.63980899844318628E-004
8,268, 4.12899999999999956E+000, 9.50044393539428711E-001, 6.59024051856249571E-004
8,269, 4.12999999999999989E+000, 9.50026512145996094E-001, 6.56715012155473232E-004
8,270, 4.13300000000000001E+000, 9.50021684169769287E-001, 6.54273026157170534E-004
8,271, 4.13600000000000012E+000, 9.50185954570770264E-001, 6.53497001621872187E-004
8,272, 4.14100000000000001E+000, 9.50644910335540771E-001, 6.50440109893679619E-004
8,273, 4.14700000000000024E+000, 9.50668454170227051E-001, 6.44697342067956924E-004
8,274, 4.15000000000000036E+000, 9.50222969055175781E-001, 6.42230326775461435E-004
8,275, 4.15299999999999958E+000, 9.49698388576507568E-001, 6.38804165646433830E-004
8,276, 4.15899999999999981E+000, 9.49211239814758301E-001, 6.34293188340961933E-004
8,277, 4.16500000000000004E+000, 9.49159562587738037E-001, 6.29326386842876673E-004
8,278, 4.17100000000000026E+000, 9.48956429958343506E-001, 6.27426605205982924E-004
8,279, 4.17699999999999960E+000, 9.48649048805236816E-001, 6.25363783910870552E-004
8,280, 4.17999999999999972E+000, 9.48353767395019531E-001, 6.25926477368921041E-004
8,281, 4.18200000000000038E+000, 9.47828829288482666E-001, 6.25839224085211754E-004
8,282, 4.18499999999999961E+000, 9.47266221046447754E-001, 6.27816189080476761E-004
8,283, 4.19000000000000039E+000, 9.47009742259979248E-001, 6.17786019574850798E-004
8,284, 4.19500000000000028E+000, 9.46763873100280762E-001, 6.11585506703704596E-004
8,285, 4.19899999999999984E+000, 9.46374177932739258E-001, 6.10532471910119057E-004
8,286, 4.20099999999999962E+000, 9.46121811866760254E-001, 6.09909766353666782E-004
8,287, 4.20800000000000018E+000, 9.46281969547271729E-001, 6.06578192673623562E-004
8,288, 4.21199999999999974E+000, 9.46697890758514404E-001, 6.06426270678639412E-004
8,289, 4.21400000000000041E+000, 9.46837127208709717E-001, 6.07162772212177515E-004
8,290, 4.21999999999999975E+000, 9.46566522121429443E-001, 5.99350314587354660E-004
8,291, 4.22599999999999998E+000, 9.46619868278503418E-001, 6.08586007729172707E-004
8,292, 4.23200000000000021E+000, 9.47343051433563232E-001, 6.19335623923689127E-004
8,293, 4.23800000000000043E+000, 9.47575807571411133E-001, 5.94444747548550367E-004
8,294, 4.24000000000000021E+000, 9.47413921356201172E-001, 5.92326454352587461E-004
8,295, 4.24399999999999977E+000, 9.47392165660858154E-001, 5.83916320465505123E-004
8,296, 4.25000000000000000E+000, 9.48254346847534180E-001, 5.86302136071026325E-004
8,297, 4.25600000000000023E+000, 9.49138343334197998E-001, 5.90075098443776369E-004
8,298, 4.26199999999999957E+000, 9.49412941932678223E-001, 5.77767263166606426E-004
8,299, 4.26799999999999979E+000, 9.49531137943267822E-001, 5.73989294935017824E-004
8,300, 4.27400000000000002E+000, 9.49625074863433838E-001, 5.71372918784618378E-004
8,301, 4.28000000000000025E+000, 9.49706375598907471E-001, 5.68213174119591713E-004
8,302, 4.29199999999999982E+000, 9.50193166732788086E-001, 5.62082685064524412E-004
8,303, 4.29999999999999982E+000, 9.50430870056152344E-001, 5.64384565223008394E-004
8,304, 4.30400000000000027E+000, 9.50331747531890869E-001, 5.64476067665964365E-004
8,305, 4.30999999999999961E+000, 9.50341045856475830E-001, 5.63484209123998880E-004
8,306, 4.31599999999999984E+000, 9.50697481632232666E-001, 5.59785985387861729E-004
8,307, 4.32800000000000029E+000, 9.51409161090850830E-001, 5.61991124413907528E-004
8,308, 4.33000000000000007E+000, 9.51503753662109375E-001, 5.63609646633267403E-004
8,309, 4.33999999999999986E+000, 9.51684415340423584E-001, 5.57233637664467096E-004
8,310, 4.34999999999999964E+000, 9.51525986194610596E-001, 5.55372622329741716E-004
8,311, 4.35200000000000031E+000, 9.51462984085083008E-001, 5.55329082999378443E-004
8,312, 4.36399999999999988E+000, 9.51316654682159424E-001, 5.48549927771091461E-004
8,313, 4.37600000000000033E+000, 9.51175391674041748E-001, 5.49197138752788305E-004
8,314, 4.37999999999999989E+000, 9.51127886772155762E-001, 5.51339006051421165E-004
8,315, 4.38199999999999967E+000, 9.51092958450317383E-001, 5.49671065527945757E-004
8,316, 4.38799999999999990E+000, 9.51207995414733887E-001, 5.50521363038569689E-004
8,317, 4.38999999999999968E+000, 9.51407194137573242E-001, 5.54435653612017632E-004
8,318, 4.39400000000000013E+000, 9.51561808586120605E-001, 5.44385460671037436E-004
8,319, 4.40000000000000036E+000, 9.50850367546081543E-001, 5.43578527867794037E-004
8,320, 4.40599999999999969E+000, 9.50248420238494873E-001, 5.43882313650101423E-004
8,321, 4.41000000000000014E+000, 9.50261473655700684E-001, 5.54392987396568060E-004
8,322, 4.41199999999999992E+000, 9.50196206569671631E-001, 5.49033400602638721E-004
8,323, 4.41800000000000015E+000, 9.50158119201660156E-001, 5.47569419723004103E-004
8,324, 4.42400000000000038E+000, 9.50195431709289551E-001, 5.44145179446786642E-004
8,325, 4.42999999999999972E+000, 9.49597001075744629E-001, 5.55446487851440907E-004
8,326, 4.43599999999999994E+000, 9.48739290237426758E-001, 5.72530901990830898E-004
8,327, 4.44000000000000039E+000, 9.48492825031280518E-001, 5.82831387873739004E-004
8,328, 4.44200000000000017E+000, 9.48503911495208740E-001, 5.72509947232902050E-004
8,329, 4.44800000000000040E+000, 9.48393702507019043E-001, 5.70709176827222109E-004
8,330, 4.45000000000000018E+000, 9.48319137096405029E-001, 5.78564067836850882E-004
8,331, 4.45999999999999996E+000, 9.48166608810424805E-001, 5.74123347178101540E-004
8,332, 4.47200000000000042E+000, 9.48007225990295410E-001, 5.79850631766021252E-004
8,333, 4.48399999999999999E+000, 9.48028087615966797E-001, 6.00005208980292082E-004
8,334, 4.49600000000000044E+000, 9.48082625865936279E-001, 6.69016502797603607E-004
8,335, 4.50450000000000017E+000, 9.48102533817291260E-001, 6.28182198852300644E-004
8,336, 4.54000000000000004E+000, 9.48479890823364258E-001, 6.33645395282655954E-004
8,337, 4.54999999999999982E+000, 9.48565900325775146E-001, 6.54525647405534983E-004
8,338, 4.57000000000000028E+000, 9.48332488536834717E-001, 6.10296847298741341E-004
8,339, 4.59999999999999964E+000, 9.48177814483642578E-001, 6.01584441028535366E-004
8,340, 4.62000000000000011E+000, 9.48348760604858398E-001, 5.98834536504000425E-004
8,341, 4.65000000000000036E+000, 9.48408842086791992E-001, 6.31671748124063015E-004
9,1, 4.70999999999999996E+000, 9.48193788528442383E-001, 6.31581642664968967E-004
9,2, 4.11300000000000043E+000, 9.51143503189086914E-001, 6.95715192705392838E-004
9,3, 4.11800000000000033E+000, 9.50978457927703857E-001, 6.79461343679577112E-004
9,4, 4.12100000000000044E+000, 9.50786650180816650E-001, 6.69565808493643999E-004
9,5, 4.12500000000000000E+000, 9.50287461280822754E-001, 6.63980899844318628E-004
9,6, 4.12899999999999956E+000, 9.50044393539428711E-001, 6.59024051856249571E-004
9,7, 4.12999999999999989E+000, 9.50026512145996094E-001, 6.56715012155473232E-004
9,8, 4.13300000000000001E+000, 9.50021684169769287E-001, 6.54273026157170534E-004
9,9, 4.13600000000000012E+000, 9.50185954570770264E-001, 6.53497001621872187E-004
9,10, 4.14100000000000001E+000, 9.50644910335540771E-001, 6.50440109893679619E-004
9,11, 4.14700000000000024E+000, 9.50668454170227051E-001, 6.44697342067956924E-004
9,12, 4.15000000000000036E+000, 9.50222969055175781E-001, 6.42230326775461435E-004
9,13, 4.15299999999999958E+000, 9.49698388576507568E-001, 6.38804165646433830E-004
9,14, 4.15899999999999981E+000, 9.49211239814758301E-001, 6.34293188340961933E-004
9,15, 4.16500000000000004E+000, 9.49159562587738037E-001, 6.29326386842876673E-004
9,16, 4.17100000000000026E+000, 9.48956429958343506E-001, 6.27426605205982924E-004
9,17, 4.17699999999999960E+000, 9.48649048805236816E-001, 6.25363783910870552E-004
9,18, 4.17999999999999972E+000, 9.48353767395019531E-001, 6.25926477368921041E-004
9,19, 4.18200000000000038E+000, 9.47828829288482666E-001, 6.25839224085211754E-004
9,20, 4.18499999999999961E+000, 9.47266221046447754E-001, 6.27816189080476761E-004
9,21, 4.19000000000000039E+000, 9.47009742259979248E-001, 6.17786019574850798E-004
9,22, 4.19500000000000028E+000, 9.46763873100280762E-001, 6.11585506703704596E-004
9,23, 4.19899999999999984E+000, 9.46374177932739258E-001, 6.10532471910119057E-004
9,24, 4.20099999999999962E+000, 9.46121811866760254E-001, 6.09909766353666782E-004
9,25, 4.20800000000000018E+000, 9.46281969547271729E-001, 6.06578192673623562E-004
9,26, 4.21199999999999974E+000, 9.46697890758514404E-001, 6.06426270678639412E-004
9,27, 4.21400000000000041E+000, 9.46837127208709717E-001, 6.07162772212177515E-004
9,28, 4.21999999999999975E+000, 9.46566522121429443E-001, 5.99350314587354660E-004
9,29, 4.22599999999999998E+000, 9.46619868278503418E-001, 6.08586007729172707E-004
9,30, 4.23200000000000021E+000, 9.47343051433563232E-001, 6.19335623923689127E-004
9,31, 4.23800000000000043E+000, 9.47575807571411133E-001, 5.94444747548550367E-004
9,32, 4.24000000000000021E+000, 9.47413921356201172E-001, 5.92326454352587461E-004
9,33, 4.24399999999999977E+000, 9.47392165660858154E-001, 5.83916320465505123E-004
9,34, 4.25000000000000000E+000, 9.48254346847534180E-001, 5.86302136071026325E-004
9,35, 4.25600000000000023E+000, 9.49138343334197998E-001, 5.90075098443776369E-004
9,36, 4.26199999999999957E+000, 9.49412941932678223E-001, 5.77767263166606426E-004
9,37, 4.26799999999999979E+000, 9.49531137943267822E-001, 5.73989294935017824E-004
9,38, 4.27400000000000002E+000, 9.49625074863433838E-001, 5.71372918784618378E-004
9,39, 4.28000000000000025E+000, 9.49706375598907471E-001, 5.68213174119591713E-004
9,40, 4.29199999999999982E+000, 9.50193166732788086E-001, 5.62082685064524412E-004
9,41, 4.29999999999999982E+000, 9.50430870056152344E-001, 5.64384565223008394E-004
9,42, 4.30400000000000027E+000, 9.50331747531890869E-001, 5.64476067665964365E-004
9,43, 4.30999999999999961E+000, 9.50341045856475830E-001, 5.63484209123998880E-004
9,44, 4.31599999999999984E+000, 9.50697481632232666E-001, 5.59785985387861729E-004
9,45, 4.32800000000000029E+000, 9.51409161090850830E-001, 5.61991124413907528E-004
9,46, 4.33000000000000007E+000, 9.51503753662109375E-001, 5.63609646633267403E-004
9,47, 4.33999999999999986E+000, 9.51684415340423584E-001, 5.57233637664467096E-004
9,48, 4.34999999999999964E+000, 9.51525986194610596E-001, 5.55372622329741716E-004
9,49, 4.35200000000000031E+000, 9.51462984085083008E-001, 5.55329082999378443E-004
9,50, 4.36399999999999988E+000, 9.51316654682159424E-001, 5.48549927771091461E-004
9,51, 4.37600000000000033E+000, 9.51175391674041748E-001, 5.49197138752788305E-004
9,52, 4.37999999999999989E+000, 9.51127886772155762E-001, 5.51339006051421165E-004
9,53, 4.38199999999999967E+000, 9.51092958450317383E-001, 5.49671065527945757E-004
9,54, 4.38799999999999990E+000, 9.51207995414733887E-001, 5.50521363038569689E-004
9,55, 4.38999999999999968E+000, 9.51407194137573242E-001, 5.54435653612017632E-004
9,56, 4.39400000000000013E+000, 9.51561808586120605E-001, 5.44385460671037436E-004
9,57, 4.40000000000000036E+000, 9.50850367546081543E-001, 5.43578527867794037E-004
9,58, 4.40599999999999969E+000, 9.50248420238494873E-001, 5.43882313650101423E-004
9,59, 4.41000000000000014E+000, 9.50261473655700684E-001, 5.54392987396568060E-004
9,60, 4.41199999999999992E+000, 9.50196206569671631E-001, 5.49033400602638721E-004
9,61, 4.41800000000000015E+000, 9.50158119201660156E-001, 5.47569419723004103E-004
9,62, 4.42400000000000038E+000, 9.50195431709289551E-001, 5.44145179446786642E-004
9,63, 4.42999999999999972E+000, 9.49597001075744629E-001, 5.55446487851440907E-004
9,64, 4.43599999999999994E+000, 9.48739290237426758E-001, 5.72530901990830898E-004
9,65, 4.44000000000000039E+000, 9.48492825031280518E-001, 5.82831387873739004E-004
9,66, 4.44200000000000017E+000, 9.48503911495208740E-001, 5.72509947232902050E-004
9,67, 4.44800000000000040E+000, 9.48393702507019043E-001, 5.70709176827222109E-004
9,68, 4.45000000000000018E+000, 9.48319137096405029E-001, 5.78564067836850882E-004
9,69, 4.45999999999999996E+000, 9.48166608810424805E-001, 5.74123347178101540E-004
9,70, 4.47200000000000042E+000, 9.48007225990295410E-001, 5.79850631766021252E-004
9,71, 4.48399999999999999E+000, 9.48028087615966797E-001, 6.00005208980292082E-004
9,72, 4.49600000000000044E+000, 9.48082625865936279E-001, 6.69016502797603607E-004
9,73, 4.50450000000000017E+000, 9.48102533817291260E-001, 6.28182198852300644E-004
9,74, 4.54000000000000004E+000, 9.48479890823364258E-001, 6.33645395282655954E-004
9,75, 4.54999999999999982E+000, 9.48565900325775146E-001, 6.54525647405534983E-004
9,76, 4.57000000000000028E+000, 9.48332488536834717E-001, 6.10296847298741341E-004
9,77, 4.59999999999999964E+000, 9.48177814483642578E-001, 6.01584441028535366E-004
9,78, 4.62000000000000011E+000, 9.48348760604858398E-001, 5.98834536504000425E-004
9,79, 4.65000000000000036E+000, 9.48408842086791992E-001, 6.31671748124063015E-004
9,80, 4.66000000000000014E+000, 9.48399186134338379E-001, 6.36078824754804373E-004
9,81, 4.70000000000000018E+000, 9.48284685611724854E-001, 6.99239724781364202E-004
10,1, 9.46056075000000085E+000, 9.30468916893005371E-001, 2.72065721219405532E-004
10,2, 9.42399999999999949E+000, 9.46436583995819092E-001, 1.20413443073630333E-003
10,3, 9.42800000000000082E+000, 9.48114335536956787E-001, 1.32715795189142227E-003
10,4, 9.42999999999999972E+000, 9.49121654033660889E-001, 1.40160857699811459E-003
10,5, 9.43200000000000038E+000, 9.50273156166076660E-001, 1.48713693488389254E-003
10,6, 9.43399999999999928E+000, 9.51602101325988770E-001, 1.58627517521381378E-003
10,7, 9.43599999999999994E+000, 9.53152596950531006E-001, 1.70238059945404530E-003
10,8, 9.43800000000000061E+000, 9.54984664916992188E-001, 1.84000213630497456E-003
10,9, 9.43999999999999950E+000, 9.57182288169860840E-001, 2.00545834377408028E-003
10,10, 9.44100000000000072E+000, 9.58454012870788574E-001, 2.10130633786320686E-003
10,11, 9.44200000000000017E+000, 9.59866404533386230E-001, 2.20779259689152241E-003
10,12, 9.44299999999999962E+000, 9.61444020271301270E-001, 2.32674134895205498E-003
10,13, 9.44400000000000084E+000, 9.63217616081237793E-001, 2.46041547507047653E-003
10,14, 9.44500000000000028E+000, 9.65225994586944580E-001, 2.61166109703481197E-003
10,15, 9.44599999999999973E+000, 9.67518866062164307E-001, 2.78410525061190128E-003
10,16, 9.44699999999999918E+000, 9.70161020755767822E-001, 2.98244412988424301E-003
10,17, 9.44800000000000040E+000, 9.73238706588745117E-001, 3.21286986581981182E-003
10,18, 9.44899999999999984E+000, 9.76868867874145508E-001, 3.48371569998562336E-003
10,19, 9.44937000000000005E+000, 9.78382825851440430E-001, 3.59634403139352798E-003
10,20, 9.44959000000000060E+000, 9.79333281517028809E-001, 3.66695201955735683E-003
10,21, 9.44980999999999938E+000, 9.80324208736419678E-001, 3.74047947116196156E-003
10,22, 9.45002999999999993E+000, 9.81358230113983154E-001, 3.81710939109325409E-003
10,23, 9.45025000000000048E+000, 9.82438147068023682E-001, 3.89703968539834023E-003
10,24, 9.45046999999999926E+000, 9.83567178249359131E-001, 3.98048711940646172E-003
10,25, 9.45068999999999981E+000, 9.84748661518096924E-001, 4.06768638640642166E-003
10,26, 9.45091000000000037E+000, 9.85986411571502686E-001, 4.15889406576752663E-003
10,27, 9.45112999999999914E+000, 9.87284481525421143E-001, 4.25439095124602318E-003
10,28, 9.45134999999999970E+000, 9.88647341728210449E-001, 4.35448391363024712E-003
10,29, 9.45157000000000025E+000, 9.90080058574676514E-001, 4.45951148867607117E-003
10,30, 9.45179000000000080E+000, 9.91588115692138672E-001, 4.56984341144561768E-003
10,31, 9.45200999999999958E+000, 9.93177533149719238E-001, 4.68588992953300476E-003
10,32, 9.45223000000000013E+000, 9.94855165481567383E-001, 4.80810320004820824E-003
10,33, 9.45245000000000068E+000, 9.96628463268280029E-001, 4.93698567152023315E-003
10,34, 9.45266999999999946E+000, 9.98505890369415283E-001, 5.07309427484869957E-003
10,35, 9.45289000000000001E+000, 1.00049686431884766E+000, 5.21705113351345062E-003
10,36, 9.45311000000000057E+000, 1.00261199474334717E+000, 5.36955054849386215E-003
10,37, 9.45332999999999934E+000, 1.00486326217651367E+000, 5.53137250244617462E-003
10,38, 9.45354999999999990E+000, 1.00726425647735596E+000, 5.70339383557438850E-003
10,39, 9.45377000000000045E+000, 1.00983035564422607E+000, 5.88660594075918198E-003
10,40, 9.45398999999999923E+000, 1.01257920265197754E+000, 6.08213152736425400E-003
10,41, 9.45420999999999978E+000, 1.01553094387054443E+000, 6.29125023260712624E-003
10,42, 9.45443000000000033E+000, 1.01870894432067871E+000, 6.51542376726865768E-003
10,43, 9.45465000000000089E+000, 1.02214026451110840E+000, 6.75633270293474197E-003
10,44, 9.45486999999999966E+000, 1.02585637569427490E+000, 7.01591605320572853E-003
10,45, 9.45509000000000022E+000, 1.02989399433135986E+000, 7.29642575606703758E-003
10,46, 9.45531000000000077E+000, 1.03429710865020752E+000, 7.60048953816294670E-003
10,47, 9.45552999999999955E+000, 1.03911721706390381E+000, 7.93119519948959351E-003
10,48, 9.45575000000000010E+000, 1.04441666603088379E+000, 8.29219352453947067E-003
10,49, 9.45597000000000065E+000, 1.05027055740356445E+000, 8.68783611804246902E-003
10,50, 9.45618999999999943E+000, 1.05677044391632080E+000, 9.12334956228733063E-003
10,51, 9.45640999999999998E+000, 1.06402957439422607E+000, 9.60506405681371689E-003
10,52, 9.45663000000000054E+000, 1.07218873500823975E+000, 1.01407300680875778E-002
10,53, 9.45684999999999931E+000, 1.08142638206481934E+000, 1.07399281114339828E-002
10,54, 9.45706999999999987E+000, 1.09197068214416504E+000, 1.14146573469042778E-002
10,55, 9.45729000000000042E+000, 1.10411965847015381E+000, 1.21801318600773811E-002
10,56, 9.45750999999999920E+000, 1.11826896667480469E+000, 1.30559513345360756E-002
10,57, 9.45772999999999975E+000, 1.13495552539825439E+000, 1.40677960589528084E-002
10,58, 9.45795000000000030E+000, 1.15492689609527588E+000, 1.52499824762344360E-002
10,59, 9.45817000000000085E+000, 1.17925560474395752E+000, 1.66494324803352356E-002
10,60, 9.45838999999999963E+000, 1.20953583717346191E+000, 1.83320250362157822E-002
10,61, 9.45861000000000018E+000, 1.24824440479278564E+000, 2.03932821750640869E-002
10,62, 9.45883000000000074E+000, 1.29944455623626709E+000, 2.29771099984645844E-002
10,63, 9.45904999999999951E+000, 1.37029051780700684E+000, 2.63108760118484497E-002
10,64, 9.45927000000000007E+000, 1.47462320327758789E+000, 3.07761523872613907E-002
10,65, 9.45949000000000062E+000, 1.64303290843963623E+000, 3.70660312473773956E-002
10,66, 9.45970999999999940E+000, 1.95840156078338623E+000, 4.65841628611087799E-002
10,67, 9.45992999999999995E+000, 2.74204897880554199E+000, 6.26678168773651123E-002
10,68, 9.46000000000000085E+000, 3.29600524902343750E+000, 7.03969821333885193E-002
10,69, 9.46014594999999936E+000, 6.75581979751586914E+000, 9.47588309645652771E-002
10,70, 9.46019268000000046E+000, 1.06999702453613281E+001, 1.06586091220378876E-001
10,71, 9.46021366000000086E+000, 1.43172855377197266E+001, 1.12931556999683380E-001
10,72, 9.46022606000000010E+000, 1.76670055389404297E+001, 1.17061294615268707E-001
10,73, 9.46023463999999947E+000, 2.08744335174560547E+001, 1.20107233524322510E-001
10,74, 9.46024131999999973E+000, 2.41127681732177734E+001, 1.22595511376857758E-001
10,75, 9.46024704000000050E+000, 2.75912017822265625E+001, 1.24813169240951538E-001
10,76, 9.46025084999999955E+000, 3.03719272613525391E+001, 1.26337021589279175E-001
10,77, 9.46025466999999942E+000, 3.36190719604492188E+001, 1.27903625369071960E-001
10,78, 9.46025848000000025E+000, 3.74058723449707031E+001, 1.29505544900894165E-001
10,79, 9.46026039000000019E+000, 3.95424919128417969E+001, 1.30323559045791626E-001
10,80, 9.46026325000000057E+000, 4.30790443420410156E+001, 1.31567016243934631E-001
10,81, 9.46026516000000051E+000, 4.56875724792480469E+001, 1.32409691810607910E-001
10,82, 9.46026802000000089E+000, 4.99990882873535156E+001, 1.33689314126968384E-001
10,83, 9.46026896999999956E+000, 5.15454444885253906E+001, 1.34118944406509399E-001
10,84, 9.46027087999999949E+000, 5.48350906372070312E+001, 1.34989276528358459E-001
10,85, 9.46027278999999943E+000, 5.83720703125000000E+001, 1.35867878794670105E-001
10,86, 9.46027469999999937E+000, 6.21584129333496094E+001, 1.36754035949707031E-001
10,87, 9.46027564999999981E+000, 6.41329421997070312E+001, 1.37197345495223999E-001
10,88, 9.46027660000000026E+000, 6.61659545898437500E+001, 1.37642189860343933E-001
10,89, 9.46027851000000020E+000, 7.04186401367187500E+001, 1.38540595769882202E-001
10,90, 9.46027946000000064E+000, 7.26076431274414062E+001, 1.38989165425300598E-001
10,91, 9.46028042000000013E+000, 7.48617630004882812E+001, 1.39443397521972656E-001
10,92, 9.46028233000000007E+000, 7.94405899047851562E+001, 1.40349224209785461E-001
10,93, 9.46028328000000052E+000, 8.17449111938476562E+001, 1.40800461173057556E-001
10,94, 9.46028422999999918E+000, 8.40511550903320312E+001, 1.41251906752586365E-001
10,95, 9.46028519000000045E+000, 8.63690948486328125E+001, 1.41708150506019592E-001
10,96, 9.46028708999999957E+000, 9.08526916503906250E+001, 1.42610624432563782E-001
10,97, 9.46028805000000084E+000, 9.30270996093750000E+001, 1.43066063523292542E-001
10,98, 9.46028899999999950E+000, 9.50905761718750000E+001, 1.43516257405281067E-001
10,99, 9.46029090999999944E+000, 9.88805694580078125E+001, 1.44419521093368530E-001
10,100, 9.46029185999999989E+000, 1.00539161682128906E+002, 1.44867852330207825E-001
10,101, 9.46029376999999982E+000, 1.03297035217285156E+002, 1.45767495036125183E-001
10,102, 9.46029567999999976E+000, 1.05133941650390625E+002, 1.46665751934051514E-001
10,103, 9.46030045000000008E+000, 1.04866409301757812E+002, 1.49282276630401611E-001
10,104, 9.46030425999999913E+000, 9.95148010253906250E+001, 1.48567646741867065E-001
10,105, 9.46030617000000085E+000, 9.53860092163085938E+001, 1.44585847854614258E-001
10,106, 9.46030806999999996E+000, 9.05702514648437500E+001, 1.38505831360816956E-001
10,107, 9.46030997999999990E+000, 8.52332763671875000E+001, 1.30574464797973633E-001
10,108, 9.46031093999999939E+000, 8.24305114746093750E+001, 1.26009061932563782E-001
10,109, 9.46031188999999983E+000, 7.96109924316406250E+001, 1.21169902384281158E-001
10,110, 9.46031284000000028E+000, 7.67683410644531250E+001, 1.16055473685264587E-001
10,111, 9.46031475000000022E+000, 7.10636062622070312E+001, 1.05112150311470032E-001
10,112, 9.46031570000000066E+000, 6.82657318115234375E+001, 9.94214415550231934E-002
10,113, 9.46031666000000016E+000, 6.54844741821289062E+001, 9.35542434453964233E-002
10,114, 9.46031761000000060E+000, 6.27893218994140625E+001, 8.76667723059654236E-002
10,115, 9.46031952000000054E+000, 5.75787467956542969E+001, 7.57063031196594238E-002
10,116, 9.46032046999999920E+000, 5.51038627624511719E+001, 6.97486177086830139E-002
10,117, 9.46032143000000048E+000, 5.26879234313964844E+001, 6.37529790401458740E-002
10,118, 9.46032332999999959E+000, 4.81683731079101562E+001, 5.20337074995040894E-002
10,119, 9.46032429000000086E+000, 4.60194549560546875E+001, 4.62175570428371429E-002
10,120, 9.46032618999999997E+000, 4.20318450927734375E+001, 3.49733643233776093E-002
10,121, 9.46032714999999946E+000, 4.01486854553222656E+001, 2.94446274638175964E-002
10,122, 9.46032905999999940E+000, 3.66549491882324219E+001, 1.87803432345390320E-002
10,123, 9.46033096000000029E+000, 3.34968032836914062E+001, 8.63952748477458954E-003
10,124, 9.46033287000000023E+000, 3.06182365417480469E+001, 1.07078382279723883E-003
10,125, 9.46033478000000017E+000, 2.80125370025634766E+001, 1.02960215881466866E-002
10,126, 9.46033669000000010E+000, 2.56555404663085938E+001, 1.90462395548820496E-002
10,127, 9.46033955000000049E+000, 2.25407810211181641E+001, 3.12989093363285065E-002
10,128, 9.46034144999999960E+000, 2.07152328491210938E+001, 3.89076881110668182E-002
10,129, 9.46034526999999947E+000, 1.75472068786621094E+001, 5.30351214110851288E-002
10,130, 9.46034908000000030E+000, 1.49463396072387695E+001, 6.57409429550170898E-002
10,131, 9.46035290000000018E+000, 1.27893762588500977E+001, 7.72915557026863098E-002
10,132, 9.46035861999999916E+000, 1.02173137664794922E+001, 9.27536115050315857E-002
10,133, 9.46036529999999942E+000, 7.95730638504028320E+000, 1.08636714518070221E-001
10,134, 9.46037388000000057E+000, 5.86925983428955078E+000, 1.26582756638526917E-001
10,135, 9.46038627999999981E+000, 3.88352179527282715E+000, 1.49488851428031921E-001
10,136, 9.46040726000000021E+000, 2.03092169761657715E+000, 1.84934914112091064E-001
10,137, 9.46045493999999998E+000, 5.09519398212432861E-001, 2.74776548147201538E-001
10,138, 9.46058999999999983E+000, 1.87307372689247131E-002, 7.01240003108978271E-001
10,139, 9.46081000000000039E+000, 2.17636972665786743E-001, 1.61560729146003723E-001
10,140, 9.46102999999999916E+000, 3.78994464874267578E-001, 8.56503620743751526E-002
10,141, 9.46124999999999972E+000, 4.84906345605850220E-001, 5.82053959369659424E-002
10,142, 9.46147000000000027E+000, 5.57797789573669434E-001, 4.40736114978790283E-002
10,143, 9.46169000000000082E+000, 6.10619604587554932E-001, 3.54625955224037170E-002
10,144, 9.46190999999999960E+000, 6.50533199310302734E-001, 2.96668037772178650E-002
10,145, 9.46213000000000015E+000, 6.81708037853240967E-001, 2.54999827593564987E-002
10,146, 9.46235000000000070E+000, 7.06710100173950195E-001, 2.23601758480072021E-002
10,147, 9.46256999999999948E+000, 7.27197587490081787E-001, 1.99094582349061966E-002
10,148, 9.46279000000000003E+000, 7.44286656379699707E-001, 1.79434865713119507E-002
10,149, 9.46301000000000059E+000, 7.58755028247833252E-001, 1.63314435631036758E-002
10,150, 9.46322999999999936E+000, 7.71160781383514404E-001, 1.49856889620423317E-002
10,151, 9.46344999999999992E+000, 7.81914412975311279E-001, 1.38453152030706406E-002
10,152, 9.46367000000000047E+000, 7.91324615478515625E-001, 1.28666711971163750E-002
10,153, 9.46388999999999925E+000, 7.99627721309661865E-001, 1.20176570490002632E-002
10,154, 9.46410999999999980E+000, 8.07007908821105957E-001, 1.12741384655237198E-002
10,155, 9.46433000000000035E+000, 8.13610672950744629E-001, 1.06176268309354782E-002
10,156, 9.46454999999999913E+000, 8.19552481174468994E-001, 1.00337089970707893E-002
10,157, 9.46476999999999968E+000, 8.24927568435668945E-001, 9.51099488884210587E-003
10,158, 9.46499000000000024E+000, 8.29813241958618164E-001, 9.04035288840532303E-003
10,159, 9.46521000000000079E+000, 8.34273338317871094E-001, 8.61438643187284470E-003
10,160, 9.46542999999999957E+000, 8.38361024856567383E-001, 8.22703540325164795E-003
10,161, 9.46565000000000012E+000, 8.42120945453643799E-001, 7.87328649312257767E-003
10,162, 9.46587000000000067E+000, 8.45590949058532715E-001, 7.54896039143204689E-003
10,163, 9.46608999999999945E+000, 8.48803222179412842E-001, 7.25054275244474411E-003
10,164, 9.46631000000000000E+000, 8.51785480976104736E-001, 6.97505660355091095E-003
10,165, 9.46653000000000056E+000, 8.54561388492584229E-001, 6.71996502205729485E-003
10,166, 9.46674999999999933E+000, 8.57151687145233154E-001, 6.48309290409088135E-003
10,167, 9.46696999999999989E+000, 8.59574317932128906E-001, 6.26256177201867104E-003
10,168, 9.46719000000000044E+000, 8.61844956874847412E-001, 6.05674460530281067E-003
10,169, 9.46740999999999921E+000, 8.63977491855621338E-001, 5.86422253400087357E-003
10,170, 9.46762999999999977E+000, 8.65984022617340088E-001, 5.68375410512089729E-003
10,171, 9.46785000000000032E+000, 8.67875456809997559E-001, 5.51424687728285789E-003
10,172, 9.46807000000000087E+000, 8.69661331176757812E-001, 5.35473786294460297E-003
10,173, 9.46828999999999965E+000, 8.71350169181823730E-001, 5.20437257364392281E-003
10,174, 9.46851000000000020E+000, 8.72949719429016113E-001, 5.06239198148250580E-003
10,175, 9.46873000000000076E+000, 8.74466776847839355E-001, 4.92811808362603188E-003
10,176, 9.46894999999999953E+000, 8.75907599925994873E-001, 4.80094505473971367E-003
10,177, 9.46917000000000009E+000, 8.77277672290802002E-001, 4.68032760545611382E-003
10,178, 9.46939000000000064E+000, 8.78582119941711426E-001, 4.56577632576227188E-003
10,179, 9.46960999999999942E+000, 8.79825472831726074E-001, 4.45684883743524551E-003
10,180, 9.46982999999999997E+000, 8.81011903285980225E-001, 4.35314327478408813E-003
10,181, 9.47005000000000052E+000, 8.82145226001739502E-001, 4.25429875031113625E-003
10,182, 9.47026999999999930E+000, 8.83228898048400879E-001, 4.15998371317982674E-003
10,183, 9.47048999999999985E+000, 8.84266018867492676E-001, 4.06989688053727150E-003
10,184, 9.47071000000000041E+000, 8.85259628295898438E-001, 3.98376397788524628E-003
10,185, 9.47092999999999918E+000, 8.86212229728698730E-001, 3.90133284963667393E-003
10,186, 9.47114999999999974E+000, 8.87126386165618896E-001, 3.82237322628498077E-003
10,187, 9.47137000000000029E+000, 8.88004362583160400E-001, 3.74667346477508545E-003
10,188, 9.47336999999999918E+000, 8.94630074501037598E-001, 3.17953876219689846E-003
10,189, 9.47499999999999964E+000, 8.98690044879913330E-001, 2.83566885627806187E-003
10,190, 9.47700000000000031E+000, 9.02572751045227051E-001, 2.50930758193135262E-003
10,191, 9.48000000000000043E+000, 9.06872630119323730E-001, 2.15010624378919601E-003
10,192, 9.48399999999999999E+000, 9.10792589187622070E-001, 1.82172446511685848E-003
10,193, 9.49000000000000021E+000, 9.14246439933776855E-001, 1.51206273585557938E-003
10,194, 9.49499999999999922E+000, 9.15091156959533691E-001, 1.35409482754766941E-003
10,195, 9.50500000000000078E+000, 9.18250620365142822E-001, 1.14190869498997927E-003
10,196, 9.50999999999999979E+000, 9.23019707202911377E-001, 1.06849207077175379E-003
10,197, 9.51500000000000057E+000, 9.26072478294372559E-001, 1.01171003188937902E-003
10,198, 9.51999999999999957E+000, 9.26210463047027588E-001, 9.46243118960410357E-004
10,199, 9.52500000000000036E+000, 9.26511049270629883E-001, 8.94250988494604826E-004
10,200, 9.52999999999999936E+000, 9.26844477653503418E-001, 8.52470751851797104E-004
10,201, 9.53999999999999915E+000, 9.27478551864624023E-001, 7.89242796599864960E-004
10,202, 9.55000000000000071E+000, 9.28022384643554688E-001, 7.40528688766062260E-004
11,1, 1.00234990199999991E+001, 9.29347515106201172E-001, 2.75568338111042976E-004
11,2, 1.00000000000000000E+001, 9.41260278224945068E-001, 2.37677525728940964E-003
11,3, 1.00099999999999998E+001, 9.48627352714538574E-001, 4.10008896142244339E-003
11,4, 1.00109999999999992E+001, 9.50027287006378174E-001, 4.42727375775575638E-003
11,5, 1.00120000000000005E+001, 9.51677083969116211E-001, 4.81233280152082443E-003
11,6, 1.00122599999999995E+001, 9.52155411243438721E-001, 4.92385355755686760E-003
11,7, 1.00128100000000000E+001, 9.53246057033538818E-001, 5.17792673781514168E-003
11,8, 1.00133600000000005E+001, 9.54458594322204590E-001, 5.46001410111784935E-003
11,9, 1.00139099999999992E+001, 9.55814599990844727E-001, 5.77499438077211380E-003
11,10, 1.00144599999999997E+001, 9.57341194152832031E-001, 6.12894911319017410E-003
11,11, 1.00150100000000002E+001, 9.59072768688201904E-001, 6.52956264093518257E-003
11,12, 1.00155600000000007E+001, 9.61053431034088135E-001, 6.98667671531438828E-003
11,13, 1.00161099999999994E+001, 9.63341355323791504E-001, 7.51311378553509712E-003
11,14, 1.00166599999999999E+001, 9.66013848781585693E-001, 8.12589190900325775E-003
11,15, 1.00172100000000004E+001, 9.69176888465881348E-001, 8.84809903800487518E-003
11,16, 1.00177600000000009E+001, 9.72979247570037842E-001, 9.71185695379972458E-003
11,17, 1.00183099999999996E+001, 9.77636575698852539E-001, 1.07632242143154144E-002
11,18, 1.00188600000000001E+001, 9.83473658561706543E-001, 1.20706735178828239E-002
11,19, 1.00194100000000006E+001, 9.91003751754760742E-001, 1.37406159192323685E-002
11,20, 1.00199599999999993E+001, 1.00108838081359863E+000, 1.59478932619094849E-002
11,21, 1.00205099999999998E+001, 1.01529228687286377E+000, 1.90013181418180466E-002
11,22, 1.00210600000000003E+001, 1.03678536415100098E+000, 2.35024467110633850E-002
11,23, 1.00216100000000008E+001, 1.07310581207275391E+000, 3.08000408113002777E-002
11,24, 1.00221599999999995E+001, 1.14761400222778320E+000, 4.46724481880664825E-002
11,25, 1.00225000000000009E+001, 1.25150895118713379E+000, 6.19087181985378265E-002
11,26, 1.00225375000000003E+001, 1.26939153671264648E+000, 6.46600648760795593E-002
11,27, 1.00225749999999998E+001, 1.28937828540802002E+000, 6.76672235131263733E-002
11,28, 1.00226124999999993E+001, 1.31186175346374512E+000, 7.09675848484039307E-002
11,29, 1.00226500000000005E+001, 1.33733737468719482E+000, 7.46062099933624268E-002
11,30, 1.00226875000000000E+001, 1.36644053459167480E+000, 7.86378756165504456E-002
11,31, 1.00227249999999994E+001, 1.39999854564666748E+000, 8.31298530101776123E-002
11,32, 1.00227625000000007E+001, 1.43910896778106689E+000, 8.81656855344772339E-002
11,33, 1.00228000000000002E+001, 1.48525834083557129E+000, 9.38504189252853394E-002
11,34, 1.00228374999999996E+001, 1.54051029682159424E+000, 1.00317977368831635E-001
11,35, 1.00228750000000009E+001, 1.60781168937683105E+000, 1.07741862535476685E-001
11,36, 1.00229125000000003E+001, 1.69151639938354492E+000, 1.16350807249546051E-001
11,37, 1.00229499999999998E+001, 1.79832386970520020E+000, 1.26452803611755371E-001
11,38, 1.00229874999999993E+001, 1.93907701969146729E+000, 1.38472527265548706E-001
11,39, 1.00230250000000005E+001, 2.13247108459472656E+000, 1.53012290596961975E-001
11,40, 1.00230625000000000E+001, 2.41351222991943359E+000, 1.70955911278724670E-001
11,41, 1.00230999999999995E+001, 2.85548806190490723E+000, 1.93654999136924744E-001
11,42, 1.00231375000000007E+001, 3.63843750953674316E+000, 2.23287373781204224E-001
11,43, 1.00231750000000002E+001, 5.32990455627441406E+000, 2.63614684343338013E-001
11,44, 1.00232124999999996E+001, 1.07251672744750977E+001, 3.21848243474960327E-001
11,45, 1.00232200000000002E+001, 1.33198938369750977E+001, 3.36793839931488037E-001
11,46, 1.00232250000000001E+001, 1.57473745346069336E+001, 3.47579956054687500E-001
11,47, 1.00232299999999999E+001, 1.90295944213867188E+001, 3.59104812145233154E-001
11,48, 1.00232340000000004E+001, 2.25364017486572266E+001, 3.68904978036880493E-001
11,49, 1.00232370000000000E+001, 2.58633670806884766E+001, 3.76614600419998169E-001
11,50, 1.00232399999999995E+001, 2.99479312896728516E+001, 3.84640216827392578E-001
11,51, 1.00232419999999998E+001, 3.31644706726074219E+001, 3.90164256095886230E-001
11,52, 1.00232440000000000E+001, 3.68137016296386719E+001, 3.95820409059524536E-001
11,53, 1.00232460000000003E+001, 4.08983955383300781E+001, 4.01596903800964355E-001
11,54, 1.00232480000000006E+001, 4.53667068481445312E+001, 4.07475382089614868E-001
11,55, 1.00232492999999998E+001, 4.76217994689941406E+001, 4.11520987749099731E-001
11,56, 1.00232495000000004E+001, 4.83094711303710938E+001, 4.12075847387313843E-001
11,57, 1.00232495999999998E+001, 4.86573143005371094E+001, 4.12350594997406006E-001
11,58, 1.00232498000000003E+001, 4.93608322143554688E+001, 4.12894487380981445E-001
11,59, 1.00232498799999998E+001, 4.96451110839843750E+001, 4.13109898567199707E-001
11,60, 1.00232499399999995E+001, 4.98593788146972656E+001, 4.13270652294158936E-001
11,61, 1.00232500000000009E+001, 5.00745429992675781E+001, 4.13430720567703247E-001
11,62, 1.00232506000000008E+001, 5.14960403442382812E+001, 4.15227919816970825E-001
11,63, 1.00232515000000006E+001, 5.36006774902343750E+001, 4.17929857969284058E-001
11,64, 1.00232524999999999E+001, 5.58550224304199219E+001, 4.20937776565551758E-001
11,65, 1.00232533999999998E+001, 5.77556381225585938E+001, 4.23647552728652954E-001
11,66, 1.00232544000000008E+001, 5.96570320129394531E+001, 4.26659137010574341E-001
11,67, 1.00232554000000000E+001, 6.12607498168945312E+001, 4.29670423269271851E-001
11,68, 1.00232562999999999E+001, 6.23843841552734375E+001, 4.32380527257919312E-001
11,69, 1.00232568000000004E+001, 6.19226188659667969E+001, 4.35075759887695312E-001
11,70, 1.00232572999999991E+001, 6.32108535766601562E+001, 4.35393750667572021E-001
11,71, 1.00232577999999997E+001, 6.23361244201660156E+001, 4.38793450593948364E-001
11,72, 1.00232585000000007E+001, 6.35364379882812500E+001, 4.39018160104751587E-001
11,73, 1.00232589999999995E+001, 6.28500137329101562E+001, 4.42003667354583740E-001
11,74, 1.00232595000000000E+001, 6.32091941833496094E+001, 4.42053049802780151E-001
11,75, 1.00232597999999999E+001, 6.24299774169921875E+001, 4.47547554969787598E-001
11,76, 1.00232598999999993E+001, 6.24443397521972656E+001, 4.47548270225524902E-001
11,77, 1.00232600000000005E+001, 6.24490470886230469E+001, 4.47548508644104004E-001
11,78, 1.00232600999999999E+001, 6.24440841674804688E+001, 4.47548270225524902E-001
11,79, 1.00232604999999992E+001, 6.23277664184570312E+001, 4.47542399168014526E-001
11,80, 1.00232609999999998E+001, 6.15060462951660156E+001, 4.51073586940765381E-001
11,81, 1.00232615000000003E+001, 6.09127159118652344E+001, 4.51077312231063843E-001
11,82, 1.00232638999999999E+001, 5.56694488525390625E+001, 4.36328262090682983E-001
11,83, 1.00232648999999991E+001, 5.29133644104003906E+001, 4.21438962221145630E-001
11,84, 1.00232668000000000E+001, 4.71894607543945312E+001, 3.81907552480697632E-001
11,85, 1.00232676999999999E+001, 4.43900985717773438E+001, 3.59172761440277100E-001
11,86, 1.00232686999999991E+001, 4.12993659973144531E+001, 3.31742763519287109E-001
11,87, 1.00232697000000002E+001, 3.82828712463378906E+001, 3.02666932344436646E-001
11,88, 1.00232706000000000E+001, 3.56664619445800781E+001, 2.75582194328308105E-001
11,89, 1.00232715999999993E+001, 3.28961524963378906E+001, 2.44942575693130493E-001
11,90, 1.00232724999999991E+001, 3.05414409637451172E+001, 2.17222556471824646E-001
11,91, 1.00232735000000002E+001, 2.80888252258300781E+001, 1.86588510870933533E-001
11,92, 1.00232744000000000E+001, 2.60318088531494141E+001, 1.59392297267913818E-001
11,93, 1.00232753999999993E+001, 2.39119186401367188E+001, 1.29789128899574280E-001
11,94, 1.00232762999999991E+001, 2.21489315032958984E+001, 1.03826865553855896E-001
11,95, 1.00232773000000002E+001, 2.03438758850097656E+001, 7.58384764194488525E-002
11,96, 1.00232782000000000E+001, 1.88502025604248047E+001, 5.14788366854190826E-002
11,97, 1.00232800999999991E+001, 1.60688419342041016E+001, 2.74815480224788189E-003
11,98, 1.00232811000000002E+001, 1.47880420684814453E+001, 2.14222241193056107E-002
11,99, 1.00232820999999994E+001, 1.36198930740356445E+001, 4.45954240858554840E-002
11,100, 1.00232829999999993E+001, 1.26566839218139648E+001, 6.46247193217277527E-002
11,101, 1.00232849000000002E+001, 1.08665504455566406E+001, 1.04473598301410675E-001
11,102, 1.00232858999999994E+001, 1.00416822433471680E+001, 1.24203659594058990E-001
11,103, 1.00232875000000003E+001, 8.86702632904052734E+000, 1.54141262173652649E-001
11,104, 1.00233249999999998E+001, 7.45065927505493164E-001, 6.20196223258972168E-001
11,105, 1.00233624999999993E+001, 6.24168924987316132E-002, 9.03019487857818604E-001
11,106, 1.00234000000000005E+001, 3.39039713144302368E-002, 1.71508741378784180E+000
11,107, 1.00234375000000000E+001, 1.04140475392341614E-001, 9.05767738819122314E-001
11,108, 1.00234749999999995E+001, 1.84316977858543396E-001, 5.68177163600921631E-001
11,109, 1.00235125000000007E+001, 2.56967276334762573E-001, 4.10554289817810059E-001
11,110, 1.00235500000000002E+001, 3.19504350423812866E-001, 3.20790648460388184E-001
11,111, 1.00235874999999997E+001, 3.72756630182266235E-001, 2.63073027133941650E-001
11,112, 1.00236249999999991E+001, 4.18188244104385376E-001, 2.22900569438934326E-001
11,113, 1.00236625000000004E+001, 4.57190811634063721E-001, 1.93347930908203125E-001
11,114, 1.00236999999999998E+001, 4.90929841995239258E-001, 1.70702934265136719E-001
11,115, 1.00237374999999993E+001, 5.20343482494354248E-001, 1.52800291776657104E-001
11,116, 1.00237750000000005E+001, 5.46178579330444336E-001, 1.38292983174324036E-001
11,117, 1.00238125000000000E+001, 5.69029331207275391E-001, 1.26299574971199036E-001
11,118, 1.00238499999999995E+001, 5.89371144771575928E-001, 1.16219170391559601E-001
11,119, 1.00238875000000007E+001, 6.07586801052093506E-001, 1.07628151774406433E-001
11,120, 1.00239250000000002E+001, 6.23987019062042236E-001, 1.00219316780567169E-001
11,121, 1.00239624999999997E+001, 6.38826251029968262E-001, 9.37644466757774353E-002
11,122, 1.00239999999999991E+001, 6.52314245700836182E-001, 8.80905240774154663E-002
11,123, 1.00243599999999997E+001, 7.38163053989410400E-001, 5.57196438312530518E-002
11,124, 1.00249100000000002E+001, 8.00109744071960449E-001, 3.56873087584972382E-002
11,125, 1.00254600000000007E+001, 8.32033157348632812E-001, 2.62527801096439362E-002
11,126, 1.00260099999999994E+001, 8.51490914821624756E-001, 2.07658484578132629E-002
11,127, 1.00265599999999999E+001, 8.64589333534240723E-001, 1.71777829527854919E-002
11,128, 1.00271100000000004E+001, 8.74007403850555420E-001, 1.46484272554516792E-002
11,129, 1.00276599999999991E+001, 8.81105005741119385E-001, 1.27695547416806221E-002
11,130, 1.00282099999999996E+001, 8.86645555496215820E-001, 1.13189145922660828E-002
11,131, 1.00287600000000001E+001, 8.91090869903564453E-001, 1.01651512086391449E-002
11,132, 1.00293100000000006E+001, 8.94736409187316895E-001, 9.22564603388309479E-003
11,133, 1.00298599999999993E+001, 8.97780299186706543E-001, 8.44583753496408463E-003
11,134, 1.00304099999999998E+001, 9.00360167026519775E-001, 7.78822880238294601E-003
11,135, 1.00309600000000003E+001, 9.02574539184570312E-001, 7.22622033208608627E-003
11,136, 1.00315100000000008E+001, 9.04496073722839355E-001, 6.74041034653782845E-003
11,137, 1.00320599999999995E+001, 9.06179249286651611E-001, 6.31631305441260338E-003
11,138, 1.00326100000000000E+001, 9.07665848731994629E-001, 5.94289554283022881E-003
11,139, 1.00331600000000005E+001, 9.08988416194915771E-001, 5.61160687357187271E-003
11,140, 1.00337099999999992E+001, 9.10172700881958008E-001, 5.31571917235851288E-003
11,141, 1.00342599999999997E+001, 9.11239326000213623E-001, 5.04986429587006569E-003
11,142, 1.00350000000000001E+001, 9.12517786026000977E-001, 4.73205605521798134E-003
11,143, 1.00359999999999996E+001, 9.14010882377624512E-001, 4.36204997822642326E-003
11,144, 1.00370000000000008E+001, 9.15287971496582031E-001, 4.04667807742953300E-003
11,145, 1.00380000000000003E+001, 9.16392803192138672E-001, 3.77473258413374424E-003
11,146, 1.00389999999999997E+001, 9.17358100414276123E-001, 3.53787932544946671E-003
11,147, 1.00399999999999991E+001, 9.18208777904510498E-001, 3.32979182712733746E-003
11,148, 1.00449999999999999E+001, 9.21294987201690674E-001, 2.58084712550044060E-003
11,149, 1.00500000000000007E+001, 9.23234581947326660E-001, 2.11715581826865673E-003
11,150, 1.00549999999999997E+001, 9.24568772315979004E-001, 1.80368032306432724E-003
11,151, 1.00600000000000005E+001, 9.25544917583465576E-001, 1.57895672600716352E-003
11,152, 1.00649999999999995E+001, 9.26293015480041504E-001, 1.41143833752721548E-003
11,153, 1.00700000000000003E+001, 9.26893472671508789E-001, 1.28370919264853001E-003
11,154, 1.00749999999999993E+001, 9.27371144294738770E-001, 1.17975717876106501E-003
11,155, 1.00800000000000001E+001, 9.27767813205718994E-001, 1.09551916830241680E-003
12,1, 1.03551597100000006E+001, 9.28722977638244629E-001, 2.77337239822372794E-004
12,2, 1.02599999999999998E+001, 9.32218432426452637E-001, 6.29135640338063240E-004
12,3, 1.02699999999999996E+001, 9.32486653327941895E-001, 6.39025063719600439E-004
12,4, 1.02799999999999994E+001, 9.32807564735412598E-001, 6.59309676848351955E-004
12,5, 1.02899999999999991E+001, 9.33207929134368896E-001, 6.93875772412866354E-004
12,6, 1.02949999999999999E+001, 9.33450281620025635E-001, 7.15501781087368727E-004
12,7, 1.03000000000000007E+001, 9.33730006217956543E-001, 7.45594210457056761E-004
12,8, 1.03100000000000005E+001, 9.34452235698699951E-001, 8.27349373139441013E-004
12,9, 1.03200000000000003E+001, 9.35543954372406006E-001, 9.70204127952456474E-004
12,10, 1.03300000000000001E+001, 9.37448620796203613E-001, 1.24764442443847656E-003
12,11, 1.03399999999999999E+001, 9.41785931587219238E-001, 1.93802360445261002E-003
12,12, 1.03442000000000007E+001, 9.45937037467956543E-001, 2.62245885096490383E-003
12,13, 1.03449333299999999E+001, 9.47009623050689697E-001, 2.80058523640036583E-003
12,14, 1.03456666700000000E+001, 9.48247373104095459E-001, 3.00640286877751350E-003
12,15, 1.03463999999999992E+001, 9.49691712856292725E-001, 3.24676092714071274E-003
12,16, 1.03471333300000001E+001, 9.51399266719818115E-001, 3.53098171763122082E-003
12,17, 1.03478666700000002E+001, 9.53449666500091553E-001, 3.87208047322928905E-003
12,18, 1.03485999999999994E+001, 9.55957710742950439E-001, 4.28876234218478203E-003
12,19, 1.03493333300000003E+001, 9.59096431732177734E-001, 4.80896513909101486E-003
12,20, 1.03500666700000004E+001, 9.63138401508331299E-001, 5.47632202506065369E-003
12,21, 1.03507999999999996E+001, 9.68539476394653320E-001, 6.36293180286884308E-003
12,22, 1.03515333300000005E+001, 9.76124763488769531E-001, 7.59736867621541023E-003
12,23, 1.03522666700000006E+001, 9.87556397914886475E-001, 9.43295750766992569E-003
12,24, 1.03529999999999998E+001, 1.00675427913665771E+000, 1.24477455392479897E-002
12,25, 1.03530916699999995E+001, 1.01011180877685547E+000, 1.29663683474063873E-002
12,26, 1.03531833300000002E+001, 1.01378059387207031E+000, 1.35301519185304642E-002
12,27, 1.03532750000000000E+001, 1.01780676841735840E+000, 1.41453994438052177E-002
12,28, 1.03533666699999998E+001, 1.02224469184875488E+000, 1.48194115608930588E-002
12,29, 1.03534583300000005E+001, 1.02716052532196045E+000, 1.55609361827373505E-002
12,30, 1.03535500000000003E+001, 1.03263676166534424E+000, 1.63808334618806839E-002
12,31, 1.03536416700000000E+001, 1.03877449035644531E+000, 1.72921083867549896E-002
12,32, 1.03537333300000007E+001, 1.04570043087005615E+000, 1.83108095079660416E-002
12,33, 1.03538250000000005E+001, 1.05357825756072998E+000, 1.94573756307363510E-002
12,34, 1.03539166700000003E+001, 1.06261765956878662E+000, 2.07573287189006805E-002
12,35, 1.03540083299999992E+001, 1.07309436798095703E+000, 2.22434643656015396E-002
12,36, 1.03541000000000007E+001, 1.08538329601287842E+000, 2.39592511206865311E-002
12,37, 1.03541916700000005E+001, 1.09999656677246094E+000, 2.59621199220418930E-002
12,38, 1.03542833299999995E+001, 1.11765885353088379E+000, 2.83303800970315933E-002
12,39, 1.03543749999999992E+001, 1.13943850994110107E+000, 3.11747007071971893E-002
12,40, 1.03544000000000000E+001, 1.14628732204437256E+000, 3.20523492991924286E-002
12,41, 1.03544666700000008E+001, 1.16695725917816162E+000, 3.46541740000247955E-002
12,42, 1.03545583299999997E+001, 1.20281374454498291E+000, 3.90076525509357452E-002
12,43, 1.03546499999999995E+001, 1.25146460533142090E+000, 4.46129553020000458E-002
12,44, 1.03547416699999992E+001, 1.32118070125579834E+000, 5.20993582904338837E-002
12,45, 1.03548333400000008E+001, 1.42925322055816650E+000, 6.26038908958435059E-002
12,46, 1.03549249999999997E+001, 1.61861956119537354E+000, 7.84079879522323608E-002
12,47, 1.03550166699999995E+001, 2.03173804283142090E+000, 1.04874551296234131E-001
12,48, 1.03551083399999992E+001, 3.53617525100708008E+000, 1.58238053321838379E-001
12,49, 1.03551233000000007E+001, 4.22537612915039062E+000, 1.72556653618812561E-001
12,50, 1.03551465999999994E+001, 6.32488536834716797E+000, 2.00870513916015625E-001
12,51, 1.03551570999999996E+001, 8.25993156433105469E+000, 2.16928184032440186E-001
12,52, 1.03551634000000004E+001, 1.01060094833374023E+001, 2.27874413132667542E-001
12,53, 1.03551678000000003E+001, 1.19313468933105469E+001, 2.36212655901908875E-001
12,54, 1.03551710999999997E+001, 1.37445812225341797E+001, 2.42889449000358582E-001
12,55, 1.03551736999999999E+001, 1.55527238845825195E+001, 2.48430892825126648E-001
12,56, 1.03551757999999996E+001, 1.73392944335937500E+001, 2.53101766109466553E-001
12,57, 1.03551775999999993E+001, 1.91678733825683594E+001, 2.57253050804138184E-001
12,58, 1.03551792000000003E+001, 2.10797672271728516E+001, 2.61063694953918457E-001
12,59, 1.03551806000000006E+001, 2.30216197967529297E+001, 2.64495253562927246E-001
12,60, 1.03551818000000004E+001, 2.49237155914306641E+001, 2.67511487007141113E-001
12,61, 1.03551829000000009E+001, 2.68920116424560547E+001, 2.70338773727416992E-001
12,62, 1.03551839000000001E+001, 2.88950767517089844E+001, 2.72961854934692383E-001
12,63, 1.03551848000000000E+001, 3.08942718505859375E+001, 2.75366246700286865E-001
12,64, 1.03551856999999998E+001, 3.31010360717773438E+001, 2.77812123298645020E-001
12,65, 1.03551865000000003E+001, 3.52543907165527344E+001, 2.80021041631698608E-001
12,66, 1.03551871999999996E+001, 3.72992134094238281E+001, 2.81980365514755249E-001
12,67, 1.03551879000000007E+001, 3.98631210327148438E+001, 2.84052312374114990E-001
12,68, 1.03551886000000000E+001, 4.18782463073730469E+001, 2.85971313714981079E-001
12,69, 1.03551892999999993E+001, 4.44279327392578125E+001, 2.88001239299774170E-001
12,70, 1.03551898999999992E+001, 4.66608161926269531E+001, 2.89749532938003540E-001
12,71, 1.03551905000000009E+001, 4.92155838012695312E+001, 2.91529834270477295E-001
12,72, 1.03551911000000008E+001, 5.13218231201171875E+001, 2.93311387300491333E-001
12,73, 1.03551917000000007E+001, 5.45086860656738281E+001, 2.95111715793609619E-001
12,74, 1.03551923000000006E+001, 5.73195381164550781E+001, 2.96918869018554688E-001
12,75, 1.03551927999999993E+001, 5.85270195007324219E+001, 2.98559814691543579E-001
12,76, 1.03551933999999992E+001, 6.26675567626953125E+001, 3.00252258777618408E-001
12,77, 1.03551939999999991E+001, 6.56287612915039062E+001, 3.02077829837799072E-001
12,78, 1.03551946000000008E+001, 6.61853256225585938E+001, 3.04478287696838379E-001
12,79, 1.03551953000000001E+001, 7.18638305664062500E+001, 3.06039333343505859E-001
12,80, 1.03551959999999994E+001, 7.49293975830078125E+001, 3.08170974254608154E-001
12,81, 1.03551967999999999E+001, 7.79740142822265625E+001, 3.10602962970733643E-001
12,82, 1.03551976999999997E+001, 8.05666961669921875E+001, 3.13333392143249512E-001
12,83, 1.03552000000000000E+001, 8.15362625122070312E+001, 3.20331543684005737E-001
12,84, 1.03552023000000002E+001, 7.36247711181640625E+001, 3.14438939094543457E-001
12,85, 1.03552032000000001E+001, 7.02291641235351562E+001, 2.83231794834136963E-001
12,86, 1.03552040000000005E+001, 6.39474601745605469E+001, 2.79200792312622070E-001
12,87, 1.03552046999999998E+001, 5.95904502868652344E+001, 2.59287089109420776E-001
12,88, 1.03552053999999991E+001, 5.62235298156738281E+001, 2.26098135113716125E-001
12,89, 1.03552060000000008E+001, 5.15328941345214844E+001, 2.17167317867279053E-001
12,90, 1.03552066000000007E+001, 4.79637680053710938E+001, 1.96378767490386963E-001
12,91, 1.03552072000000006E+001, 4.50271797180175781E+001, 1.69305697083473206E-001
12,92, 1.03552076999999993E+001, 4.18308639526367188E+001, 1.57473698258399963E-001
12,93, 1.03552082999999993E+001, 3.87469329833984375E+001, 1.36280953884124756E-001
12,94, 1.03552088999999992E+001, 3.60303955078125000E+001, 1.13044880330562592E-001
12,95, 1.03552095000000008E+001, 3.31713027954101562E+001, 9.48557853698730469E-002
12,96, 1.03552101000000008E+001, 3.06426486968994141E+001, 7.53911733627319336E-002
12,97, 1.03552107000000007E+001, 2.83726329803466797E+001, 5.54996430873870850E-002
12,98, 1.03552114000000000E+001, 2.59091701507568359E+001, 3.37199121713638306E-002
12,99, 1.03552120999999993E+001, 2.36730403900146484E+001, 1.28715392202138901E-002
12,100, 1.03552128000000003E+001, 2.13155765533447266E+001, 1.30899471696466208E-003
12,101, 1.03552134999999996E+001, 1.98113079071044922E+001, 2.59975008666515350E-002
12,102, 1.03552143000000001E+001, 1.79261417388916016E+001, 4.65579256415367126E-002
12,103, 1.03552152000000000E+001, 1.60464496612548828E+001, 6.83325007557868958E-002
12,104, 1.03552160999999998E+001, 1.43912591934204102E+001, 8.87624770402908325E-002
12,105, 1.03552171000000008E+001, 1.27807273864746094E+001, 1.10011123120784760E-001
12,106, 1.03552181999999995E+001, 1.12476043701171875E+001, 1.31787642836570740E-001
12,107, 1.03552193999999993E+001, 9.81579494476318359E+000, 1.53850242495536804E-001
12,108, 1.03552207999999997E+001, 8.40843868255615234E+000, 1.77653178572654724E-001
12,109, 1.03552224000000006E+001, 7.08126258850097656E+000, 2.02703669667243958E-001
12,110, 1.03552242000000003E+001, 5.87172412872314453E+000, 2.28649750351905823E-001
12,111, 1.03552263000000000E+001, 4.75291442871093750E+000, 2.56586104631423950E-001
12,112, 1.03552289000000002E+001, 3.69224715232849121E+000, 2.88634210824966431E-001
12,113, 1.03552321999999997E+001, 2.71214962005615234E+000, 3.26711297035217285E-001
12,114, 1.03552365999999996E+001, 1.82580029964447021E+000, 3.75395387411117554E-001
12,115, 1.03552429000000004E+001, 1.05548429489135742E+000, 4.45740908384323120E-001
12,116, 1.03552534000000005E+001, 4.25987869501113892E-001, 5.77911794185638428E-001
12,117, 1.03552766999999992E+001, 4.31811809539794922E-002, 7.69709527492523193E-001
12,118, 1.03552916699999997E+001, 1.83854661881923676E-002, 1.09934270381927490E+000
12,119, 1.03553833399999995E+001, 2.56805926561355591E-001, 2.95031249523162842E-001
12,120, 1.03554750000000002E+001, 4.33321923017501831E-001, 1.51581034064292908E-001
12,121, 1.03555666700000000E+001, 5.39744257926940918E-001, 1.01890802383422852E-001
12,122, 1.03556583399999997E+001, 6.09385430812835693E-001, 7.67248123884201050E-002
12,123, 1.03557500000000005E+001, 6.58213734626770020E-001, 6.15272857248783112E-002
12,124, 1.03558416700000002E+001, 6.94271385669708252E-001, 5.13538345694541931E-002
12,125, 1.03559333400000000E+001, 7.21956789493560791E-001, 4.40676212310791016E-002
12,126, 1.03560250000000007E+001, 7.43867933750152588E-001, 3.85930128395557404E-002
12,127, 1.03561166700000005E+001, 7.61638224124908447E-001, 3.43283414840698242E-002
12,128, 1.03562083400000002E+001, 7.76335656642913818E-001, 3.09128127992153168E-002
12,129, 1.03562999999999992E+001, 7.88690924644470215E-001, 2.81160939484834671E-002
12,130, 1.03563916700000007E+001, 7.99223721027374268E-001, 2.57835481315851212E-002
12,131, 1.03564833400000005E+001, 8.08308124542236328E-001, 2.38086897879838943E-002
12,132, 1.03565749999999994E+001, 8.16222429275512695E-001, 2.21152938902378082E-002
12,133, 1.03566666699999992E+001, 8.23180258274078369E-001, 2.06469055265188217E-002
12,134, 1.03574000000000002E+001, 8.58416497707366943E-001, 1.34893069043755531E-002
12,135, 1.03581333299999994E+001, 8.76315832138061523E-001, 1.00225610658526421E-002
12,136, 1.03588666699999994E+001, 8.87146413326263428E-001, 7.97795876860618591E-003
12,137, 1.03596000000000004E+001, 8.94405245780944824E-001, 6.63002626970410347E-003
12,138, 1.03603333299999996E+001, 8.99609386920928955E-001, 5.67497918382287025E-003
12,139, 1.03610666699999996E+001, 9.03523564338684082E-001, 4.96323220431804657E-003
12,140, 1.03618000000000006E+001, 9.06574606895446777E-001, 4.41261520609259605E-003
12,141, 1.03625333299999998E+001, 9.09019947052001953E-001, 3.97419603541493416E-003
12,142, 1.03632666699999998E+001, 9.11023855209350586E-001, 3.61703452654182911E-003
12,143, 1.03640000000000008E+001, 9.12696182727813721E-001, 3.32061829976737499E-003
12,144, 1.03647333300000000E+001, 9.14112985134124756E-001, 3.07079916819930077E-003
12,145, 1.03654666700000000E+001, 9.15328860282897949E-001, 2.85747554153203964E-003
12,146, 1.03661999999999992E+001, 9.16383743286132812E-001, 2.67329276539385319E-003
12,147, 1.03699999999999992E+001, 9.20187056064605713E-001, 2.01867823489010334E-003
12,148, 1.03750000000000000E+001, 9.22984302043914795E-001, 1.55218481086194515E-003
12,149, 1.03800000000000008E+001, 9.24666643142700195E-001, 1.28343177493661642E-003
12,150, 1.03849999999999998E+001, 9.25794601440429688E-001, 1.11203629057854414E-003
12,151, 1.03900000000000006E+001, 9.26607012748718262E-001, 9.95365437120199203E-004
12,152, 1.03949999999999996E+001, 9.27222847938537598E-001, 9.12337156478315592E-004
12,153, 1.04000000000000004E+001, 9.27708148956298828E-001, 8.51288146805018187E-004
12,154, 1.04049999999999994E+001, 9.28102433681488037E-001, 8.05356889031827450E-004
12,155, 1.04100000000000001E+001, 9.28430855274200439E-001, 7.70141195971518755E-004
12,156, 1.04149999999999991E+001, 9.28710341453552246E-001, 7.42745818570256233E-004
12,157, 1.04199999999999999E+001, 9.28952515125274658E-001, 7.21202115528285503E-004
12,158, 1.04250000000000007E+001, 9.29165720939636230E-001, 7.04169855453073978E-004
12,159, 1.04299999999999997E+001, 9.29356217384338379E-001, 6.90699729602783918E-004
12,160, 1.04350000000000005E+001, 9.29528594017028809E-001, 6.80114317219704390E-004
12,161, 1.04399999999999995E+001, 9.29686605930328369E-001, 6.71933928970247507E-004
12,162, 1.04450000000000003E+001, 9.29833054542541504E-001, 6.65834173560142517E-004
12,163, 1.04499999999999993E+001, 9.29970383644104004E-001, 6.61628204397857189E-004
13,1, 1.06310300000000009E+001, 9.27625238895416260E-001, 7.67127203289419413E-004
13,2, 1.05289699999999993E+001, 9.32213842868804932E-001, 7.97575747128576040E-004
13,3, 1.05421700000000005E+001, 9.33005630970001221E-001, 9.23661515116691589E-004
13,4, 1.05488900000000001E+001, 9.33583498001098633E-001, 1.02854962460696697E-003
13,5, 1.05531699999999997E+001, 9.34044182300567627E-001, 1.11841387115418911E-003
13,6, 1.05562199999999997E+001, 9.34425473213195801E-001, 1.19545054621994495E-003
13,7, 1.05585500000000003E+001, 9.34747099876403809E-001, 1.26230518799275160E-003
13,8, 1.05604200000000006E+001, 9.35021638870239258E-001, 1.32017431315034628E-003
13,9, 1.05619700000000005E+001, 9.35255944728851318E-001, 1.37024768628180027E-003
13,10, 1.05632800000000007E+001, 9.35454070568084717E-001, 1.41299702227115631E-003
13,11, 1.05644200000000001E+001, 9.35621619224548340E-001, 1.44931615795940161E-003
13,12, 1.05654299999999992E+001, 9.35761392116546631E-001, 1.47978938184678555E-003
13,13, 1.05663300000000007E+001, 9.35874283313751221E-001, 1.50449806824326515E-003
13,14, 1.05671400000000002E+001, 9.35962021350860596E-001, 1.52370019350200891E-003
13,15, 1.05678800000000006E+001, 9.36026513576507568E-001, 1.53781217522919178E-003
13,16, 1.05685699999999994E+001, 9.36069071292877197E-001, 1.54708605259656906E-003
13,17, 1.05692100000000000E+001, 9.36089515686035156E-001, 1.55142904259264469E-003
13,18, 1.05698000000000008E+001, 9.36088681221008301E-001, 1.55105628073215485E-003
13,19, 1.05703600000000009E+001, 9.36067044734954834E-001, 1.54606392607092857E-003
13,20, 1.05709000000000000E+001, 9.36023831367492676E-001, 1.53624918311834335E-003
13,21, 1.05714100000000002E+001, 9.35959875583648682E-001, 1.52185431215912104E-003
13,22, 1.05718899999999998E+001, 9.35876607894897461E-001, 1.50319084059447050E-003
13,23, 1.05723699999999994E+001, 9.35768365859985352E-001, 1.47901580203324556E-003
13,24, 1.05728200000000001E+001, 9.35641944408416748E-001, 1.45090883597731590E-003
13,25, 1.05732700000000008E+001, 9.35489416122436523E-001, 1.41714641358703375E-003
13,26, 1.05737100000000002E+001, 9.35313165187835693E-001, 1.37833412736654282E-003
13,27, 1.05741499999999995E+001, 9.35108423233032227E-001, 1.33357616141438484E-003
13,28, 1.05745900000000006E+001, 9.34873998165130615E-001, 1.28275598399341106E-003
13,29, 1.05750299999999999E+001, 9.34608817100524902E-001, 1.22591888066381216E-003
13,30, 1.05754699999999993E+001, 9.34312403202056885E-001, 1.16333609912544489E-003
13,31, 1.05759399999999992E+001, 9.33961272239685059E-001, 1.09075068030506372E-003
13,32, 1.05764300000000002E+001, 9.33558225631713867E-001, 1.01001560688018799E-003
13,33, 1.05769500000000001E+001, 9.33091461658477783E-001, 9.21007769647985697E-004
13,34, 1.05775500000000005E+001, 9.32507991790771484E-001, 8.19166307337582111E-004
13,35, 1.05782900000000009E+001, 9.31734383106231689E-001, 7.08659645169973373E-004
13,36, 1.05800000000000001E+001, 9.29833233356475830E-001, 6.52123650070279837E-004
13,37, 1.05817099999999993E+001, 9.28022503852844238E-001, 8.91935196705162525E-004
13,38, 1.05824499999999997E+001, 9.27335143089294434E-001, 1.01954431738704443E-003
13,39, 1.05830500000000001E+001, 9.26835179328918457E-001, 1.11806427594274282E-003
13,40, 1.05835699999999999E+001, 9.26446735858917236E-001, 1.19670690037310123E-003
13,41, 1.05840599999999991E+001, 9.26119804382324219E-001, 1.26380217261612415E-003
13,42, 1.05845300000000009E+001, 9.25841808319091797E-001, 1.32123823277652264E-003
13,43, 1.05849700000000002E+001, 9.25612449645996094E-001, 1.36870122514665127E-003
13,44, 1.05854099999999995E+001, 9.25411760807037354E-001, 1.41012773383408785E-003
13,45, 1.05858500000000006E+001, 9.25238490104675293E-001, 1.44569389522075653E-003
13,46, 1.05862900000000000E+001, 9.25090909004211426E-001, 1.47567992098629475E-003
13,47, 1.05867299999999993E+001, 9.24967288970947266E-001, 1.50043144822120667E-003
13,48, 1.05871800000000000E+001, 9.24863815307617188E-001, 1.52071053162217140E-003
13,49, 1.05876300000000008E+001, 9.24781441688537598E-001, 1.53633824083954096E-003
13,50, 1.05881100000000004E+001, 9.24714744091033936E-001, 1.54836254660040140E-003
13,51, 1.05885899999999999E+001, 9.24667537212371826E-001, 1.55608111526817083E-003
13,52, 1.05891000000000002E+001, 9.24636363983154297E-001, 1.56013749074190855E-003
13,53, 1.05896399999999993E+001, 9.24621999263763428E-001, 1.56038475688546896E-003
13,54, 1.05901999999999994E+001, 9.24624443054199219E-001, 1.55684642959386110E-003
13,55, 1.05907900000000001E+001, 9.24643337726593018E-001, 1.54962542001157999E-003
13,56, 1.05914300000000008E+001, 9.24679577350616455E-001, 1.53848354239016771E-003
13,57, 1.05921199999999995E+001, 9.24733459949493408E-001, 1.52333476580679417E-003
13,58, 1.05928599999999999E+001, 9.24804747104644775E-001, 1.50434602983295918E-003
13,59, 1.05936699999999995E+001, 9.24894928932189941E-001, 1.48120068479329348E-003
13,60, 1.05945699999999992E+001, 9.25005674362182617E-001, 1.45347428042441607E-003
13,61, 1.05955800000000000E+001, 9.25138652324676514E-001, 1.42093223985284567E-003
13,62, 1.05967099999999999E+001, 9.25293385982513428E-001, 1.38383661396801472E-003
13,63, 1.05980299999999996E+001, 9.25476789474487305E-001, 1.34058727417141199E-003
13,64, 1.05995799999999996E+001, 9.25689995288848877E-001, 1.29127071704715490E-003
13,65, 1.06014499999999998E+001, 9.25938189029693604E-001, 1.23506016097962856E-003
13,66, 1.06037800000000004E+001, 9.26228225231170654E-001, 1.17067864630371332E-003
13,67, 1.06068300000000004E+001, 9.26571786403656006E-001, 1.09685910865664482E-003
13,68, 1.06111100000000000E+001, 9.26987409591674805E-001, 1.01066543720662594E-003
13,69, 1.06178299999999997E+001, 9.27509248256683350E-001, 9.09380090888589621E-004
13,70, 1.06310300000000009E+001, 9.28219437599182129E-001, 7.84474192187190056E-004
13,71, 1.06869999999999994E+001, 9.29519832134246826E-001, 6.21163228061050177E-004
14,1, 1.09960000000000004E+001, 9.28855061531066895E-001, 5.45342976693063974E-004
14,2, 1.03200000000000003E+001, 9.35543954372406006E-001, 9.70204127952456474E-004
14,3, 1.03300000000000001E+001, 9.37448620796203613E-001, 1.24764442443847656E-003
14,4, 1.03399999999999999E+001, 9.41785931587219238E-001, 1.93802360445261002E-003
14,5, 1.03442000000000007E+001, 9.45937037467956543E-001, 2.62245885096490383E-003
14,6, 1.03449333299999999E+001, 9.47009623050689697E-001, 2.80058523640036583E-003
14,7, 1.03456666700000000E+001, 9.48247373104095459E-001, 3.00640286877751350E-003
14,8, 1.03463999999999992E+001, 9.49691712856292725E-001, 3.24676092714071274E-003
14,9, 1.03471333300000001E+001, 9.51399266719818115E-001, 3.53098171763122082E-003
14,10, 1.03478666700000002E+001, 9.53449666500091553E-001, 3.87208047322928905E-003
14,11, 1.03485999999999994E+001, 9.55957710742950439E-001, 4.28876234218478203E-003
14,12, 1.03493333300000003E+001, 9.59096431732177734E-001, 4.80896513909101486E-003
14,13, 1.03500666700000004E+001, 9.63138401508331299E-001, 5.47632202506065369E-003
14,14, 1.03507999999999996E+001, 9.68539476394653320E-001, 6.36293180286884308E-003
14,15, 1.03515333300000005E+001, 9.76124763488769531E-001, 7.59736867621541023E-003
14,16, 1.03522666700000006E+001, 9.87556397914886475E-001, 9.43295750766992569E-003
14,17, 1.03529999999999998E+001, 1.00675427913665771E+000, 1.24477455392479897E-002
14,18, 1.03530916699999995E+001, 1.01011180877685547E+000, 1.29663683474063873E-002
14,19, 1.03531833300000002E+001, 1.01378059387207031E+000, 1.35301519185304642E-002
14,20, 1.03532750000000000E+001, 1.01780676841735840E+000, 1.41453994438052177E-002
14,21, 1.03533666699999998E+001, 1.02224469184875488E+000, 1.48194115608930588E-002
14,22, 1.03534583300000005E+001, 1.02716052532196045E+000, 1.55609361827373505E-002
14,23, 1.03535500000000003E+001, 1.03263676166534424E+000, 1.63808334618806839E-002
14,24, 1.03536416700000000E+001, 1.03877449035644531E+000, 1.72921083867549896E-002
14,25, 1.03537333300000007E+001, 1.04570043087005615E+000, 1.83108095079660416E-002
14,26, 1.03538250000000005E+001, 1.05357825756072998E+000, 1.94573756307363510E-002
14,27, 1.03539166700000003E+001, 1.06261765956878662E+000, 2.07573287189006805E-002
14,28, 1.03540083299999992E+001, 1.07309436798095703E+000, 2.22434643656015396E-002
14,29, 1.03541000000000007E+001, 1.08538329601287842E+000, 2.39592511206865311E-002
14,30, 1.03541916700000005E+001, 1.09999656677246094E+000, 2.59621199220418930E-002
14,31, 1.03542833299999995E+001, 1.11765885353088379E+000, 2.83303800970315933E-002
14,32, 1.03543749999999992E+001, 1.13943850994110107E+000, 3.11747007071971893E-002
14,33, 1.03544000000000000E+001, 1.14628732204437256E+000, 3.20523492991924286E-002
14,34, 1.03544666700000008E+001, 1.16695725917816162E+000, 3.46541740000247955E-002
14,35, 1.03545583299999997E+001, 1.20281374454498291E+000, 3.90076525509357452E-002
14,36, 1.03546499999999995E+001, 1.25146460533142090E+000, 4.46129553020000458E-002
14,37, 1.03547416699999992E+001, 1.32118070125579834E+000, 5.20993582904338837E-002
14,38, 1.03548333400000008E+001, 1.42925322055816650E+000, 6.26038908958435059E-002
14,39, 1.03549249999999997E+001, 1.61861956119537354E+000, 7.84079879522323608E-002
14,40, 1.03550166699999995E+001, 2.03173804283142090E+000, 1.04874551296234131E-001
14,41, 1.03551083399999992E+001, 3.53617525100708008E+000, 1.58238053321838379E-001
14,42, 1.03551233000000007E+001, 4.22537612915039062E+000, 1.72556653618812561E-001
14,43, 1.03551465999999994E+001, 6.32488536834716797E+000, 2.00870513916015625E-001
14,44, 1.03551570999999996E+001, 8.25993156433105469E+000, 2.16928184032440186E-001
14,45, 1.03551634000000004E+001, 1.01060094833374023E+001, 2.27874413132667542E-001
14,46, 1.03551678000000003E+001, 1.19313468933105469E+001, 2.36212655901908875E-001
14,47, 1.03551710999999997E+001, 1.37445812225341797E+001, 2.42889449000358582E-001
14,48, 1.03551736999999999E+001, 1.55527238845825195E+001, 2.48430892825126648E-001
14,49, 1.03551757999999996E+001, 1.73392944335937500E+001, 2.53101766109466553E-001
14,50, 1.03551775999999993E+001, 1.91678733825683594E+001, 2.57253050804138184E-001
14,51, 1.03551792000000003E+001, 2.10797672271728516E+001, 2.61063694953918457E-001
14,52, 1.03551806000000006E+001, 2.30216197967529297E+001, 2.64495253562927246E-001
14,53, 1.03551818000000004E+001, 2.49237155914306641E+001, 2.67511487007141113E-001
14,54, 1.03551829000000009E+001, 2.68920116424560547E+001, 2.70338773727416992E-001
14,55, 1.03551839000000001E+001, 2.88950767517089844E+001, 2.72961854934692383E-001
14,56, 1.03551848000000000E+001, 3.08942718505859375E+001, 2.75366246700286865E-001
14,57, 1.03551856999999998E+001, 3.31010360717773438E+001, 2.77812123298645020E-001
14,58, 1.03551865000000003E+001, 3.52543907165527344E+001, 2.80021041631698608E-001
14,59, 1.03551871999999996E+001, 3.72992134094238281E+001, 2.81980365514755249E-001
14,60, 1.03551879000000007E+001, 3.98631210327148438E+001, 2.84052312374114990E-001
14,61, 1.03551886000000000E+001, 4.18782463073730469E+001, 2.85971313714981079E-001
14,62, 1.03551892999999993E+001, 4.44279327392578125E+001, 2.88001239299774170E-001
14,63, 1.03551898999999992E+001, 4.66608161926269531E+001, 2.89749532938003540E-001
14,64, 1.03551905000000009E+001, 4.92155838012695312E+001, 2.91529834270477295E-001
14,65, 1.03551911000000008E+001, 5.13218231201171875E+001, 2.93311387300491333E-001
14,66, 1.03551917000000007E+001, 5.45086860656738281E+001, 2.95111715793609619E-001
14,67, 1.03551923000000006E+001, 5.73195381164550781E+001, 2.96918869018554688E-001
14,68, 1.03551927999999993E+001, 5.85270195007324219E+001, 2.98559814691543579E-001
14,69, 1.03551933999999992E+001, 6.26675567626953125E+001, 3.00252258777618408E-001
14,70, 1.03551939999999991E+001, 6.56287612915039062E+001, 3.02077829837799072E-001
14,71, 1.03551946000000008E+001, 6.61853256225585938E+001, 3.04478287696838379E-001
14,72, 1.03551953000000001E+001, 7.18638305664062500E+001, 3.06039333343505859E-001
14,73, 1.03551959999999994E+001, 7.49293975830078125E+001, 3.08170974254608154E-001
14,74, 1.03551967999999999E+001, 7.79740142822265625E+001, 3.10602962970733643E-001
14,75, 1.03551976999999997E+001, 8.05666961669921875E+001, 3.13333392143249512E-001
14,76, 1.03552000000000000E+001, 8.15362625122070312E+001, 3.20331543684005737E-001
14,77, 1.03552023000000002E+001, 7.36247711181640625E+001, 3.14438939094543457E-001
14,78, 1.03552032000000001E+001, 7.02291641235351562E+001, 2.83231794834136963E-001
14,79, 1.03552040000000005E+001, 6.39474601745605469E+001, 2.79200792312622070E-001
14,80, 1.03552046999999998E+001, 5.95904502868652344E+001, 2.59287089109420776E-001
14,81, 1.03552053999999991E+001, 5.62235298156738281E+001, 2.26098135113716125E-001
14,82, 1.03552060000000008E+001, 5.15328941345214844E+001, 2.17167317867279053E-001
14,83, 1.03552066000000007E+001, 4.79637680053710938E+001, 1.96378767490386963E-001
14,84, 1.03552072000000006E+001, 4.50271797180175781E+001, 1.69305697083473206E-001
14,85, 1.03552076999999993E+001, 4.18308639526367188E+001, 1.57473698258399963E-001
14,86, 1.03552082999999993E+001, 3.87469329833984375E+001, 1.36280953884124756E-001
14,87, 1.03552088999999992E+001, 3.60303955078125000E+001, 1.13044880330562592E-001
14,88, 1.03552095000000008E+001, 3.31713027954101562E+001, 9.48557853698730469E-002
14,89, 1.03552101000000008E+001, 3.06426486968994141E+001, 7.53911733627319336E-002
14,90, 1.03552107000000007E+001, 2.83726329803466797E+001, 5.54996430873870850E-002
14,91, 1.03552114000000000E+001, 2.59091701507568359E+001, 3.37199121713638306E-002
14,92, 1.03552120999999993E+001, 2.36730403900146484E+001, 1.28715392202138901E-002
14,93, 1.03552128000000003E+001, 2.13155765533447266E+001, 1.30899471696466208E-003
14,94, 1.03552134999999996E+001, 1.98113079071044922E+001, 2.59975008666515350E-002
14,95, 1.03552143000000001E+001, 1.79261417388916016E+001, 4.65579256415367126E-002
14,96, 1.03552152000000000E+001, 1.60464496612548828E+001, 6.83325007557868958E-002
14,97, 1.03552160999999998E+001, 1.43912591934204102E+001, 8.87624770402908325E-002
14,98, 1.03552171000000008E+001, 1.27807273864746094E+001, 1.10011123120784760E-001
14,99, 1.03552181999999995E+001, 1.12476043701171875E+001, 1.31787642836570740E-001
14,100, 1.03552193999999993E+001, 9.81579494476318359E+000, 1.53850242495536804E-001
14,101, 1.03552207999999997E+001, 8.40843868255615234E+000, 1.77653178572654724E-001
14,102, 1.03552224000000006E+001, 7.08126258850097656E+000, 2.02703669667243958E-001
14,103, 1.03552242000000003E+001, 5.87172412872314453E+000, 2.28649750351905823E-001
14,104, 1.03552263000000000E+001, 4.75291442871093750E+000, 2.56586104631423950E-001
14,105, 1.03552289000000002E+001, 3.69224715232849121E+000, 2.88634210824966431E-001
14,106, 1.03552321999999997E+001, 2.71214962005615234E+000, 3.26711297035217285E-001
14,107, 1.03552365999999996E+001, 1.82580029964447021E+000, 3.75395387411117554E-001
14,108, 1.03552429000000004E+001, 1.05548429489135742E+000, 4.45740908384323120E-001
14,109, 1.03552534000000005E+001, 4.25987869501113892E-001, 5.77911794185638428E-001
14,110, 1.03552766999999992E+001, 4.31811809539794922E-002, 7.69709527492523193E-001
14,111, 1.03552916699999997E+001, 1.83854661881923676E-002, 1.09934270381927490E+000
14,112, 1.03553833399999995E+001, 2.56805926561355591E-001, 2.95031249523162842E-001
14,113, 1.03554750000000002E+001, 4.33321923017501831E-001, 1.51581034064292908E-001
14,114, 1.03555666700000000E+001, 5.39744257926940918E-001, 1.01890802383422852E-001
14,115, 1.03556583399999997E+001, 6.09385430812835693E-001, 7.67248123884201050E-002
14,116, 1.03557500000000005E+001, 6.58213734626770020E-001, 6.15272857248783112E-002
14,117, 1.03558416700000002E+001, 6.94271385669708252E-001, 5.13538345694541931E-002
14,118, 1.03559333400000000E+001, 7.21956789493560791E-001, 4.40676212310791016E-002
14,119, 1.03560250000000007E+001, 7.43867933750152588E-001, 3.85930128395557404E-002
14,120, 1.03561166700000005E+001, 7.61638224124908447E-001, 3.43283414840698242E-002
14,121, 1.03562083400000002E+001, 7.76335656642913818E-001, 3.09128127992153168E-002
14,122, 1.03562999999999992E+001, 7.88690924644470215E-001, 2.81160939484834671E-002
14,123, 1.03563916700000007E+001, 7.99223721027374268E-001, 2.57835481315851212E-002
14,124, 1.03564833400000005E+001, 8.08308124542236328E-001, 2.38086897879838943E-002
14,125, 1.03565749999999994E+001, 8.16222429275512695E-001, 2.21152938902378082E-002
14,126, 1.03566666699999992E+001, 8.23180258274078369E-001, 2.06469055265188217E-002
14,127, 1.03574000000000002E+001, 8.58416497707366943E-001, 1.34893069043755531E-002
14,128, 1.03581333299999994E+001, 8.76315832138061523E-001, 1.00225610658526421E-002
14,129, 1.03588666699999994E+001, 8.87146413326263428E-001, 7.97795876860618591E-003
14,130, 1.03596000000000004E+001, 8.94405245780944824E-001, 6.63002626970410347E-003
14,131, 1.03603333299999996E+001, 8.99609386920928955E-001, 5.67497918382287025E-003
14,132, 1.03610666699999996E+001, 9.03523564338684082E-001, 4.96323220431804657E-003
14,133, 1.03618000000000006E+001, 9.06574606895446777E-001, 4.41261520609259605E-003
14,134, 1.03625333299999998E+001, 9.09019947052001953E-001, 3.97419603541493416E-003
14,135, 1.03632666699999998E+001, 9.11023855209350586E-001, 3.61703452654182911E-003
14,136, 1.03640000000000008E+001, 9.12696182727813721E-001, 3.32061829976737499E-003
14,137, 1.03647333300000000E+001, 9.14112985134124756E-001, 3.07079916819930077E-003
14,138, 1.03654666700000000E+001, 9.15328860282897949E-001, 2.85747554153203964E-003
14,139, 1.03661999999999992E+001, 9.16383743286132812E-001, 2.67329276539385319E-003
14,140, 1.03699999999999992E+001, 9.20187056064605713E-001, 2.01867823489010334E-003
14,141, 1.03750000000000000E+001, 9.22984302043914795E-001, 1.55218481086194515E-003
14,142, 1.03800000000000008E+001, 9.24666643142700195E-001, 1.28343177493661642E-003
14,143, 1.03849999999999998E+001, 9.25794601440429688E-001, 1.11203629057854414E-003
14,144, 1.03900000000000006E+001, 9.26607012748718262E-001, 9.95365437120199203E-004
14,145, 1.03949999999999996E+001, 9.27222847938537598E-001, 9.12337156478315592E-004
14,146, 1.04000000000000004E+001, 9.27708148956298828E-001, 8.51288146805018187E-004
14,147, 1.04049999999999994E+001, 9.28102433681488037E-001, 8.05356889031827450E-004
14,148, 1.04100000000000001E+001, 9.28430855274200439E-001, 7.70141195971518755E-004
14,149, 1.04149999999999991E+001, 9.28710341453552246E-001, 7.42745818570256233E-004
14,150, 1.04199999999999999E+001, 9.28952515125274658E-001, 7.21202115528285503E-004
14,151, 1.04250000000000007E+001, 9.29165720939636230E-001, 7.04169855453073978E-004
14,152, 1.04299999999999997E+001, 9.29356217384338379E-001, 6.90699729602783918E-004
14,153, 1.04350000000000005E+001, 9.29528594017028809E-001, 6.80114317219704390E-004
14,154, 1.04399999999999995E+001, 9.29686605930328369E-001, 6.71933928970247507E-004
14,155, 1.04450000000000003E+001, 9.29833054542541504E-001, 6.65834173560142517E-004
14,156, 1.04499999999999993E+001, 9.29970383644104004E-001, 6.61628204397857189E-004
14,157, 1.04550000000000001E+001, 9.30100619792938232E-001, 6.59287557937204838E-004
14,158, 1.04600000000000009E+001, 9.30225551128387451E-001, 6.59037788864225149E-004
14,159, 1.04649999999999999E+001, 9.30346786975860596E-001, 6.59802579320967197E-004
14,160, 1.04700000000000006E+001, 9.30464684963226318E-001, 6.58993609249591827E-004
14,161, 1.04730000000000008E+001, 9.30536627769470215E-001, 6.59311655908823013E-004
14,162, 1.05289699999999993E+001, 9.32213842868804932E-001, 7.97575747128576040E-004
14,163, 1.05421700000000005E+001, 9.33005630970001221E-001, 9.23661515116691589E-004
14,164, 1.05488900000000001E+001, 9.33583498001098633E-001, 1.02854962460696697E-003
14,165, 1.05531699999999997E+001, 9.34044182300567627E-001, 1.11841387115418911E-003
14,166, 1.05562199999999997E+001, 9.34425473213195801E-001, 1.19545054621994495E-003
14,167, 1.05585500000000003E+001, 9.34747099876403809E-001, 1.26230518799275160E-003
14,168, 1.05604200000000006E+001, 9.35021638870239258E-001, 1.32017431315034628E-003
14,169, 1.05619700000000005E+001, 9.35255944728851318E-001, 1.37024768628180027E-003
14,170, 1.05632800000000007E+001, 9.35454070568084717E-001, 1.41299702227115631E-003
14,171, 1.05644200000000001E+001, 9.35621619224548340E-001, 1.44931615795940161E-003
14,172, 1.05654299999999992E+001, 9.35761392116546631E-001, 1.47978938184678555E-003
14,173, 1.05663300000000007E+001, 9.35874283313751221E-001, 1.50449806824326515E-003
14,174, 1.05671400000000002E+001, 9.35962021350860596E-001, 1.52370019350200891E-003
14,175, 1.05678800000000006E+001, 9.36026513576507568E-001, 1.53781217522919178E-003
14,176, 1.05685699999999994E+001, 9.36069071292877197E-001, 1.54708605259656906E-003
14,177, 1.05692100000000000E+001, 9.36089515686035156E-001, 1.55142904259264469E-003
14,178, 1.05698000000000008E+001, 9.36088681221008301E-001, 1.55105628073215485E-003
14,179, 1.05703600000000009E+001, 9.36067044734954834E-001, 1.54606392607092857E-003
14,180, 1.05709000000000000E+001, 9.36023831367492676E-001, 1.53624918311834335E-003
14,181, 1.05714100000000002E+001, 9.35959875583648682E-001, 1.52185431215912104E-003
14,182, 1.05718899999999998E+001, 9.35876607894897461E-001, 1.50319084059447050E-003
14,183, 1.05723699999999994E+001, 9.35768365859985352E-001, 1.47901580203324556E-003
14,184, 1.05728200000000001E+001, 9.35641944408416748E-001, 1.45090883597731590E-003
14,185, 1.05732700000000008E+001, 9.35489416122436523E-001, 1.41714641358703375E-003
14,186, 1.05737100000000002E+001, 9.35313165187835693E-001, 1.37833412736654282E-003
14,187, 1.05741499999999995E+001, 9.35108423233032227E-001, 1.33357616141438484E-003
14,188, 1.05745900000000006E+001, 9.34873998165130615E-001, 1.28275598399341106E-003
14,189, 1.05750299999999999E+001, 9.34608817100524902E-001, 1.22591888066381216E-003
14,190, 1.05754699999999993E+001, 9.34312403202056885E-001, 1.16333609912544489E-003
14,191, 1.05759399999999992E+001, 9.33961272239685059E-001, 1.09075068030506372E-003
14,192, 1.05764300000000002E+001, 9.33558225631713867E-001, 1.01001560688018799E-003
14,193, 1.05769500000000001E+001, 9.33091461658477783E-001, 9.21007769647985697E-004
14,194, 1.05775500000000005E+001, 9.32507991790771484E-001, 8.19166307337582111E-004
14,195, 1.05782900000000009E+001, 9.31734383106231689E-001, 7.08659645169973373E-004
14,196, 1.05800000000000001E+001, 9.29833233356475830E-001, 6.52123650070279837E-004
14,197, 1.05817099999999993E+001, 9.28022503852844238E-001, 8.91935196705162525E-004
14,198, 1.05824499999999997E+001, 9.27335143089294434E-001, 1.01954431738704443E-003
14,199, 1.05830500000000001E+001, 9.26835179328918457E-001, 1.11806427594274282E-003
14,200, 1.05835699999999999E+001, 9.26446735858917236E-001, 1.19670690037310123E-003
14,201, 1.05840599999999991E+001, 9.26119804382324219E-001, 1.26380217261612415E-003
14,202, 1.05845300000000009E+001, 9.25841808319091797E-001, 1.32123823277652264E-003
14,203, 1.05849700000000002E+001, 9.25612449645996094E-001, 1.36870122514665127E-003
14,204, 1.05854099999999995E+001, 9.25411760807037354E-001, 1.41012773383408785E-003
14,205, 1.05858500000000006E+001, 9.25238490104675293E-001, 1.44569389522075653E-003
14,206, 1.05862900000000000E+001, 9.25090909004211426E-001, 1.47567992098629475E-003
14,207, 1.05867299999999993E+001, 9.24967288970947266E-001, 1.50043144822120667E-003
14,208, 1.05871800000000000E+001, 9.24863815307617188E-001, 1.52071053162217140E-003
14,209, 1.05876300000000008E+001, 9.24781441688537598E-001, 1.53633824083954096E-003
14,210, 1.05881100000000004E+001, 9.24714744091033936E-001, 1.54836254660040140E-003
14,211, 1.05885899999999999E+001, 9.24667537212371826E-001, 1.55608111526817083E-003
14,212, 1.05891000000000002E+001, 9.24636363983154297E-001, 1.56013749074190855E-003
14,213, 1.05896399999999993E+001, 9.24621999263763428E-001, 1.56038475688546896E-003
14,214, 1.05901999999999994E+001, 9.24624443054199219E-001, 1.55684642959386110E-003
14,215, 1.05907900000000001E+001, 9.24643337726593018E-001, 1.54962542001157999E-003
14,216, 1.05914300000000008E+001, 9.24679577350616455E-001, 1.53848354239016771E-003
14,217, 1.05921199999999995E+001, 9.24733459949493408E-001, 1.52333476580679417E-003
14,218, 1.05928599999999999E+001, 9.24804747104644775E-001, 1.50434602983295918E-003
14,219, 1.05936699999999995E+001, 9.24894928932189941E-001, 1.48120068479329348E-003
14,220, 1.05945699999999992E+001, 9.25005674362182617E-001, 1.45347428042441607E-003
14,221, 1.05955800000000000E+001, 9.25138652324676514E-001, 1.42093223985284567E-003
14,222, 1.05967099999999999E+001, 9.25293385982513428E-001, 1.38383661396801472E-003
14,223, 1.05980299999999996E+001, 9.25476789474487305E-001, 1.34058727417141199E-003
14,224, 1.05995799999999996E+001, 9.25689995288848877E-001, 1.29127071704715490E-003
14,225, 1.06014499999999998E+001, 9.25938189029693604E-001, 1.23506016097962856E-003
14,226, 1.06037800000000004E+001, 9.26228225231170654E-001, 1.17067864630371332E-003
14,227, 1.06068300000000004E+001, 9.26571786403656006E-001, 1.09685910865664482E-003
14,228, 1.06111100000000000E+001, 9.26987409591674805E-001, 1.01066543720662594E-003
14,229, 1.06178299999999997E+001, 9.27509248256683350E-001, 9.09380090888589621E-004
14,230, 1.06310300000000009E+001, 9.28219437599182129E-001, 7.84474192187190056E-004
14,231, 1.06869999999999994E+001, 9.29519832134246826E-001, 6.21163228061050177E-004
14,232, 1.06899999999999995E+001, 9.29559588432312012E-001, 6.18143763858824968E-004
14,233, 1.07130899999999993E+001, 9.29828584194183350E-001, 5.95148361753672361E-004
14,234, 1.07297499999999992E+001, 9.29994702339172363E-001, 5.87015761993825436E-004
14,235, 1.07425599999999992E+001, 9.30113196372985840E-001, 5.84262365009635687E-004
14,236, 1.07528600000000001E+001, 9.30204868316650391E-001, 5.83380402531474829E-004
14,237, 1.07614099999999997E+001, 9.30278956890106201E-001, 5.82822074647992849E-004
14,238, 1.07686899999999994E+001, 9.30340647697448730E-001, 5.83164219278842211E-004
14,239, 1.07750000000000004E+001, 9.30392742156982422E-001, 5.84158871788531542E-004
14,240, 1.07805700000000009E+001, 9.30437326431274414E-001, 5.85328438319265842E-004
14,241, 1.07855399999999992E+001, 9.30475533008575439E-001, 5.86503359954804182E-004
14,242, 1.07900399999999994E+001, 9.30508434772491455E-001, 5.87485381402075291E-004
14,243, 1.07941400000000005E+001, 9.30536448955535889E-001, 5.88222930673509836E-004
14,244, 1.07979099999999999E+001, 9.30560111999511719E-001, 5.88816881645470858E-004
14,245, 1.08014100000000006E+001, 9.30579900741577148E-001, 5.89127535931766033E-004
14,246, 1.08046799999999994E+001, 9.30595934391021729E-001, 5.89223578572273254E-004
14,247, 1.08077500000000004E+001, 9.30608510971069336E-001, 5.89011819101870060E-004
14,248, 1.08106500000000008E+001, 9.30617749691009521E-001, 5.88370312470942736E-004
14,249, 1.08134099999999993E+001, 9.30623710155487061E-001, 5.87419955991208553E-004
14,250, 1.08160399999999992E+001, 9.30626511573791504E-001, 5.86078094784170389E-004
14,251, 1.08185800000000008E+001, 9.30626153945922852E-001, 5.84375113248825073E-004
14,252, 1.08210200000000007E+001, 9.30622577667236328E-001, 5.82306587602943182E-004
14,253, 1.08233899999999998E+001, 9.30615782737731934E-001, 5.79835497774183750E-004
14,254, 1.08256999999999994E+001, 9.30605649948120117E-001, 5.76875230763107538E-004
14,255, 1.08279599999999991E+001, 9.30592119693756104E-001, 5.73495053686201572E-004
14,256, 1.08301900000000000E+001, 9.30574893951416016E-001, 5.69668307434767485E-004
14,257, 1.08323999999999998E+001, 9.30553853511810303E-001, 5.65377878956496716E-004
14,258, 1.08346000000000000E+001, 9.30528640747070312E-001, 5.60620159376412630E-004
14,259, 1.08368099999999998E+001, 9.30498838424682617E-001, 5.55377104319632053E-004
14,260, 1.08390599999999999E+001, 9.30463612079620361E-001, 5.49622229300439358E-004
14,261, 1.08413500000000003E+001, 9.30422663688659668E-001, 5.43230504263192415E-004
14,262, 1.08437400000000004E+001, 9.30374264717102051E-001, 5.36242558155208826E-004
14,263, 1.08462599999999991E+001, 9.30316984653472900E-001, 5.28857694007456303E-004
14,264, 1.08490000000000002E+001, 9.30247545242309570E-001, 5.19595458172261715E-004
14,265, 1.08521199999999993E+001, 9.30159866809844971E-001, 5.09634905029088259E-004
14,266, 1.08560099999999995E+001, 9.30039286613464355E-001, 4.99191868584603071E-004
14,267, 1.08650000000000002E+001, 9.29728567600250244E-001, 4.84515738207846880E-004
14,268, 1.08728800000000003E+001, 9.29450571537017822E-001, 4.90140810143202543E-004
14,269, 1.08762699999999999E+001, 9.29338514804840088E-001, 4.96683700475841761E-004
14,270, 1.08789499999999997E+001, 9.29255425930023193E-001, 5.02762151882052422E-004
14,271, 1.08812800000000003E+001, 9.29187834262847900E-001, 5.09027042426168919E-004
14,272, 1.08834000000000000E+001, 9.29130494594573975E-001, 5.14857645612210035E-004
14,273, 1.08853899999999992E+001, 9.29080486297607422E-001, 5.19903784152120352E-004
14,274, 1.08872800000000005E+001, 9.29036557674407959E-001, 5.24747185409069061E-004
14,275, 1.08890999999999991E+001, 9.28997516632080078E-001, 5.29383250977844000E-004
14,276, 1.08908799999999992E+001, 9.28962528705596924E-001, 5.33676997292786837E-004
14,277, 1.08926200000000009E+001, 9.28931295871734619E-001, 5.37687505129724741E-004
14,278, 1.08943399999999997E+001, 9.28903281688690186E-001, 5.41443063411861658E-004
14,279, 1.08960500000000007E+001, 9.28878188133239746E-001, 5.44932612683624029E-004
14,280, 1.08977500000000003E+001, 9.28855836391448975E-001, 5.48139505553990602E-004
14,281, 1.08994599999999995E+001, 9.28835928440093994E-001, 5.51085628103464842E-004
14,282, 1.09011899999999997E+001, 9.28818345069885254E-001, 5.53778838366270065E-004
14,283, 1.09029199999999999E+001, 9.28803086280822754E-001, 5.56181999854743481E-004
14,284, 1.09046800000000008E+001, 9.28789913654327393E-001, 5.58339117560535669E-004
14,285, 1.09064800000000002E+001, 9.28778767585754395E-001, 5.60255546588450670E-004
14,286, 1.09083000000000006E+001, 9.28769648075103760E-001, 5.61915047001093626E-004
14,287, 1.09101700000000008E+001, 9.28762495517730713E-001, 5.63303416129201651E-004
14,288, 1.09120799999999996E+001, 9.28757309913635254E-001, 5.64432295504957438E-004
14,289, 1.09140599999999992E+001, 9.28753912448883057E-001, 5.65349764656275511E-004
14,290, 1.09160900000000005E+001, 9.28752541542053223E-001, 5.66055183298885822E-004
14,291, 1.09182000000000006E+001, 9.28753018379211426E-001, 5.66574046388268471E-004
14,292, 1.09203799999999998E+001, 9.28755402565002441E-001, 5.66884118597954512E-004
14,293, 1.09226600000000005E+001, 9.28759753704071045E-001, 5.66947332117706537E-004
14,294, 1.09250399999999992E+001, 9.28766071796417236E-001, 5.66824572160840034E-004
14,295, 1.09275400000000005E+001, 9.28774535655975342E-001, 5.66612405236810446E-004
14,296, 1.09301700000000004E+001, 9.28785085678100586E-001, 5.66376373171806335E-004
14,297, 1.09329499999999999E+001, 9.28797841072082520E-001, 5.66150527447462082E-004
14,298, 1.09359000000000002E+001, 9.28812921047210693E-001, 5.66054310183972120E-004
14,299, 1.09390499999999999E+001, 9.28830444812774658E-001, 5.66308677662163973E-004
14,300, 1.09424200000000003E+001, 9.28850531578063965E-001, 5.64848945941776037E-004
14,301, 1.09460599999999992E+001, 9.28873360157012939E-001, 5.61987340915948153E-004
14,302, 1.09499999999999993E+001, 9.28899049758911133E-001, 5.58838364668190479E-004
14,303, 1.09749999999999996E+001, 9.29049551486968994E-001, 5.49685326404869556E-004
14,304, 1.09763800000000007E+001, 9.29055035114288330E-001, 5.49544522073119879E-004
14,305, 1.09777100000000001E+001, 9.29059684276580811E-001, 5.49356685951352119E-004
14,306, 1.09789999999999992E+001, 9.29063677787780762E-001, 5.49112912267446518E-004
14,307, 1.09802499999999998E+001, 9.29066896438598633E-001, 5.48794923815876245E-004
14,308, 1.09814600000000002E+001, 9.29069340229034424E-001, 5.48397016245871782E-004
14,309, 1.09826300000000003E+001, 9.29071128368377686E-001, 5.47931063920259476E-004
14,310, 1.09837699999999998E+001, 9.29072141647338867E-001, 5.47389616258442402E-004
14,311, 1.09848900000000000E+001, 9.29072499275207520E-001, 5.46764465980231762E-004
14,312, 1.09859799999999996E+001, 9.29072141647338867E-001, 5.44763170182704926E-004
14,313, 1.09870500000000000E+001, 9.29071009159088135E-001, 5.42708381544798613E-004
14,314, 1.09880999999999993E+001, 9.29069221019744873E-001, 5.40709646884351969E-004
14,315, 1.09891299999999994E+001, 9.29066717624664307E-001, 5.38738502655178308E-004
14,316, 1.09901400000000002E+001, 9.29063439369201660E-001, 5.36757288500666618E-004
14,317, 1.09911399999999997E+001, 9.29059445858001709E-001, 5.34729799255728722E-004
14,318, 1.09921299999999995E+001, 9.29054617881774902E-001, 5.32662088517099619E-004
14,319, 1.09931000000000001E+001, 9.29049074649810791E-001, 5.30567136593163013E-004
14,320, 1.09940700000000007E+001, 9.29042696952819824E-001, 5.28396689333021641E-004
14,321, 1.09950399999999995E+001, 9.29035425186157227E-001, 5.26144052855670452E-004
14,322, 1.09960000000000004E+001, 9.29027318954467773E-001, 5.23812021128833294E-004
14,323, 1.09969699999999992E+001, 9.29018139839172363E-001, 5.21358102560043335E-004
14,324, 1.09979300000000002E+001, 9.29008126258850098E-001, 5.18845394253730774E-004
14,325, 1.09989000000000008E+001, 9.28996920585632324E-001, 5.16237632837146521E-004
14,326, 1.09998799999999992E+001, 9.28984642028808594E-001, 5.13499428052455187E-004
14,327, 1.10008700000000008E+001, 9.28972423076629639E-001, 5.10566169396042824E-004
14,328, 1.10018799999999999E+001, 9.28957402706146240E-001, 5.07646414916962385E-004
14,329, 1.10029000000000003E+001, 9.28941071033477783E-001, 5.04522409755736589E-004
14,330, 1.10039599999999993E+001, 9.28922832012176514E-001, 5.01380593050271273E-004
14,331, 1.10050600000000003E+001, 9.28902447223663330E-001, 4.97651519253849983E-004
14,332, 1.10062099999999994E+001, 9.28879737854003906E-001, 4.93797066155821085E-004
14,333, 1.10074199999999998E+001, 9.28854167461395264E-001, 4.89904778078198433E-004
14,334, 1.10087299999999999E+001, 9.28824722766876221E-001, 4.85999888041988015E-004
14,335, 1.10101800000000001E+001, 9.28790032863616943E-001, 4.81449562357738614E-004
14,336, 1.10118600000000004E+001, 9.28747355937957764E-001, 4.76555287605151534E-004
14,337, 1.10139899999999997E+001, 9.28689956665039062E-001, 4.71522507723420858E-004
14,338, 1.10190000000000001E+001, 9.28545057773590088E-001, 4.64592070784419775E-004
14,339, 1.10240100000000005E+001, 9.28397178649902344E-001, 4.66033990960568190E-004
14,340, 1.10261399999999998E+001, 9.28336799144744873E-001, 4.68873331556096673E-004
14,341, 1.10278200000000002E+001, 9.28291082382202148E-001, 4.72131097922101617E-004
14,342, 1.10292700000000004E+001, 9.28253293037414551E-001, 4.75338427349925041E-004
14,343, 1.10305800000000005E+001, 9.28220629692077637E-001, 4.78072848636657000E-004
14,344, 1.10317900000000009E+001, 9.28191840648651123E-001, 4.80935035739094019E-004
14,345, 1.10329400000000000E+001, 9.28165733814239502E-001, 4.83853567857295275E-004
14,346, 1.10340399999999992E+001, 9.28141951560974121E-001, 4.86722565256059170E-004
14,347, 1.10350999999999999E+001, 9.28120195865631104E-001, 4.89044061396270990E-004
14,348, 1.10361200000000004E+001, 9.28100228309631348E-001, 4.91409038659185171E-004
14,349, 1.10371299999999994E+001, 9.28081512451171875E-001, 4.93591418489813805E-004
14,350, 1.10381199999999993E+001, 9.28064107894897461E-001, 4.95745101943612099E-004
14,351, 1.10390999999999995E+001, 9.28047776222229004E-001, 4.97805071063339710E-004
14,352, 1.10400700000000001E+001, 9.28032517433166504E-001, 4.99753456097096205E-004
14,353, 1.10410299999999992E+001, 9.28018331527709961E-001, 5.01624483149498701E-004
14,354, 1.10419999999999998E+001, 9.28004860877990723E-001, 5.03436836879700422E-004
14,355, 1.10429600000000008E+001, 9.27992403507232666E-001, 5.05137082654982805E-004
14,356, 1.10439200000000000E+001, 9.27980840206146240E-001, 5.06734766531735659E-004
14,357, 1.10449000000000002E+001, 9.27969813346862793E-001, 5.08284079842269421E-004
14,358, 1.10458700000000007E+001, 9.27959740161895752E-001, 5.09737641550600529E-004
14,359, 1.10468600000000006E+001, 9.27950263023376465E-001, 5.11144578922539949E-004
14,360, 1.10478600000000000E+001, 9.27941441535949707E-001, 5.12495171278715134E-004
14,361, 1.10488700000000009E+001, 9.27933335304260254E-001, 5.13775914441794157E-004
14,362, 1.10498999999999992E+001, 9.27925765514373779E-001, 5.15009742230176926E-004
14,363, 1.10509500000000003E+001, 9.27918672561645508E-001, 5.16209111083298922E-004
14,364, 1.10520200000000006E+001, 9.27912235260009766E-001, 5.17407839652150869E-004
14,365, 1.10531100000000002E+001, 9.27906274795532227E-001, 5.18563319928944111E-004
14,366, 1.10542300000000004E+001, 9.27900850772857666E-001, 5.19077409990131855E-004
14,367, 1.10553699999999999E+001, 9.27896022796630859E-001, 5.19634166266769171E-004
14,368, 1.10565400000000000E+001, 9.27891671657562256E-001, 5.20284229423850775E-004
14,369, 1.10577500000000004E+001, 9.27887737751007080E-001, 5.21105772349983454E-004
14,370, 1.10589999999999993E+001, 9.27884340286254883E-001, 5.22189948242157698E-004
14,371, 1.10602900000000002E+001, 9.27881419658660889E-001, 5.23188791703432798E-004
14,372, 1.10616199999999996E+001, 9.27879035472869873E-001, 5.22556831128895283E-004
14,373, 1.10630000000000006E+001, 9.27877306938171387E-001, 5.21842564921826124E-004
14,374, 1.10700000000000003E+001, 9.27877247333526611E-001, 5.17707841936498880E-004
14,375, 1.10920000000000005E+001, 9.27918612957000732E-001, 5.14654268044978380E-004
14,376, 1.11150000000000002E+001, 9.27969276905059814E-001, 5.16743573825806379E-004
14,377, 1.11370000000000005E+001, 9.28006827831268311E-001, 5.23827504366636276E-004
14,378, 1.11600000000000001E+001, 9.28036093711853027E-001, 5.36343723069876432E-004
14,379, 1.11820000000000004E+001, 9.28055524826049805E-001, 5.52216486539691687E-004
14,380, 1.12050000000000001E+001, 9.28070485591888428E-001, 5.72224322240799665E-004
14,381, 1.12270000000000003E+001, 9.28081631660461426E-001, 5.94304816331714392E-004
14,382, 1.12500000000000000E+001, 9.28091824054718018E-001, 6.20082370005548000E-004
14,383, 1.12729999999999997E+001, 9.28101897239685059E-001, 6.48789107799530029E-004
14,384, 1.12949999999999999E+001, 9.28112804889678955E-001, 6.79118325933814049E-004
14,385, 1.13179999999999996E+001, 9.28126454353332520E-001, 7.14527966920286417E-004
14,386, 1.13399999999999999E+001, 9.28147435188293457E-001, 7.52533436752855778E-004
14,387, 1.13629999999999995E+001, 9.28132057189941406E-001, 7.54744454752653837E-004
14,388, 1.13849999999999998E+001, 9.28117394447326660E-001, 7.56867637392133474E-004
15,1, 1.10700000000000003E+001, 9.27990376949310303E-001, 5.53213176317512989E-004
15,2, 1.06310300000000009E+001, 9.28219437599182129E-001, 7.84474192187190056E-004
15,3, 1.06869999999999994E+001, 9.29519832134246826E-001, 6.21163228061050177E-004
15,4, 1.06899999999999995E+001, 9.29559588432312012E-001, 6.18143763858824968E-004
15,5, 1.07130899999999993E+001, 9.29828584194183350E-001, 5.95148361753672361E-004
15,6, 1.07297499999999992E+001, 9.29994702339172363E-001, 5.87015761993825436E-004
15,7, 1.07425599999999992E+001, 9.30113196372985840E-001, 5.84262365009635687E-004
15,8, 1.07528600000000001E+001, 9.30204868316650391E-001, 5.83380402531474829E-004
15,9, 1.07614099999999997E+001, 9.30278956890106201E-001, 5.82822074647992849E-004
15,10, 1.07686899999999994E+001, 9.30340647697448730E-001, 5.83164219278842211E-004
15,11, 1.07750000000000004E+001, 9.30392742156982422E-001, 5.84158871788531542E-004
15,12, 1.07805700000000009E+001, 9.30437326431274414E-001, 5.85328438319265842E-004
15,13, 1.07855399999999992E+001, 9.30475533008575439E-001, 5.86503359954804182E-004
15,14, 1.07900399999999994E+001, 9.30508434772491455E-001, 5.87485381402075291E-004
15,15, 1.07941400000000005E+001, 9.30536448955535889E-001, 5.88222930673509836E-004
15,16, 1.07979099999999999E+001, 9.30560111999511719E-001, 5.88816881645470858E-004
15,17, 1.08014100000000006E+001, 9.30579900741577148E-001, 5.89127535931766033E-004
15,18, 1.08046799999999994E+001, 9.30595934391021729E-001, 5.89223578572273254E-004
15,19, 1.08077500000000004E+001, 9.30608510971069336E-001, 5.89011819101870060E-004
15,20, 1.08106500000000008E+001, 9.30617749691009521E-001, 5.88370312470942736E-004
15,21, 1.08134099999999993E+001, 9.30623710155487061E-001, 5.87419955991208553E-004
15,22, 1.08160399999999992E+001, 9.30626511573791504E-001, 5.86078094784170389E-004
15,23, 1.08185800000000008E+001, 9.30626153945922852E-001, 5.84375113248825073E-004
15,24, 1.08210200000000007E+001, 9.30622577667236328E-001, 5.82306587602943182E-004
15,25, 1.08233899999999998E+001, 9.30615782737731934E-001, 5.79835497774183750E-004
15,26, 1.08256999999999994E+001, 9.30605649948120117E-001, 5.76875230763107538E-004
15,27, 1.08279599999999991E+001, 9.30592119693756104E-001, 5.73495053686201572E-004
15,28, 1.08301900000000000E+001, 9.30574893951416016E-001, 5.69668307434767485E-004
15,29, 1.08323999999999998E+001, 9.30553853511810303E-001, 5.65377878956496716E-004
15,30, 1.08346000000000000E+001, 9.30528640747070312E-001, 5.60620159376412630E-004
15,31, 1.08368099999999998E+001, 9.30498838424682617E-001, 5.55377104319632053E-004
15,32, 1.08390599999999999E+001, 9.30463612079620361E-001, 5.49622229300439358E-004
15,33, 1.08413500000000003E+001, 9.30422663688659668E-001, 5.43230504263192415E-004
15,34, 1.08437400000000004E+001, 9.30374264717102051E-001, 5.36242558155208826E-004
15,35, 1.08462599999999991E+001, 9.30316984653472900E-001, 5.28857694007456303E-004
15,36, 1.08490000000000002E+001, 9.30247545242309570E-001, 5.19595458172261715E-004
15,37, 1.08521199999999993E+001, 9.30159866809844971E-001, 5.09634905029088259E-004
15,38, 1.08560099999999995E+001, 9.30039286613464355E-001, 4.99191868584603071E-004
15,39, 1.08650000000000002E+001, 9.29728567600250244E-001, 4.84515738207846880E-004
15,40, 1.08728800000000003E+001, 9.29450571537017822E-001, 4.90140810143202543E-004
15,41, 1.08762699999999999E+001, 9.29338514804840088E-001, 4.96683700475841761E-004
15,42, 1.08789499999999997E+001, 9.29255425930023193E-001, 5.02762151882052422E-004
15,43, 1.08812800000000003E+001, 9.29187834262847900E-001, 5.09027042426168919E-004
15,44, 1.08834000000000000E+001, 9.29130494594573975E-001, 5.14857645612210035E-004
15,45, 1.08853899999999992E+001, 9.29080486297607422E-001, 5.19903784152120352E-004
15,46, 1.08872800000000005E+001, 9.29036557674407959E-001, 5.24747185409069061E-004
15,47, 1.08890999999999991E+001, 9.28997516632080078E-001, 5.29383250977844000E-004
15,48, 1.08908799999999992E+001, 9.28962528705596924E-001, 5.33676997292786837E-004
15,49, 1.08926200000000009E+001, 9.28931295871734619E-001, 5.37687505129724741E-004
15,50, 1.08943399999999997E+001, 9.28903281688690186E-001, 5.41443063411861658E-004
15,51, 1.08960500000000007E+001, 9.28878188133239746E-001, 5.44932612683624029E-004
15,52, 1.08977500000000003E+001, 9.28855836391448975E-001, 5.48139505553990602E-004
15,53, 1.08994599999999995E+001, 9.28835928440093994E-001, 5.51085628103464842E-004
15,54, 1.09011899999999997E+001, 9.28818345069885254E-001, 5.53778838366270065E-004
15,55, 1.09029199999999999E+001, 9.28803086280822754E-001, 5.56181999854743481E-004
15,56, 1.09046800000000008E+001, 9.28789913654327393E-001, 5.58339117560535669E-004
15,57, 1.09064800000000002E+001, 9.28778767585754395E-001, 5.60255546588450670E-004
15,58, 1.09083000000000006E+001, 9.28769648075103760E-001, 5.61915047001093626E-004
15,59, 1.09101700000000008E+001, 9.28762495517730713E-001, 5.63303416129201651E-004
15,60, 1.09120799999999996E+001, 9.28757309913635254E-001, 5.64432295504957438E-004
15,61, 1.09140599999999992E+001, 9.28753912448883057E-001, 5.65349764656275511E-004
15,62, 1.09160900000000005E+001, 9.28752541542053223E-001, 5.66055183298885822E-004
15,63, 1.09182000000000006E+001, 9.28753018379211426E-001, 5.66574046388268471E-004
15,64, 1.09203799999999998E+001, 9.28755402565002441E-001, 5.66884118597954512E-004
15,65, 1.09226600000000005E+001, 9.28759753704071045E-001, 5.66947332117706537E-004
15,66, 1.09250399999999992E+001, 9.28766071796417236E-001, 5.66824572160840034E-004
15,67, 1.09275400000000005E+001, 9.28774535655975342E-001, 5.66612405236810446E-004
15,68, 1.09301700000000004E+001, 9.28785085678100586E-001, 5.66376373171806335E-004
15,69, 1.09329499999999999E+001, 9.28797841072082520E-001, 5.66150527447462082E-004
15,70, 1.09359000000000002E+001, 9.28812921047210693E-001, 5.66054310183972120E-004
15,71, 1.09390499999999999E+001, 9.28830444812774658E-001, 5.66308677662163973E-004
15,72, 1.09424200000000003E+001, 9.28850531578063965E-001, 5.64848945941776037E-004
15,73, 1.09460599999999992E+001, 9.28873360157012939E-001, 5.61987340915948153E-004
15,74, 1.09499999999999993E+001, 9.28899049758911133E-001, 5.58838364668190479E-004
15,75, 1.09749999999999996E+001, 9.29049551486968994E-001, 5.49685326404869556E-004
15,76, 1.09763800000000007E+001, 9.29055035114288330E-001, 5.49544522073119879E-004
15,77, 1.09777100000000001E+001, 9.29059684276580811E-001, 5.49356685951352119E-004
15,78, 1.09789999999999992E+001, 9.29063677787780762E-001, 5.49112912267446518E-004
15,79, 1.09802499999999998E+001, 9.29066896438598633E-001, 5.48794923815876245E-004
15,80, 1.09814600000000002E+001, 9.29069340229034424E-001, 5.48397016245871782E-004
15,81, 1.09826300000000003E+001, 9.29071128368377686E-001, 5.47931063920259476E-004
15,82, 1.09837699999999998E+001, 9.29072141647338867E-001, 5.47389616258442402E-004
15,83, 1.09848900000000000E+001, 9.29072499275207520E-001, 5.46764465980231762E-004
15,84, 1.09859799999999996E+001, 9.29072141647338867E-001, 5.44763170182704926E-004
15,85, 1.09870500000000000E+001, 9.29071009159088135E-001, 5.42708381544798613E-004
15,86, 1.09880999999999993E+001, 9.29069221019744873E-001, 5.40709646884351969E-004
15,87, 1.09891299999999994E+001, 9.29066717624664307E-001, 5.38738502655178308E-004
15,88, 1.09901400000000002E+001, 9.29063439369201660E-001, 5.36757288500666618E-004
15,89, 1.09911399999999997E+001, 9.29059445858001709E-001, 5.34729799255728722E-004
15,90, 1.09921299999999995E+001, 9.29054617881774902E-001, 5.32662088517099619E-004
15,91, 1.09931000000000001E+001, 9.29049074649810791E-001, 5.30567136593163013E-004
15,92, 1.09940700000000007E+001, 9.29042696952819824E-001, 5.28396689333021641E-004
15,93, 1.09950399999999995E+001, 9.29035425186157227E-001, 5.26144052855670452E-004
15,94, 1.09960000000000004E+001, 9.29027318954467773E-001, 5.23812021128833294E-004
15,95, 1.09969699999999992E+001, 9.29018139839172363E-001, 5.21358102560043335E-004
15,96, 1.09979300000000002E+001, 9.29008126258850098E-001, 5.18845394253730774E-004
15,97, 1.09989000000000008E+001, 9.28996920585632324E-001, 5.16237632837146521E-004
15,98, 1.09998799999999992E+001, 9.28984642028808594E-001, 5.13499428052455187E-004
15,99, 1.10008700000000008E+001, 9.28972423076629639E-001, 5.10566169396042824E-004
15,100, 1.10018799999999999E+001, 9.28957402706146240E-001, 5.07646414916962385E-004
15,101, 1.10029000000000003E+001, 9.28941071033477783E-001, 5.04522409755736589E-004
15,102, 1.10039599999999993E+001, 9.28922832012176514E-001, 5.01380593050271273E-004
15,103, 1.10050600000000003E+001, 9.28902447223663330E-001, 4.97651519253849983E-004
15,104, 1.10062099999999994E+001, 9.28879737854003906E-001, 4.93797066155821085E-004
15,105, 1.10074199999999998E+001, 9.28854167461395264E-001, 4.89904778078198433E-004
15,106, 1.10087299999999999E+001, 9.28824722766876221E-001, 4.85999888041988015E-004
15,107, 1.10101800000000001E+001, 9.28790032863616943E-001, 4.81449562357738614E-004
15,108, 1.10118600000000004E+001, 9.28747355937957764E-001, 4.76555287605151534E-004
15,109, 1.10139899999999997E+001, 9.28689956665039062E-001, 4.71522507723420858E-004
15,110, 1.10190000000000001E+001, 9.28545057773590088E-001, 4.64592070784419775E-004
15,111, 1.10240100000000005E+001, 9.28397178649902344E-001, 4.66033990960568190E-004
15,112, 1.10261399999999998E+001, 9.28336799144744873E-001, 4.68873331556096673E-004
15,113, 1.10278200000000002E+001, 9.28291082382202148E-001, 4.72131097922101617E-004
15,114, 1.10292700000000004E+001, 9.28253293037414551E-001, 4.75338427349925041E-004
15,115, 1.10305800000000005E+001, 9.28220629692077637E-001, 4.78072848636657000E-004
15,116, 1.10317900000000009E+001, 9.28191840648651123E-001, 4.80935035739094019E-004
15,117, 1.10329400000000000E+001, 9.28165733814239502E-001, 4.83853567857295275E-004
15,118, 1.10340399999999992E+001, 9.28141951560974121E-001, 4.86722565256059170E-004
15,119, 1.10350999999999999E+001, 9.28120195865631104E-001, 4.89044061396270990E-004
15,120, 1.10361200000000004E+001, 9.28100228309631348E-001, 4.91409038659185171E-004
15,121, 1.10371299999999994E+001, 9.28081512451171875E-001, 4.93591418489813805E-004
15,122, 1.10381199999999993E+001, 9.28064107894897461E-001, 4.95745101943612099E-004
15,123, 1.10390999999999995E+001, 9.28047776222229004E-001, 4.97805071063339710E-004
15,124, 1.10400700000000001E+001, 9.28032517433166504E-001, 4.99753456097096205E-004
15,125, 1.10410299999999992E+001, 9.28018331527709961E-001, 5.01624483149498701E-004
15,126, 1.10419999999999998E+001, 9.28004860877990723E-001, 5.03436836879700422E-004
15,127, 1.10429600000000008E+001, 9.27992403507232666E-001, 5.05137082654982805E-004
15,128, 1.10439200000000000E+001, 9.27980840206146240E-001, 5.06734766531735659E-004
15,129, 1.10449000000000002E+001, 9.27969813346862793E-001, 5.08284079842269421E-004
15,130, 1.10458700000000007E+001, 9.27959740161895752E-001, 5.09737641550600529E-004
15,131, 1.10468600000000006E+001, 9.27950263023376465E-001, 5.11144578922539949E-004
15,132, 1.10478600000000000E+001, 9.27941441535949707E-001, 5.12495171278715134E-004
15,133, 1.10488700000000009E+001, 9.27933335304260254E-001, 5.13775914441794157E-004
15,134, 1.10498999999999992E+001, 9.27925765514373779E-001, 5.15009742230176926E-004
15,135, 1.10509500000000003E+001, 9.27918672561645508E-001, 5.16209111083298922E-004
15,136, 1.10520200000000006E+001, 9.27912235260009766E-001, 5.17407839652150869E-004
15,137, 1.10531100000000002E+001, 9.27906274795532227E-001, 5.18563319928944111E-004
15,138, 1.10542300000000004E+001, 9.27900850772857666E-001, 5.19077409990131855E-004
15,139, 1.10553699999999999E+001, 9.27896022796630859E-001, 5.19634166266769171E-004
15,140, 1.10565400000000000E+001, 9.27891671657562256E-001, 5.20284229423850775E-004
15,141, 1.10577500000000004E+001, 9.27887737751007080E-001, 5.21105772349983454E-004
15,142, 1.10589999999999993E+001, 9.27884340286254883E-001, 5.22189948242157698E-004
15,143, 1.10602900000000002E+001, 9.27881419658660889E-001, 5.23188791703432798E-004
15,144, 1.10616199999999996E+001, 9.27879035472869873E-001, 5.22556831128895283E-004
15,145, 1.10630000000000006E+001, 9.27877306938171387E-001, 5.21842564921826124E-004
15,146, 1.10700000000000003E+001, 9.27877247333526611E-001, 5.17707841936498880E-004
15,147, 1.10920000000000005E+001, 9.27918612957000732E-001, 5.14654268044978380E-004
15,148, 1.11150000000000002E+001, 9.27969276905059814E-001, 5.16743573825806379E-004
15,149, 1.11370000000000005E+001, 9.28006827831268311E-001, 5.23827504366636276E-004
15,150, 1.11600000000000001E+001, 9.28036093711853027E-001, 5.36343723069876432E-004
15,151, 1.11820000000000004E+001, 9.28055524826049805E-001, 5.52216486539691687E-004
15,152, 1.12050000000000001E+001, 9.28070485591888428E-001, 5.72224322240799665E-004
15,153, 1.12270000000000003E+001, 9.28081631660461426E-001, 5.94304816331714392E-004
15,154, 1.12500000000000000E+001, 9.28091824054718018E-001, 6.20082370005548000E-004
15,155, 1.12729999999999997E+001, 9.28101897239685059E-001, 6.48789107799530029E-004
15,156, 1.12949999999999999E+001, 9.28112804889678955E-001, 6.79118325933814049E-004
15,157, 1.13179999999999996E+001, 9.28126454353332520E-001, 7.14527966920286417E-004
15,158, 1.13399999999999999E+001, 9.28147435188293457E-001, 7.52533436752855778E-004
15,159, 1.13629999999999995E+001, 9.28132057189941406E-001, 7.54744454752653837E-004
15,160, 1.13849999999999998E+001, 9.28117394447326660E-001, 7.56867637392133474E-004
