{
  "public_status": "structural architecture integrated conditional; numerical closure open",
  "official_predictions_changed": false,
  "audit": "universal_tau_sigma_response_scaffold",
  "branch": "A-background-identity",
  "tau_grid": [
    0.0,
    0.01,
    0.02,
    0.05,
    0.1
  ],
  "tau_grid_fit_to_masses": false,
  "tau_fit_to_masses": false,
  "sigma_fit_to_masses": false,
  "observed_masses_used": false,
  "target_ratios_used": false,
  "CKM_PMNS_used": false,
  "charged_precision_closure": "OPEN",
  "a": 1.157054135733433,
  "a_formula": "alpha^{-1}/(12*pi^2)",
  "tau_definition": "tau = 1/(4 sigma r^2)",
  "universal_tau_only": true,
  "sector_specific_tau_sigma_allowed": false,
  "lambdas": {
    "Lambda_0": 0.0,
    "Lambda_1": 1.746951909783729,
    "Lambda_2": 4.987807639134916
  },
  "b20_magnitude": 1.599355231188356,
  "first_order_operator": [
    [
      0.0,
      0.0,
      -1.599355231188356
    ],
    [
      0.0,
      -1.746951909783729,
      0.0
    ],
    [
      0.0,
      0.0,
      -4.987807639134916
    ]
  ],
  "sector_curves": {
    "lepton": {
      "sector": "lepton",
      "generation_order": "tau_mu_e_by_K_eigenvalue_ascending",
      "eigenvalues": [
        2.999931975887785,
        3.6802888518434282,
        5.449030872949059
      ],
      "first_order_q_values": {
        "q_tau": -0.0002368557221455334,
        "q_mu": -1.7467850943041852,
        "q_e": -4.987737598892315
      },
      "sector_verdict": "JET_HEAT_STRENGTHENS_HIERARCHY",
      "curve": [
        {
          "tau": 0.0,
          "multipliers_by_generation_tau_mu_e": [
            0.9999999999999999,
            1.0000000000000002,
            1.0
          ],
          "Y_by_generation_tau_mu_e": [
            0.04979045520418141,
            0.025215690184592354,
            0.004300470374059385
          ],
          "ln_Y_tau_over_Y_mu": 0.6803568759556429,
          "ln_Y_mu_over_Y_e": 1.7687420211056313,
          "ln_Y_tau_over_Y_e": 2.4490988970612744
        },
        {
          "tau": 0.01,
          "multipliers_by_generation_tau_mu_e": [
            0.9999976466124642,
            0.9826838723067799,
            0.9513460782242512
          ],
          "Y_by_generation_tau_mu_e": [
            0.04979033802794474,
            0.02477905207348327,
            0.004091235624880975
          ],
          "ln_Y_tau_over_Y_mu": 0.697822327927911,
          "ln_Y_mu_over_Y_e": 1.8011515885742375,
          "ln_Y_tau_over_Y_e": 2.4989739165021487
        },
        {
          "tau": 0.02,
          "multipliers_by_generation_tau_mu_e": [
            0.9999953232134378,
            0.965667681166801,
            0.9050593657461897
          ],
          "Y_by_generation_tau_mu_e": [
            0.049790222344849595,
            0.024349977069575757,
            0.0038921809891564662
          ],
          "ln_Y_tau_over_Y_mu": 0.7152877184698992,
          "ln_Y_mu_over_Y_e": 1.8335612417179081,
          "ln_Y_tau_over_Y_e": 2.5488489601878075
        },
        {
          "tau": 0.05,
          "multipliers_by_generation_tau_mu_e": [
            0.9999885277977885,
            0.9163672120212862,
            0.779278477186609
          ],
          "Y_by_generation_tau_mu_e": [
            0.04978988399801111,
            0.023106831713647403,
            0.0033512640042831243
          ],
          "ln_Y_tau_over_Y_mu": 0.7676835118430304,
          "ln_Y_mu_over_Y_e": 1.9307907296002438,
          "ln_Y_tau_over_Y_e": 2.698474241443274
        },
        {
          "tau": 0.1,
          "multipliers_by_generation_tau_mu_e": [
            0.9999777551253151,
            0.8397308316546397,
            0.6072749618416008
          ],
          "Y_by_generation_tau_mu_e": [
            0.049789347621744896,
            0.021174392489453468,
            0.0026115679823078474
          ],
          "ln_Y_tau_over_Y_mu": 0.855008507836085,
          "ln_Y_mu_over_Y_e": 2.092841749680387,
          "ln_Y_tau_over_Y_e": 2.947850257516472
        }
      ]
    },
    "up": {
      "sector": "up",
      "generation_order": "tau_mu_e_by_K_eigenvalue_ascending",
      "eigenvalues": [
        2.9999814878665223,
        12.999274809775592,
        19.802734420332794
      ],
      "first_order_q_values": {
        "q_tau": -4.46765112177116e-06,
        "q_mu": -1.746951980001695,
        "q_e": -4.987803101265829
      },
      "sector_verdict": "JET_HEAT_STRENGTHENS_HIERARCHY",
      "curve": [
        {
          "tau": 0.0,
          "multipliers_by_generation_tau_mu_e": [
            1.0,
            1.0000000000000002,
            1.0
          ],
          "Y_by_generation_tau_mu_e": [
            0.04978799004125008,
            2.2619691702692297e-06,
            2.510624222917014e-09
          ],
          "ln_Y_tau_over_Y_mu": 9.99929332190907,
          "ln_Y_mu_over_Y_e": 6.803459610557201,
          "ln_Y_tau_over_Y_e": 16.80275293246627
        },
        {
          "tau": 0.01,
          "multipliers_by_generation_tau_mu_e": [
            0.9999999556043518,
            0.9826821893654043,
            0.9513454521737394
          ],
          "Y_by_generation_tau_mu_e": [
            0.04978798783087999,
            2.222796816517213e-06,
            2.3884709365893298e-09
          ],
          "ln_Y_tau_over_Y_mu": 10.016762795474383,
          "ln_Y_mu_over_Y_e": 6.835868123495741,
          "ln_Y_tau_over_Y_e": 16.852630918970124
        },
        {
          "tau": 0.02,
          "multipliers_by_generation_tau_mu_e": [
            0.9999999117639349,
            0.9656642888306004,
            0.9050581695318933
          ],
          "Y_by_generation_tau_mu_e": [
            0.049787985648153746,
            2.1843028501647788e-06,
            2.272260963575705e-09
          ],
          "ln_Y_tau_over_Y_mu": 10.03423226593463,
          "ln_Y_mu_over_Y_e": 6.86827663991753,
          "ln_Y_tau_over_Y_e": 16.90250890585216
        },
        {
          "tau": 0.05,
          "multipliers_by_generation_tau_mu_e": [
            0.9999997834787475,
            0.9163585567196583,
            0.7792758768072782
          ],
          "Y_by_generation_tau_mu_e": [
            0.049787979261092116,
            2.072774804212274e-06,
            1.9564688926472474e-09
          ],
          "ln_Y_tau_over_Y_mu": 10.086640658820583,
          "ln_Y_mu_over_Y_e": 6.965502210686388,
          "ln_Y_tau_over_Y_e": 17.052142869506973
        },
        {
          "tau": 0.1,
          "multipliers_by_generation_tau_mu_e": [
            0.9999995799093278,
            0.8397130797283711,
            0.6072708889838568
          ],
          "Y_by_generation_tau_mu_e": [
            0.049787969125779874,
            1.8994050982174027e-06,
            1.5246290037552199e-09
          ],
          "ln_Y_tau_over_Y_mu": 10.173987919063945,
          "ln_Y_mu_over_Y_e": 7.127544905688356,
          "ln_Y_tau_over_Y_e": 17.3015328247523
        }
      ]
    },
    "down": {
      "sector": "down",
      "generation_order": "tau_mu_e_by_K_eigenvalue_ascending",
      "eigenvalues": [
        2.999822158643241,
        7.1634416054734205,
        12.251702222277896
      ],
      "first_order_q_values": {
        "q_tau": -7.7782445614276e-05,
        "q_mu": -1.7468725199544377,
        "q_e": -4.987809246518595
      },
      "sector_verdict": "JET_HEAT_STRENGTHENS_HIERARCHY",
      "curve": [
        {
          "tau": 0.0,
          "multipliers_by_generation_tau_mu_e": [
            0.9999999999999998,
            1.0000000000000002,
            1.0000000000000004
          ],
          "Y_by_generation_tau_mu_e": [
            0.04979592335501964,
            0.0007743848347081551,
            4.776978987353869e-06
          ],
          "ln_Y_tau_over_Y_mu": 4.163619446830179,
          "ln_Y_mu_over_Y_e": 5.088260616804475,