{
  "public_status": "structural architecture integrated conditional; numerical closure open",
  "official_predictions_changed": false,
  "audit": "universal_tau_sigma_response_scaffold",
  "branch": "A-local",
  "tau_grid": [
    0.0,
    0.01,
    0.02,
    0.05,
    0.1
  ],
  "tau_grid_fit_to_masses": false,
  "tau_fit_to_masses": false,
  "sigma_fit_to_masses": false,
  "observed_masses_used": false,
  "target_ratios_used": false,
  "CKM_PMNS_used": false,
  "charged_precision_closure": "OPEN",
  "a": 1.157054135733433,
  "a_formula": "alpha^{-1}/(12*pi^2)",
  "tau_definition": "tau = 1/(4 sigma r^2)",
  "universal_tau_only": true,
  "sector_specific_tau_sigma_allowed": false,
  "lambdas": {
    "Lambda_0": 0.0,
    "Lambda_1": 1.746951909783729,
    "Lambda_2": 4.987807639134916
  },
  "b20_magnitude": 1.599355231188356,
  "first_order_operator": [
    [
      0.0,
      0.0,
      -1.599355231188356
    ],
    [
      0.0,
      -1.746951909783729,
      0.0
    ],
    [
      0.0,
      0.0,
      -4.987807639134916
    ]
  ],
  "sector_curves": {
    "lepton": {
      "sector": "lepton",
      "generation_order": "tau_mu_e_by_K_eigenvalue_ascending",
      "eigenvalues": [
        -6.802411221511499e-05,
        0.6802888518434282,
        2.449030872949059
      ],
      "first_order_q_values": {
        "q_tau": -0.00023685572214553354,
        "q_mu": -1.7467850943041843,
        "q_e": -4.987737598892313
      },
      "sector_verdict": "JET_HEAT_STRENGTHENS_HIERARCHY",
      "curve": [
        {
          "tau": 0.0,
          "multipliers_by_generation_tau_mu_e": [
            0.9999999999999999,
            0.9999999999999997,
            0.9999999999999997
          ],
          "Y_by_generation_tau_mu_e": [
            1.0000680264259072,
            0.5064706762462903,
            0.08637725648524447
          ],
          "ln_Y_tau_over_Y_mu": 0.6803568759556434,
          "ln_Y_mu_over_Y_e": 1.7687420211056304,
          "ln_Y_tau_over_Y_e": 2.449098897061274
        },
        {
          "tau": 0.01,
          "multipliers_by_generation_tau_mu_e": [
            0.9999976466124642,
            0.9826838723067794,
            0.9513460782242508
          ],
          "Y_by_generation_tau_mu_e": [
            1.000065672878279,
            0.49770056534353796,
            0.08217466420500759
          ],
          "ln_Y_tau_over_Y_mu": 0.6978223279279114,
          "ln_Y_mu_over_Y_e": 1.801151588574237,
          "ln_Y_tau_over_Y_e": 2.4989739165021483
        },
        {
          "tau": 0.02,
          "multipliers_by_generation_tau_mu_e": [
            0.9999953232134378,
            0.9656676811668006,
            0.9050593657461893
          ],
          "Y_by_generation_tau_mu_e": [
            1.0000633493212001,
            0.4890823635097367,
            0.0781765449694313
          ],
          "ln_Y_tau_over_Y_mu": 0.7152877184698995,
          "ln_Y_mu_over_Y_e": 1.833561241717908,
          "ln_Y_tau_over_Y_e": 2.5488489601878075
        },
        {
          "tau": 0.05,
          "multipliers_by_generation_tau_mu_e": [
            0.9999885277977885,
            0.9163672120212859,
            0.7792784771866088
          ],
          "Y_by_generation_tau_mu_e": [
            1.000056553443283,
            0.4641131215623485,
            0.06731193689737847
          ],
          "ln_Y_tau_over_Y_mu": 0.7676835118430307,
          "ln_Y_mu_over_Y_e": 1.9307907296002431,
          "ln_Y_tau_over_Y_e": 2.698474241443274
        },
        {
          "tau": 0.1,
          "multipliers_by_generation_tau_mu_e": [
            0.9999777551253151,
            0.8397308316546394,
            0.6072749618416003
          ],
          "Y_by_generation_tau_mu_e": [
            1.0000457800379832,
            0.42529904217298514,
            0.05245474513605898
          ],
          "ln_Y_tau_over_Y_mu": 0.8550085078360853,
          "ln_Y_mu_over_Y_e": 2.092841749680387,
          "ln_Y_tau_over_Y_e": 2.947850257516472
        }
      ]
    },
    "up": {
      "sector": "up",
      "generation_order": "tau_mu_e_by_K_eigenvalue_ascending",
      "eigenvalues": [
        -1.851213347749747e-05,
        9.999274809775589,
        16.802734420332797
      ],
      "first_order_q_values": {
        "q_tau": -4.46765112177116e-06,
        "q_mu": -1.746951980001695,
        "q_e": -4.987803101265829
      },
      "sector_verdict": "JET_HEAT_STRENGTHENS_HIERARCHY",
      "curve": [
        {
          "tau": 0.0,
          "multipliers_by_generation_tau_mu_e": [
            1.0,
            1.0000000000000002,
            1.0
          ],
          "Y_by_generation_tau_mu_e": [
            1.0000185123048282,
            4.543286528855495e-05,
            5.0427235529648846e-08
          ],
          "ln_Y_tau_over_Y_mu": 9.999293321909066,
          "ln_Y_mu_over_Y_e": 6.8034596105572085,
          "ln_Y_tau_over_Y_e": 16.802752932466273
        },
        {
          "tau": 0.01,
          "multipliers_by_generation_tau_mu_e": [
            0.9999999556043518,
            0.9826821893654043,
            0.9513454521737394
          ],
          "Y_by_generation_tau_mu_e": [
            1.0000184679083581,
            4.464606753090065e-05,
            4.797372118682544e-08
          ],
          "ln_Y_tau_over_Y_mu": 10.016762795474378,
          "ln_Y_mu_over_Y_e": 6.835868123495748,
          "ln_Y_tau_over_Y_e": 16.852630918970128
        },
        {
          "tau": 0.02,
          "multipliers_by_generation_tau_mu_e": [
            0.9999999117639349,
            0.9656642888306004,
            0.9050581695318933
          ],
          "Y_by_generation_tau_mu_e": [
            1.0000184240671297,
            4.387289554840888e-05,
            4.563958148301764e-08
          ],
          "ln_Y_tau_over_Y_mu": 10.034232265934627,
          "ln_Y_mu_over_Y_e": 6.8682766399175375,
          "ln_Y_tau_over_Y_e": 16.902508905852162
        },
        {
          "tau": 0.05,
          "multipliers_by_generation_tau_mu_e": [
            0.9999997834787475,
            0.9163585567196583,
            0.7792758768072782
          ],
          "Y_by_generation_tau_mu_e": [
            1.0000182957795674,
            4.1632794863458863e-05,
            3.9296728182334235e-08
          ],
          "ln_Y_tau_over_Y_mu": 10.08664065882058,
          "ln_Y_mu_over_Y_e": 6.965502210686395,
          "ln_Y_tau_over_Y_e": 17.052142869506973
        },
        {
          "tau": 0.1,
          "multipliers_by_generation_tau_mu_e": [
            0.9999995799093278,
            0.8397130797283711,
            0.6072708889838568
          ],
          "Y_by_generation_tau_mu_e": [
            1.000018092206379,
            3.815057123233668e-05,
            3.062299214908819e-08
          ],
          "ln_Y_tau_over_Y_mu": 10.17398791906394,
          "ln_Y_mu_over_Y_e": 7.127544905688363,
          "ln_Y_tau_over_Y_e": 17.301532824752304
        }
      ]
    },
    "down": {
      "sector": "down",
      "generation_order": "tau_mu_e_by_K_eigenvalue_ascending",
      "eigenvalues": [
        -0.00017784135675866976,
        4.163441605473421,
        9.251702222277896
      ],
      "first_order_q_values": {
        "q_tau": -7.7782445614276e-05,
        "q_mu": -1.7468725199544377,
        "q_e": -4.987809246518595
      },
      "sector_verdict": "JET_HEAT_STRENGTHENS_HIERARCHY",
      "curve": [
        {
          "tau": 0.0,
          "multipliers_by_generation_tau_mu_e": [
            0.9999999999999998,
            1.0000000000000002,
            1.0000000000000004
          ],
          "Y_by_generation_tau_mu_e": [
            1.0001778571714701,
            0.015553935190287213,
            9.594818783178775e-05
          ],
          "ln_Y_tau_over_Y_mu": 4.16361944683018,
          "ln_Y_mu_over_Y_e": 5.088260616804474,
          "ln_Y_tau_over_Y_e": 9.251880063634653
        },
        {
          "tau": 0.01,